PDB|||Mutation|||Mechanism|||Citation|||Quote
1A22|||CA182A|||||||||
1A22|||CB308A|||[disulfide bond]|||--- 1a22-001.pdf|||
1A22|||CB322A|||||||||
1A22|||DA171A|||[not documented]|||--- 1a22-000.pdf|||Alanine Scanning
1A22|||DB326A|||[not documented]|||--- 1a22-001.pdf|||Alanine Scanning
1A22|||DB364A|||[electrostatic]|||--- 1a22-001.pdf|||“hGH Arg64 interacts with Asp164 and Glu44 of the receptor.”
1A22|||EA174A|||[electrostatic]|||--- 1a22-000.pdf|||“The conversion of three Arg side chains (R64, R167, and R178) to Ala produced the greatest reductions in on-rate, but only ~2-fold. The conversion of two Glu side-chains (E65 and E174) to Ala caused the greatest increases in on-rate (nearly 2-fold improved).  This suggests that electrostatic interactions are the most important side-chain determinants in guiding the hormone to the receptor.”
1A22|||EA174A|||[not documented]|||--- 1a22-000.pdf|||Alanine Scanning
1A22|||EA56A|||[not documented]|||--- 1a22-000.pdf|||Alanine Scanning
1A22|||EA65A|||[electrostatic]|||--- 1a22-000.pdf|||“The conversion of three Arg side chains (R64, R167, and R178) to Ala produced the greatest reductions in on-rate, but only ~2-fold. The conversion of two Glu side-chains (E65 and E174) to Ala caused the greatest increases in on-rate (nearly 2-fold improved).  This suggests that electrostatic interactions are the most important side-chain determinants in guiding the hormone to the receptor.”
1A22|||EA65A|||[not documented]|||--- 1a22-000.pdf|||Alanine Scanning
1A22|||EB244A|||[electrostatic]|||--- 1a22-001.pdf|||Arg64 is one of the most important functional determinants from hGH (Cunningham & Wells, 1993), and the aliphatic portion of its side-chain packs directly against Trp169, while its guanido group interacts with Asp164 and Glu44 on the hGHbp.
1A22|||EB244A|||[hbond]|||--- 1a22-001.pdf|||hGH Arg64 interacts with Asp164 and Glu44 of the receptor.
1A22|||EB275A|||[not documented]|||--- 1a22-001.pdf|||Alanine Scanning
1A22|||EB320A|||[not documented]|||--- 1a22-001.pdf|||Alanine Scanning
1A22|||EB327A|||[salt bridge]|||--- 1a22-001.pdf|||“Glu127 of the receptor domain linker forms a salt bridge to Lys41 of hGH”
1A22|||FA176A|||[not documented]|||--- 1a22-000.pdf|||Alanine Scanning
1A22|||FA176Y|||||||||
1A22|||FA25A|||[not documented]|||--- 1a22-000.pdf|||Alanine Scanning
1A22|||HA18A|||[not documented]|||--- 1a22-000.pdf|||Alanine Scanning
1A22|||HA21A|||[not documented]|||--- 1a22-000.pdf|||Alanine Scanning
1A22|||IA179A|||[not documented]|||--- 1a22-000.pdf|||Alanine Scanning
1A22|||IB303A|||[not documented]|||--- 1a22-001.pdf|||Alanine Scanning
1A22|||IB305A|||[not documented]|||--- 1a22-001.pdf|||Alanine Scanning
1A22|||IB365A|||[hydrophobic]|||--- 1a22-001.pdf|||“The hydrophobic side-chains of Ile103, Ile105, Pro106 and Ile165 also make large apparent contributions (1.5 to 3.5 kcal/mol) and combine with the tryptophan residues to form a near-contiguous hydrophobic patch.“
1A22|||KA168A|||[not documented]|||--- 1a22-000.pdf|||Alanine Scanning
1A22|||KA172A|||[not documented]|||--- 1a22-000.pdf|||Alanine Scanning
1A22|||KB321A|||[not documented]|||--- 1a22-001.pdf|||Alanine Scanning
1A22|||KB367A|||[hbond]|||--- 1a22-001.pdf|||“Additional intermolecular hydrogen bonds are found between the carbonyl oxygen of Lys167 and Ne2 of hGH Asn68,”
1A22|||LA45A|||[not documented]|||--- 1a22-000.pdf|||Alanine Scanning
1A22|||NA63A|||[not documented]|||--- 1a22-000.pdf|||Alanine Scanning
1A22|||NB418A|||[not documented]|||--- 1a22-001.pdf|||Alanine Scanning
1A22|||NB418A|||[not hbond]|||--- 1a22-001.pdf|||“Receptor loop FGC is in contact with residues on helix 1 of hGH. This site contains many hydrophilic side-chains: receptor residues Arg217 and Asn218 cluster with hGH His18, His21 and Glu174 (Figure 3(d)). However, here no intermolecular hydrogen bonds are found.”
1A22|||PA48A|||[not documented]|||--- 1a22-000.pdf|||Alanine Scanning
1A22|||PA61A|||[not documented]|||--- 1a22-000.pdf|||Alanine Scanning
1A22|||PB306A|||[not documented]|||--- 1a22-001.pdf|||Alanine Scanning
1A22|||QA22A|||[not documented]|||--- 1a22-000.pdf|||Alanine Scanning
1A22|||QA46A|||[not documented]|||--- 1a22-000.pdf|||Alanine Scanning
1A22|||QA68A|||[not documented]|||--- 1a22-000.pdf|||Alanine Scanning
1A22|||QB274A|||[not documented]|||--- 1a22-001.pdf|||Alanine Scanning
1A22|||QB366A|||[not documented]|||--- 1a22-001.pdf|||Alanine Scanning
1A22|||RA167A|||[electrostatic]|||--- 1a22-000.pdf|||“The conversion of three Arg side chains (R64, R167, and R178) to Ala produced the greatest reductions in on-rate, but only ~2-fold. The conversion of two Glu side-chains (E65 and E174) to Ala caused the greatest increases in on-rate (nearly 2-fold improved).  This suggests that electrostatic interactions are the most important side-chain determinants in guiding the hormone to the receptor.”
1A22|||RA167A|||[not documented]|||--- 1a22-000.pdf|||Alanine Scanning
1A22|||RA178A|||[electrostatic]|||--- 1a22-000.pdf|||“The conversion of three Arg side chains (R64, R167, and R178) to Ala produced the greatest reductions in on-rate, but only ~2-fold. The conversion of two Glu side-chains (E65 and E174) to Ala caused the greatest increases in on-rate (nearly 2-fold improved).  This suggests that electrostatic interactions are the most important side-chain determinants in guiding the hormone to the receptor.”
1A22|||RA178A|||[electrostatic]|||--- 1a22-000.pdf|||“The conversion of three Arg side chains (R64, R167, and R178) to Ala produced the greatest reductions in on-rate, but only ~2-fold. The conversion of two Glu side-chains (E65 and E174) to Ala caused the greatest increases in on-rate (nearly 2-fold improved).  This suggests that electrostatic interactions are the most important side-chain determinants in guiding the hormone to the receptor.”
1A22|||RA178A|||[not documented]|||--- 1a22-000.pdf|||Alanine Scanning
1A22|||RA178K|||[electrostatic]|||--- 1a22-000.pdf|||“The conversion of three Arg side chains (R64, R167, and R178) to Ala produced the greatest reductions in on-rate, but only ~2-fold. The conversion of two Glu side-chains (E65 and E174) to Ala caused the greatest increases in on-rate (nearly 2-fold improved).  This suggests that electrostatic interactions are the most important side-chain determinants in guiding the hormone to the receptor.”
1A22|||RA178N|||[electrostatic]|||--- 1a22-000.pdf|||“The conversion of three Arg side chains (R64, R167, and R178) to Ala produced the greatest reductions in on-rate, but only ~2-fold. The conversion of two Glu side-chains (E65 and E174) to Ala caused the greatest increases in on-rate (nearly 2-fold improved).  This suggests that electrostatic interactions are the most important side-chain determinants in guiding the hormone to the receptor.”
1A22|||RA64A|||[electrostatic]|||--- 1a22-000.pdf|||“The conversion of three Arg side chains (R64, R167, and R178) to Ala produced the greatest reductions in on-rate, but only ~2-fold. The conversion of two Glu side-chains (E65 and E174) to Ala caused the greatest increases in on-rate (nearly 2-fold improved).  This suggests that electrostatic interactions are the most important side-chain determinants in guiding the hormone to the receptor.”
1A22|||RA64A|||[not documented]|||--- 1a22-000.pdf|||Alanine Scanning
1A22|||RA64K|||||||||
1A22|||RB243A|||[hbond]|||--- 1a22-001.pdf|||Arg43 makes hydrogen bonds with hGH Asp171 and Thr175
1A22|||RB243A|||[vanDerWaals]|||--- 1a22-001.pdf|||For some of these residues, mutagenesis strategies can be devised to directly probe indirect contributions to binding. For example, the most important polar residue in the functional epitope is Arg43, which contributes over 2.1 kcal/mol. Arg43 makes a salt bridge to hGH residue Asp171 and a hydrogen bond to Thr175 Figure 3, Figure 6; in addition, the alkyl portion of the side-chain underpins the indole ring of Trp169 through multiple van der Waals interactions, and also contacts Ile103 and Trp104 (Figure 6). We reasoned that substituting Arg43 for a residue with a long-chain aliphatic side-chain would decouple these contributions, removing the intermolecular polar interactions while maintaining the intramolecular packing. We therefore engineered and analyzed the mutants R43L and R43M, which provide nearly isosteric replacements for the alkyl portion of Arg43 but delete the guanidinium head group (Table 2). Surprisingly, we found that the R43L mutation destabilizes the complex by only 0.5 kcal/mol (1 kcal/mol for R43M). This implies that most of the energetic contribution reported by the alanine substitution can be accounted for by the intramolecular interactions of the alkyl portion of Arg43, and that the electrostatic interactions with hGH are relatively unimportant for affinity.
1A22|||RB243L|||[hbond]|||--- 1a22-001.pdf|||Arg43 makes hydrogen bonds with hGH Asp171 and Thr175
1A22|||RB243L|||[vanDerWaals]|||--- 1a22-001.pdf|||For some of these residues, mutagenesis strategies can be devised to directly probe indirect contributions to binding. For example, the most important polar residue in the functional epitope is Arg43, which contributes over 2.1 kcal/mol. Arg43 makes a salt bridge to hGH residue Asp171 and a hydrogen bond to Thr175 Figure 3, Figure 6; in addition, the alkyl portion of the side-chain underpins the indole ring of Trp169 through multiple van der Waals interactions, and also contacts Ile103 and Trp104 (Figure 6). We reasoned that substituting Arg43 for a residue with a long-chain aliphatic side-chain would decouple these contributions, removing the intermolecular polar interactions while maintaining the intramolecular packing. We therefore engineered and analyzed the mutants R43L and R43M, which provide nearly isosteric replacements for the alkyl portion of Arg43 but delete the guanidinium head group (Table 2). Surprisingly, we found that the R43L mutation destabilizes the complex by only 0.5 kcal/mol (1 kcal/mol for R43M). This implies that most of the energetic contribution reported by the alanine substitution can be accounted for by the intramolecular interactions of the alkyl portion of Arg43, and that the electrostatic interactions with hGH are relatively unimportant for affinity.
1A22|||RB243M|||[hbond]|||--- 1a22-001.pdf|||Arg43 makes hydrogen bonds with hGH Asp171 and Thr175
1A22|||RB243M|||[vanDerWaals]|||--- 1a22-001.pdf|||For some of these residues, mutagenesis strategies can be devised to directly probe indirect contributions to binding. For example, the most important polar residue in the functional epitope is Arg43, which contributes over 2.1 kcal/mol. Arg43 makes a salt bridge to hGH residue Asp171 and a hydrogen bond to Thr175 Figure 3, Figure 6; in addition, the alkyl portion of the side-chain underpins the indole ring of Trp169 through multiple van der Waals interactions, and also contacts Ile103 and Trp104 (Figure 6). We reasoned that substituting Arg43 for a residue with a long-chain aliphatic side-chain would decouple these contributions, removing the intermolecular polar interactions while maintaining the intramolecular packing. We therefore engineered and analyzed the mutants R43L and R43M, which provide nearly isosteric replacements for the alkyl portion of Arg43 but delete the guanidinium head group (Table 2). Surprisingly, we found that the R43L mutation destabilizes the complex by only 0.5 kcal/mol (1 kcal/mol for R43M). This implies that most of the energetic contribution reported by the alanine substitution can be accounted for by the intramolecular interactions of the alkyl portion of Arg43, and that the electrostatic interactions with hGH are relatively unimportant for affinity.
1A22|||RB271A|||[salt bridge]|||--- 1a22-001.pdf|||Arg71 forms a salt bridge to hGH Glu56…Arg71 buries 80 AÊ 2 of surface area upon binding, the fourth largest burial for any contact side-chain.
1A22|||RB417A|||[not documented]|||--- 1a22-001.pdf|||Alanine Scanning
1A22|||SA51A|||[not documented]|||--- 1a22-000.pdf|||Alanine Scanning
1A22|||SA62A|||[not documented]|||--- 1a22-000.pdf|||Alanine Scanning
1A22|||SB298A|||[not documented]|||--- 1a22-001.pdf|||Alanine Scanning
1A22|||SB302A|||[not documented]|||--- 1a22-001.pdf|||Alanine Scanning
1A22|||SB324A|||[not documented]|||--- 1a22-001.pdf|||Alanine Scanning
1A22|||SB419A|||[low impact]|||--- 1a22-001.pdf|||“Of the newly analyzed mutants, S219A has essentially unchanged af®nity compared to thewild-type protein”
1A22|||TA175A|||[not documented]|||--- 1a22-000.pdf|||Alanine Scanning
1A22|||TA175S|||||||||
1A22|||TB273A|||[not documented]|||--- 1a22-001.pdf|||Alanine Scanning
1A22|||TB301A|||||||||
1A22|||VB371A|||[not documented]|||--- 1a22-001.pdf|||Alanine Scanning
1A22|||WB276A|||[not documented]|||--- 1a22-001.pdf|||Alanine Scanning
1A22|||WB304F|||[not documented]|||--- 1a22-001.pdf|||Alanine Scanning
1A22|||YA164A|||[not documented]|||--- 1a22-000.pdf|||Alanine Scanning
1A22|||YA42A|||[not documented]|||--- 1a22-000.pdf|||Alanine Scanning
1A4Y_2|||DA435A|||[hbond] [hbond-waterMediated]|||----1a4y-papageorgiou1997.pdf|||Ang makes van der Waals contacts with Asp435. Finally, Arg5 and Gln12 of Ang form water-mediated hydrogen bonds with Ile436 and Asp435, respectively, of hRI (Table V).
1A4Y_2|||EA344A|||[hbond]|||----1a4y-papageorgiou1997.pdf|||The Trp89-Glu344 interaction is the only direct hydrogen bond between the two proteins in this region. However, there are three water-mediated hydrogen bonds: Ang Gly86 to both Glu206 and Trp263 of RI, and Ang Trp89 to Glu344 of RI (Table V).
1A4Y_2|||EA401A|||[vanDerWaals]|||----1a4y-papageorgiou1997.pdf|||Both of these RI residues also interact with Trp89 of Ang, as do Glu344 and Glu401.
1A4Y_2|||EB108A|||[vanDerWaals]  [low impact]|||----1a4y-papageorgiou1997.pdf|||The similarity of the consequences of the His114 and Tyr437 mutations suggests that the additional contacts of the tyrosine with Glu67, Ala106 and Glu108 of Ang (Table III) are weak. Indeed, Glu67 is partially disordered in the complex structure, and substitution of Glu108 by Ala has already been shown to have no adverse effect (Chen and Shapiro, 1997).
1A4Y_2|||HB114A|||[low impact]|||---1a4y-001.pdf|||In only a few cases do individual replacements have a substantial impact on binding… None of the other Ang mutations decrease binding energy by more than 1 kcal/mol, and only three ofthem (substitutions of His8, Arg32 and His114) produce G values greater than 0.5 kcal/mol.
1A4Y_2|||HB13A|||[low impact]|||----1a4y-papageorgiou1997.pdf|||Modifications of nine other Ang residues—His13, Arg31, Arg33, Lys50, Lys60, Arg66, Asn68, Arg70 and Glu108—had no significant effect on RI binding affinity.
1A4Y_2|||HB84A|||[low impact]|||---1a4y-001.pdf|||Substitutions of Trp261 and Lys320 of hRI, and His84 and Glu108 of Ang barely alter af®nity; these residues form only van der Waals contacts and the changes in non-polar ASA attributable to them are quite small.
1A4Y_2|||HB8A|||[hbond]|||----1a4y-papageorgiou1997.pdf|||More modest effects accompanied mutations of RI Ser460 and its hydrogen-bonding partners on Ang, His8 and Gln12.  The 8.5-fold increase in Ki for the des(460) RI derivative seems to be due largely to removal of the interaction of Ser460 with His8 rather than with Gln12, based on the relative changes produced by substituting these residues individually by Ala (4.6- and 1.6-fold, respectively).
1A4Y_2|||IA459A|||[vanDerWaals]|||----1a4y-papageorgiou1997.pdf|||Additional contacts rate involve the Ang-RI pairs Arg24-Asn93, Gln93-Tyr150, Asp41-Lys320, Arg121-Asp378, Ser37-Ile459 and Pro38-Ile459.
1A4Y_2|||KA320A|||[hbond]|||----1a4y-papageorgiou1997.pdf|||In molecule 2 of the non-crystallographicdimer, the carboxylate of Ang Asp41 forms a 2.8 ÅFigure 5A).Mutation of the Ang residue Arg5 to Ala also increasedhydrogen bond with theε-amino group of RI Lys320 thatis not present in molecule 1.
1A4Y_2|||KB40Q KB40G|||[hbond]|||----1a4y-papageorgiou1997.pdf|||In the hRI-Ang complex, the ε-amino group of the catalytic P1 residue Lys40 (Shapiro et al., 1989) forms two hydrogen bonds with the carboxylate of Asp435 of RI (Figure 5A). In addition, the alkyl portion of the Lys40 side chain runs across the Tyr434 ring, making numerous van der Waals contacts.
1A4Y_2|||KB40Q KB40G|||[salt bridge]|||----1a4y-papageorgiou1997.pdf|||The most dramatic effect of any single-site mutation was the 1300-fold weakening ofbinding due to replacement of the Ang residue Lys40 by Gln (Lee and Vallee, 1989). The magnitude of this change suggested that Lys40 forms a strong hydrogen bond with hRI, and evidence obtained by mutagenesis of hRI later identified Asp435 as its likely partner on the inhibitor (Chen and Shapiro, 1997). Thus, substitution of Asp435 by Ala decreased binding affinity to almost the same extent as the Lys40 mutation, and the complex of K40Q- Ang with D435A-RI was found to dissociate at the same rate as the complex of K40Q with native RI (Chen and Shapiro, 1997). The crystal structure reveals that there are in fact two salt bridges between the ε-amino group of Lys40 and the carboxylate of Asp435 (Table IV, Figure 5A).
1A4Y_2|||NB68A|||[low impact]|||----1a4y-papageorgiou1997.pdf|||Modifications of nine other Ang residues—His13, Arg31, Arg33, Lys50, Lys60, Arg66, Asn68, Arg70 and Glu108—had no significant effect on RI binding affinity.
1A4Y_2|||QB12A|||[hbond-waterMediated]|||----1a4y-papageorgiou1997.pdf|||Finally, Arg5 and Gln12 Ang form water-mediated hydrogen bonds with Ile436 and Asp435, respectively, of hRI (Table V).
1A4Y_2|||QB12A|||[hbond]|||----1a4y-papageorgiou1997.pdf|||Gln12 and His8 hydrogen-bond with Ser460 of hRI (Figure 5C); Gln12 is expected to be part of the P1 site.
1A4Y_2|||RB31A|||[hbond]|||----1a4y-papageorgiou1997.pdf|||Arg31 and Arg32, located at the end of α-helix 2 of Ang, engage in numerous interactions with the N-terminal region of RI. Arg31 is connected to Asp35 (of RI) via two hydrogen bonds and several van der Waals interactions, and Arg32 forms a single hydrogen bond and multiple van der Waals contacts with Asp36 (of RI) (Figure 5E).
1A4Y_2|||RB32A|||[hbond]|||----1a4y-papageorgiou1997.pdf|||Arg31 and Arg32, located at the end of α-helix 2 of Ang, engage in numerous interactions with the N-terminal region of RI. Arg31 is connected to Asp35 (of RI) via two hydrogen bonds and several van der Waals interactions, and Arg32 forms a single hydrogen bond and multiple van der Waals contacts with Asp36 (of RI) (Figure 5E).
1A4Y_2|||RB5A|||[hbond-waterMediated]|||----1a4y-papageorgiou1997.pdf|||Finally, Arg5 and Gln12 of Ang form water-mediated hydrogen bonds with Ile436 and Asp435, respectively, of hRI (Table V).
1A4Y_2|||RB5A|||[hbond]|||----1a4y-papageorgiou1997.pdf|||The P2 site residue Arg5 (Shapiro and Vallee, 1992; Russo et al., 1996) forms two hydrogen bonds with the carbonyl oxygen of Trp438 (Figure 5B) and van der Waals interactions with Ser439 and Glu440.
1A4Y_2|||RB5A|||[hbond]|||----1a4y-papageorgiou1997.pdf|||This change can again be explained by the loss of interactions with the C-terminal region of RI: the crystal structure shows two hydrogen bonds between the guanidino group of Arg5 and the main-chain carbonyl oxygen of Trp438 on RI (Table IV, Figure 5B).
1A4Y_2|||RB5A|||[info]|||----1a4y-papageorgiou1997.pdf|||Mutation of the Ang residue Arg5 to Ala also increased the dissociation constant markedly, in this case by 50-fold (Shapiro and Vallee, 1992).
1A4Y_2|||SA289A|||[hbond]|||---1a4y-001.pdf|||The intermolecular contacts formed are two direct hydrogen bonds (linking hRI residues Ser289 and Glu344 with Gly86 and Trp89 of Ang, respectively),
1A4Y_2|||WA261A|||[hydrophobic] [low impact]|||---1a4y-001.pdf|||Substitutions of Trp261 and Lys320 of hRI, and His84 and Glu108 of Ang barely alter af®nity; these residues form only van der Waals contacts and the changes in non-polar ASA attributable to them are quite small.
1A4Y_2|||WA263A|||[hbond-waterMediated]|||---1a4y-001.pdf|||The intermolecular contacts formed are two direct hydrogen bonds (linking hRI residues Ser289 and Glu344 with Gly86 and Trp89 of Ang, respectively), two water-mediated hydrogen bonds (between hRI Trp263 and Glu344, and Ang Gly86 and Trp89, respectively) …
1A4Y_2|||WA263A|||[hydrophobic]|||---1a4y-001.pdf|||The degree of shape complementarity between the hRI and Ang surfaces at the interface is high, in general, but is particularly impressive in two regions with concentrations of contact residues: that containing hRI residues 434 to 438 and 460 and the active site of Ang, and that formed by tryptophan residues at positions 261, 263 and 318 of hRI and the Trp89 loop of Ang.
1A4Y_2|||WA263A|||[hydrophobic]|||---1a4y-001.pdf|||The mutational results also conform to the guidelines outlined in many cases where less extensive decreases in af®nity, or none at all, were measured. hRI Trp263, Trp318 and Trp375, whose replacements produce G values of 1.0-1.5 kcal/ mol, undergo 34-60 AÊ 2 reductions in hydrophobic ASA upon complex formation.
1A4Y_2|||WA318A|||[hydrophobic]|||----1a4y-papageorgiou1997.pdf|||Trp318 and Trp375 effectively envelop Pro88 of Ang, making a total of 15 van der Waals contacts.
1A4Y_2|||WA318A|||[hydrophobic]|||---1a4y-001.pdf|||The degree of shape complementarity between the hRI and Ang surfaces at the interface is high, in general, but is particularly impressive in two regions with concentrations of contact residues: that containing hRI residues 434 to 438 and 460 and the active site of Ang, and that formed by tryptophan residues at positions 261, 263 and 318 of hRI and the Trp89 loop of Ang.
1A4Y_2|||WA318A|||[hydrophobic]|||---1a4y-001.pdf|||The mutational results also conform to the guidelines outlined in many cases where less extensive decreases in af®nity, or none at all, were measured. hRI Trp263, Trp318 and Trp375, whose replacements produce G values of 1.0-1.5 kcal/ mol, undergo 34-60 AÊ 2 reductions in hydrophobic ASA upon complex formation.
1A4Y_2|||WA375A|||[hydrophobic]|||---1a4y-001.pdf|||The degree of shape complementarity between the hRI and Ang surfaces at the interface is high, in general, but is particularly impressive in two regions with concentrations of contact residues: that containing hRI residues 434 to 438 and 460 and the active site of Ang, and that formed by tryptophan residues at positions 261, 263 and 318 of hRI and the Trp89 loop of Ang.
1A4Y_2|||WA375A|||[hydrophobic]|||---1a4y-001.pdf|||The mutational results also conform to the guidelines outlined in many cases where less extensive decreases in af®nity, or none at all, were measured. hRI Trp263, Trp318 and Trp375, whose replacements produce G values of 1.0-1.5 kcal/ mol, undergo 34-60 AÊ 2 reductions in hydrophobic ASA upon complex formation.
1A4Y_2|||WB89A|||[hbond]|||----1a4y-papageorgiou1997.pdf|||Trp318 and Trp375 effectively envelop Pro88 of Ang, making a total of 15 van der Waals contacts. Both of these RI residues also interact with Trp89 of Ang, as do Glu344 and Glu401. The Trp89-Glu344 interaction is the only direct hydrogen bond between the two proteins in this region.
1A4Y_2|||YA434F YA434A|||[vanDerWaals]|||----1a4y-papageorgiou1997.pdf|||The hRI-Ang structure does not account for the kinetic properties of the RI mutant Y434A, which binds to Ang 246-fold less tightly than does native RI. Although Tyr434 makes seven van der Waals contacts with Lys40 of Ang (Figure 5A) and becomes almost completely buried upon complex formation (Figure 6), the effects of mutating Tyr434 and Lys40 are completely additive (Chen and Shapiro, 1997). This independence suggests that these two residues do not engage in energetically significant interactions with each other. It also indicates that the effect of the Tyr434 mutation on Ki does not stem from a perturbation of its important neighbour, Asp435.
1A4Y_2|||YA437F YA437A|||[vanDerWaals]|||----1a4y-papageorgiou1997.pdf|||Glu108, which lies within or near the B2 site of Ang (Curran et al., 1993; Acharya et al., 1994), contacts Tyr437, Ser439 and Glu440 of RI; another possible B2 component, Ala106, also interacts with Tyr437.
1A4Y_2|||YA437F YA437A|||[vanDerWaals]|||----1a4y-papageorgiou1997.pdf|||LOTS of VanDerWaals contacts.Another essential P1 component, His114 (Shapiro and Vallee, 1989), forms several van der contacts with Tyr437 (Figure 5B).
1ACB|||LI45G LI45S LI45P LI45I LI45D LI45E|||[Exterior knowledge]||||||Preferences in chymotrypsin prefer hydrophobic sidechains.  So of course the D, E, mutations will not work.  Proline fails because it lacks the ability to make a hydrogen bond on the backbone.  G, S, and I appear neutral because they are otherwise hydrophobic but make the hydrogen bond backbone.LI45G		-- Neutral mutationLI45S		-- Neutral mutationLI45P		--deleterious mutation--1acb-000.pdfLI45I		-- Neutral mutationLI45D		--deleterious mutation--1acb-000.pdfLI45E		--deleterious mutation--1acb-000.pdf
1ACB|||LI45G LI45S LI45P LI45I LI45D LI45E|||[HBond]|||---1acb-frigerio1992.pdf|||“In the reactive-site region, specific and direct interactions between the enzyme and the inhibitor occur between sites P5 and PS3’, and involve the primary recognition event, at the S,-P, sites, between the primary specificity pocket of CHT (Alpha-Chymotrypsin) and the side-chain of Eglin C residue Leu45I (P1) (Fig. 10). As shown in Table 4, the hydrogen-bonding pattern observed in the CHT-EGc (re)active-site contact region is in good agreement with that observed for other serine proteinase-inhibitor complexes from the chymotrypsin family and is identical, between sites P3 and PZ,, with that reported by Fujinaga et al. (1987) for the CHT-OMTKY 3 complex.”
1ACB|||LI45G LI45S LI45P LI45I LI45D LI45E|||[HBond]|||--1acb-000.pdf|||“Upon complex formation, the P1 residue of the inhibitor becomes imbedded in the S1 cavity of the enzyme. In most natural trypsin inhibitors, the P1 residue is Arg or Lys. In chymotrypsin inhibitors, it is an aromatic amino acid or Leu or Met, and in porcine pancreatic elastase inhibitors, it is Leu or Ala.”
1ACB|||LI45G LI45S LI45P LI45I LI45D LI45E|||[HBond]|||--1acb-frigerio1992.pdf|||The binding mode of the EGc scissile peptide bond to the active site of CHT follows the stereo-chemical rules observed for other serine proteinases, “small” inhibitors obeying the “standard” inhibition mechanism (Laskowski & Kato, 1980). In particular, two hydrogen bonds connect the Leu45I (.P1) carbonyl oxygen atom to the peptide nitrogen atoms of Gly193 and Ser195 (see Table 4), the Ser195 OG to Leu 45I C contact distance being2.75 A, i.e. shorter than an O-C van der Waals’ contact.
1AHW|||DC178A|||[not documented]||||||
1AHW|||NC199A|||[vanDerWaals]|||---1ahw-000.pdf|||“The crystal structure of TF shows that Ser195, Arg196, Asn199, Arg200, and Lys201 are in a loop linking b-strands F and G; the loop conformation appears to be stabilized by the Arg196 guanidinium side-chain that is deeply buried in a pocket formed by Asn105, Phe147 and Glu199. Mutational deletion of Arg196 may alter the conformation of the loop, displace the key interacting residues Arg200 and Lys201, and thus abolish the recognition of TF by Fab 5G9. A similar argument could be used to explain the effect of mutation on Asn199, which has little side-chain (0.4 AÊ 2) interaction with 5G9 but has a measurable effect on 5G9 binding (G of 1.1 kcal/mol) upon alanine replacement.”
1AHW|||TC167A|||[low impact]|||----1ahw-000.pdf|||“Mutations of other C0-strand residues of TF (T167A and T170A mutants) have only unmeasurable or small effects on TFVIIa inhibition (G of 0.0 and 1.0 kcal/mol, respectively), which is readily explained by the TF5G9 structure. The TF C0-strand uses mostly its main-chain atoms to make hydrogen bonds with Fab 5G9's light chain (four out of five hydrogen bonds, Table 5), with the only exception being the side-chain of the key Lys169 residue. These data imply that Fab 5G9's interaction with the TF C0-strand is largely specified by TF main-chain atoms.“
1AHW|||TC170A|||[low impact]|||----1ahw-000.pdf|||“Mutations of other C0-strand residues of TF (T167A and T170A mutants) have only unmeasurable or small effects on TFVIIa inhibition (G of 0.0 and 1.0 kcal/mol, respectively), which is readily explained by the TF5G9 structure. The TF C0-strand uses mostly its main-chain atoms to make hydrogen bonds with Fab 5G9's light chain (four out of five hydrogen bonds, Table 5), with the only exception being the side-chain of the key Lys169 residue. These data imply that Fab 5G9's interaction with the TF C0-strand is largely specified by TF main-chain atoms.“
1AHW|||TC197A|||[not documented]||||||
1AHW|||VC198A|||[not documented]||||||
1AK4|||AD488V AD488G|||[vanDerWaals]|||---1ak4-000.pdf|||“The CA151/CypA structure exhibits other van der Waals interactions between CypA and CAside-chains that could contribute to binding specificity. For example, the CA Ala88 methyl groupmakes van der Waals interactions with CypA Gln111, Ala101, Asn102 and Ala103. The CA Ala88 to Gly mutation removes these interactions and decreases the CypA binding affinity by 2.2 kcal/mol.  In contrast, the favorable van der Waals interactions at the Cb position are presumably maintained in an Ala88 to Val mutation, since this mutation reduces CypA binding by only 0.6 kcal/mol.”
1AK4|||AD492V AD492G|||[vanDerWaals]|||---1ak4-000.pdf|||“The CA151/CypA structure exhibits other van der Waals interactions between CypA and CAside-chains that could contribute to binding specificity…..A similar, but less dramatic effect is seen at position 92, where the Ala92 methyl group interacts with CypA Phe60 and the CA Ala92 to Gly and Val mutations reduce CypA binding affinity by 0.5 and 0.4 kcal/mol, respectively.”
1AK4|||GD489V GD489A|||[conformational] [steric]|||---1ak4-000.pdf|||“The mutational analyses further revealed that CA Gly89 is also a major determinant of CypA recognition, since mutation of Gly89 to Ala or Val reduced the CypA binding by 2.0 and 2.9 kcal/mol, respectively. The CA151/CypA co-crystal structure shows that Gly89 contributes to CypA binding affinity in two different ways. First, Gly89 adopts phi/psi angles (148/155) that are less favored for non-glycine residues. Moreover, the lack of a sidechain at Gly89 allows this residue to fit snugly against the CypA active site, whereas a b-carbon atom at this position would exhibit steric clash with CypA Arg55 NZ2 and Gln63 Od1. The unusual torsion angles and tight ®t of Gly89 in the CypA active site appear critically important, because they allow the Gly89-Pro90 peptide bond to adopt an unprecedented trans conformation. This is in contrast to all previously characterized model peptide complexes with CypA, in which the peptide proline residue was always in the cis conformation (Kallen & Walkinshaw, 1992; Ke et al., 1993;Kakalis & Armitage, 1994; Zhao & Ke, 1996a,b). The trans-Pro90 conformation, in turn, orients the preceding capsid residues down into the CypA active site groove, where they make a series of favorable contacts (Figure 6(a)). The structure therefore clearly rationalizes why adding steric bulk to the Gly89 side-chain is energetically unfavorable.”
1AK4|||HD487Q HD487R HD487A|||[hbond]|||---1ak4-000.pdf|||“A third determinant of CypA binding specificity is His87, which contributes to CypA binding byforming a van der Waals interaction (CA His87 Ce to CypA Thr73 Cg) and an intermolecular hydrogen bond (CA His87 Nd to CypA Asn71 O) across the CA/CypA interface. Mutation of His87 to Ala removes these interactions and decreases the binding affinity by 0.9 kcal/mol.”
1AK4|||ID491A ID491V|||[low impact]|||---1ak4-000.pdf|||“Uniquely, mutations at the CA Ile91 residue had no measurable effect on the energy of CypA binding. Consistent with this observation, Ile91 is the only capsid residue in the CypA binding loop whose side-chain projects directly out of the CypA active site and makes no intermolecular contact (see Figure 6(a)). An initial measurement suggested that the Ile91 to Ala mutation mutation might actually increase the CypA binding energy slightly, but this observation proved statistically insignificant (see Table 2). Similarly, a CA Ile91 to Val mutation had no effect on CypA binding.”
1AK4|||PD485A|||[vanDerWaals]|||---1ak4-000.pdf|||Finally, the energetic contributions of other side-chain positions that make van der Waals interactions with CypA, Pro85 Cd, Val86 Cg, and Pro93 Cg, were tested with alanine mutations. These mutations reduced the CypA binding af®nity by 0.6, 0.6 and 0.3 kcal/mol, respectively.
1AK4|||PD485A||||||--1ak4-000.pdf, abstract--1ak4-000.pdf|||
1AK4|||PD490A|||[hydrophobic] [steric]|||---1ak4-000.pdf|||“The CA151/CypA co-crystal structure indicated that CA Pro90 should be a major determinant of CypA binding, because the proline ring is buried in a deep hydrophobic pocket formed by CypA residues Phe60, Met61, Phe113 and Leu122. Analogous binding of proline residues has been observed in a number of cyclophilin A peptide complexes (Kallen & Walkinshaw, 1992; Ke et al., 1993; Zhao & Ke, 1996a,b). Detailed examination of the structure suggested that an Ala90 side-chain could be accommodated in the CypA binding pocket, albeit with the loss of favorable binding interactions at the Pro90 Cg and Cd positions, whereas any larger side-chain should clash with the sides of the proline binding pocket. For example, a b-branched side-chain at CA residue 90 is predicted to clash with the CypA Leu122 sidechain. Consistent with this analysis, mutation of CA Pro90 to Ala reduced the CypA binding affinity by 2.1 kcal/mol, while mutation of Pro90 to Val resulted in immeasurably low (>3 kcal/mol reduced) CypA binding affinity.”
1AK4|||PD493A|||[vanDerWaals]|||---1ak4-000.pdf|||Finally, the energetic contributions of other side-chain positions that make van der Waals interactions with CypA, Pro85 Cd, Val86 Cg, and Pro93 Cg, were tested with alanine mutations. These mutations reduced the CypA binding af®nity by 0.6, 0.6 and 0.3 kcal/mol, respectively.
1AK4|||VD486A|||[vanDerWaals]|||---1ak4-000.pdf|||Finally, the energetic contributions of other side-chain positions that make van der Waals interactions with CypA, Pro85 Cd, Val86 Cg, and Pro93 Cg, were tested with alanine mutations. These mutations reduced the CypA binding af®nity by 0.6, 0.6 and 0.3 kcal/mol, respectively.
1AO7|||AA149G|||[Note]||||||not mentioned in the papers except one, where it gets “-” to reduce affinity.
1AO7|||AA150G|||[Skipped]||||||TCR/pMHC
1AO7|||AA150P|||[Skipped]||||||TCR/pMHC
1AO7|||AA158G|||[Skipped]||||||TCR/pMHC
1AO7|||AA69G|||[Skipped]||||||TCR/pMHC
1AO7|||AE99K|||[Skipped]||||||TCR/pMHC
1AO7|||AE99M|||[Skipped]||||||TCR/pMHC
1AO7|||DD26A|||[Skipped]||||||TCR/pMHC
1AO7|||DD26M|||[Skipped]||||||TCR/pMHC
1AO7|||DD26V|||[Skipped]||||||TCR/pMHC
1AO7|||DD26W|||[Skipped]||||||TCR/pMHC
1AO7|||DD99A|||[Skipped]||||||TCR/pMHC
1AO7|||EA154A|||[Skipped]||||||TCR/pMHC
1AO7|||EA166A|||[Skipped]||||||TCR/pMHC
1AO7|||EA58A|||[Skipped]||||||TCR/pMHC
1AO7|||EE30A|||[Skipped]||||||TCR/pMHC
1AO7|||GD28A|||[Skipped]||||||TCR/pMHC
1AO7|||GD28I|||[Skipped]||||||TCR/pMHC
1AO7|||GD28L|||[Skipped]||||||TCR/pMHC
1AO7|||GD28M|||[Skipped]||||||TCR/pMHC
1AO7|||GD28R|||[Skipped]||||||TCR/pMHC
1AO7|||GD28T|||[Skipped]||||||TCR/pMHC
1AO7|||GD28V|||[Skipped]||||||TCR/pMHC
1AO7|||GE100S|||[Skipped]||||||TCR/pMHC
1AO7|||GE101A|||[Skipped]||||||TCR/pMHC
1AO7|||GE101P|||[Skipped]||||||TCR/pMHC
1AO7|||HA151A|||[Skipped]||||||TCR/pMHC
1AO7|||KA68A|||[Skipped]||||||TCR/pMHC
1AO7|||KD68A|||[Skipped]||||||TCR/pMHC
1AO7|||KD68H|||[Skipped]||||||TCR/pMHC
1AO7|||LC1A|||[Skipped]||||||TCR/pMHC
1AO7|||ND52A|||[Skipped]||||||TCR/pMHC
1AO7|||PE103A|||[Skipped]||||||TCR/pMHC
1AO7|||QA155A|||[Skipped]||||||TCR/pMHC
1AO7|||QA72A|||[Skipped]||||||TCR/pMHC
1AO7|||QD30E|||[Skipped]||||||TCR/pMHC
1AO7|||QD30L|||[Skipped]||||||TCR/pMHC
1AO7|||QD30N|||[Skipped]||||||TCR/pMHC
1AO7|||QD30V|||[Skipped]||||||TCR/pMHC
1AO7|||RA170A|||[Skipped]||||||TCR/pMHC
1AO7|||RD27A|||[Skipped]||||||TCR/pMHC
1AO7|||RD27F|||[Skipped]||||||TCR/pMHC
1AO7|||RD27P|||[Skipped]||||||TCR/pMHC
1AO7|||RE102A|||[Skipped]||||||TCR/pMHC
1AO7|||RE102P|||[Skipped]||||||TCR/pMHC
1AO7|||RE102Q|||[Skipped]||||||TCR/pMHC
1AO7|||RE95A|||[Skipped]||||||TCR/pMHC
1AO7|||SD100A|||[Skipped]||||||TCR/pMHC
1AO7|||SD100N|||[Skipped]||||||TCR/pMHC
1AO7|||SD100T|||[Skipped]||||||TCR/pMHC
1AO7|||SD100Y|||[Skipped]||||||TCR/pMHC
1AO7|||SD31A|||[Skipped]||||||TCR/pMHC
1AO7|||SD51M|||[Skipped]||||||TCR/pMHC
1AO7|||TA163A|||[Skipped]||||||TCR/pMHC
1AO7|||TA73A|||[Skipped]||||||TCR/pMHC
1AO7|||TD93A|||[Skipped]||||||TCR/pMHC
1AO7|||TD98A|||[Skipped]||||||TCR/pMHC
1AO7|||VA152A|||[Skipped]||||||TCR/pMHC
1AO7|||VC7R|||[Skipped]||||||TCR/pMHC
1AO7|||WA167A|||[Skipped]||||||TCR/pMHC
1AO7|||WD101A|||[Skipped]||||||TCR/pMHC
1AO7|||YA159A|||[Skipped]||||||TCR/pMHC
1AO7|||YC5A|||[Skipped]||||||TCR/pMHC
1AO7|||YC5F|||[Skipped]||||||TCR/pMHC
1AO7|||YC5W|||[Skipped]||||||TCR/pMHC
1AO7|||YD50A|||[Skipped]||||||TCR/pMHC
1B2U|||AA27K|||[Electrostatic]|||---1b2u-000.pdf|||Existing knowledge.“The OD1 atom of Asp39b* is 4.5 ~ away from the NZ group of Lys27bn (Figure 2).“
1B2U|||AA27K|||[Error]|||---1b2u-000.pdf|||FLIPPED MUTANT.  This is referring to LYS27 in the WT.  It is Alanine in this structure, because the structure is a mutant.(mutation on barnase)
1B2U|||AA27K|||[hbond]|||---1b2u-000.pdf|||Lys27bn also forms a hydrogen bond with Thr42b*, and the mutation Thr42b* --+ Ala reduces the binding energy by 1.8 kcal/mol.
1B2U|||AA27K||||||---1b2u-vaughan1999.pdf|||At the other side of the wild-type interface Lys27bn is situated on the ®rst turn of a2-helix of barnase. It is involved in two direct hydrogen-bonding interactions with Thr42bs and Trp38bs (Figure 2(c); Table 2). Lys27bn NZ makes a further three hydrogen bonds to barstar mediated by inter-facial water molecules: Wat95, which bridges a hydrogen bond with Asp39bs, and Wat54 and Wat231 which bridge to Trp38bs.
1B2U|||AD36D|||[Error]|||---1b2u-000.pdf|||FLIPPED MUTANT.  This is referring to D36 in the WT barstar.  It is Alanine in this structure, because the structure is a mutant.NUMBERING ISSUE.  There are numbering problems elsewhere on this structure, because another critical aspartate, D39, is D40 in this structure.  The paper 1b2u-vaughan1999 (the publication responsible for the structure 1b2u) refers to this residue as D35, instead of D36, even though it is residue 35 in the structure.
1B2U|||AD36D|||[electrostatic]|||---1b2u-000.pdf|||“Figure 2...  The long-range charge-charge interaction between Lys27bn and Asp35bs.”
1B3S|||AA102H|||[hBond]|||--1b2u-vaughan1999|||[note] FLIPPED MUTANT: H102A (mutation on barnase, chain A). This is referring to HIS102 in the WT.  It is Alanine in this structure, because the structure is a mutant.His102bn makes two hydrogen bonds with barstar; one with Gly31bs N, the other with a carboxyl oxygen atom of Asp39bs (Table 2; Figure 2(a)). A single water molecule, Wat18, also fills this deep pocket on the barstar surface. Tyr29bs adopts a strained conformation in the wild-type, with w2 of 65 . It has been suggested that this conformation confers favourable geometry to the two hydrogen bonds made by the hydroxyl group of the Tyr29bs side-chain to Arg83bn O and Asn84bn O (Buckle et al., 1994).
1B3S|||AA102H|||[packing interaction]|||--1b2u-vaughan1999|||In the wild-type structure the side-chains of His102bn and Tyr29bs pack against one another in an unusual face-to-edge interaction. His102bn is buried in a deep pocket on the barstar surface;Tyr29bs is one of the residues lining this pocket and is situated at the edge of the interface (Figure 1(b)).
1B3S|||AA102H|||[vanDerWaals]|||--1b2u-vaughan1999|||the first mutant deletes a van der Waals packing interaction between His102bn and Tyr29bs;
1B3S|||FD30Y|||[hBond]|||--1b2u-vaughan1999|||[note] FLIPPED MUTANT: Y29F(mutation on barstar, chain D).  Residue 30 in the structure. This is referring to Y29 in the WT barstar.  It is PHE in this structure, because the structure is a mutant.[note] NUMBERING ISSUE.  There are numbering problems on this structure.  The paper 1b2u-vaughan1999 (the publication responsible for the structure 1b2u) refers to this residue as Y29, instead of Y30 (when referring to the wildtype.Tyr29bs adopts a strained conformation in the wild-type, with w2 of 65 . It has been suggested that this conformation confers favourable geometry to the two hydrogen bonds made by the hydroxyl group of the Tyr29bs side-chain to Arg83bn O and Asn84bn O (Buckle et al.,1994).
1B3S|||FD30Y|||[vanDerWaals]|||--1b2u-vaughan1999|||the first mutant deletes a van der Waals packing interaction between His102bn and Tyr29bs;
1B41|||AB12S|||[Not Documented]||||||
1B41|||HB29K|||[electrostatic]|||---1b41-000.pdf|||Among a large but not exhaustive number of experimentally tested mutations we found three, H29R, H29K, and N47R, that significantly improve binding affinity.  The improvement in affinity for H29R and H29K is due to improvement in both kon and koff. Structural analysis showed that the WT His at position 29 does not participate in any intermolecular interactions with tAChE/hAChE. Mutation of His to either R or K improves electrostatic interaction with the enzyme (resulting in kon enhancement) and creates direct hydrogen bonds with the enzyme.
1B41|||HB29R|||[electrostatic]|||---1b41-000.pdf|||Among a large but not exhaustive number of experimentally tested mutations we found three, H29R, H29K, and N47R, that significantly improve binding affinity.  The improvement in affinity for H29R and H29K is due to improvement in both kon and koff. Structural analysis showed that the WT His at position 29 does not participate in any intermolecular interactions with tAChE/hAChE. Mutation of His to either R or K improves electrostatic interaction with the enzyme (resulting in kon enhancement) and creates direct hydrogen bonds with the enzyme.
1B41|||KB32R|||[Not Documented]||||||
1B41|||LB35W|||[Not Documented]||||||
1B41|||MB33F|||[Not Documented]||||||
1B41|||MB33L|||[Not Documented]||||||
1B41|||MB33Q|||[Not Documented]||||||
1B41|||MB33Y|||[Not Documented]||||||
1B41|||NB47F|||[electrostatic]|||---1b41-000.pdf|||Among a large but not exhaustive number of experimentally tested mutations we found three, H29R, H29K, and N47R, that significantly improve binding affinity.  The improvement in affinity for H29R and H29K is due to improvement in both kon and koff. Structural analysis showed that the WT His at position 29 does not participate in any intermolecular interactions with tAChE/hAChE. Mutation of His to either R or K improves electrostatic interaction with the enzyme (resulting in kon enhancement) and creates direct hydrogen bonds with the enzyme.
1B41|||NB47R|||[electrostatic]|||---1b41-000.pdf|||Among a large but not exhaustive number of experimentally tested mutations we found three, H29R, H29K, and N47R, that significantly improve binding affinity.  The improvement in affinity for H29R and H29K is due to improvement in both kon and koff. Structural analysis showed that the WT His at position 29 does not participate in any intermolecular interactions with tAChE/hAChE. Mutation of His to either R or K improves electrostatic interaction with the enzyme (resulting in kon enhancement) and creates direct hydrogen bonds with the enzyme.
1B41|||NB47W|||[electrostatic]|||---1b41-000.pdf|||Among a large but not exhaustive number of experimentally tested mutations we found three, H29R, H29K, and N47R, that significantly improve binding affinity.  The improvement in affinity for H29R and H29K is due to improvement in both kon and koff. Structural analysis showed that the WT His at position 29 does not participate in any intermolecular interactions with tAChE/hAChE. Mutation of His to either R or K improves electrostatic interaction with the enzyme (resulting in kon enhancement) and creates direct hydrogen bonds with the enzyme.
1B41|||RB11K|||[Not Documented]||||||
1B41|||RB27F|||[Not Documented]||||||
1B41|||RB27M|||[Not Documented]||||||
1B41|||RB27Y|||[Not Documented]||||||
1B41|||TB8V|||||||||
1B41|||TB9I|||||||||
1B41|||TB9N|||||||||
1B41|||VB34T|||[Not Documented]||||||
1BD2|||DD30N|||[TCR/pMHC]|||---1bd2-ding1998.pdf|||
1BD2|||RA65A|||[TCR/pMHC]|||---1bd2-ding1998.pdf|||
1BD2|||YC5F|||[TCR/pMHC]|||---1bd2-ding1998.pdf|||
1BD2|||YC5W|||[TCR/pMHC]|||---1bd2-ding1998.pdf|||
1BD2|||YC8A|||[TCR/pMHC]|||---1bd2-ding1998.pdf|||
1BD2|||YE104A|||[TCR/pMHC]|||---1bd2-ding1998.pdf|||
1BJ1|||HH101Y|||[not documented]|||-1bj1-001.pdf|||None of these appear to be structurally documented in the paper.  The paper documents the mutations on tables in 1bj1-001.pdf, but there is no discussion of their mechanism.  Basically the paper is a description of what happens to affinity with different mutations only.
1BJ1|||HH101Y||||||--1bj1-muller1998.pdf|||
1BJ1|||HH107A|||[not documented]|||-1bj1-001.pdf|||None of these appear to be structurally documented in the paper.  The paper documents the mutations on tables in 1bj1-001.pdf, but there is no discussion of their mechanism.  Basically the paper is a description of what happens to affinity with different mutations only.
1BJ1|||NH31H|||[not documented]|||-1bj1-001.pdf|||None of these appear to be structurally documented in the paper.  The paper documents the mutations on tables in 1bj1-001.pdf, but there is no discussion of their mechanism.  Basically the paper is a description of what happens to affinity with different mutations only.
1BJ1|||SH105T|||[not documented]|||-1bj1-001.pdf|||None of these appear to be structurally documented in the paper.  The paper documents the mutations on tables in 1bj1-001.pdf, but there is no discussion of their mechanism.  Basically the paper is a description of what happens to affinity with different mutations only.
1BJ1|||TH59A|||[not documented]|||-1bj1-001.pdf|||None of these appear to be structurally documented in the paper.  The paper documents the mutations on tables in 1bj1-001.pdf, but there is no discussion of their mechanism.  Basically the paper is a description of what happens to affinity with different mutations only.
1BJ1|||YH54A|||[not documented]|||-1bj1-001.pdf|||None of these appear to be structurally documented in the paper.  The paper documents the mutations on tables in 1bj1-001.pdf, but there is no discussion of their mechanism.  Basically the paper is a description of what happens to affinity with different mutations only.
1BJ1|||YH54W|||[not documented]|||-1bj1-001.pdf|||None of these appear to be structurally documented in the paper.  The paper documents the mutations on tables in 1bj1-001.pdf, but there is no discussion of their mechanism.  Basically the paper is a description of what happens to affinity with different mutations only.
1BJ1|||YH99A|||[not documented]|||-1bj1-001.pdf|||None of these appear to be structurally documented in the paper.  The paper documents the mutations on tables in 1bj1-001.pdf, but there is no discussion of their mechanism.  Basically the paper is a description of what happens to affinity with different mutations only.
1BP3|||DA171A|||[electrostatic]|||--1bp3-000.pdf|||Part of the charged cluster that enhances binding with hPRLr rather than hGHr. Major part of the charged cluster that forms the epitope that is recognized by the hPRLr receptor.
1BP3|||EA174A|||[IonBinding] [electrostatic]|||-- 1bp3-000.pdf|||Three residues (His-18, His-21, and Glu-174) along with His-188 from the hPRLbp are proposed to comprise the binding site for Zn2+ that is required for tight binding of hGH to the hPRLbp(10).
1BP3|||EA174A||||||-- 1bp3-somers1994.pdf|||“... there are some, denoted specificity determinants, that are critical for binding one of the receptors and not the other (9,12), most importantly R167 and E 174.”
1BP3|||EA65A|||[not documented]||||||Influential binder though.
1BP3|||FA176A|||[ElectrostaticFocusing]|||---1bp3-000.pdf|||This strongly electropositive charge cluster is surrounded by a series of important hydrophobic residues (Phe-25, Ile-58, Tyr-164, and Phe-176).
1BP3|||FA176A||||||--1bp3-000.pdf|||“For example, Ile-58, Lys-172, and Phe-176 are important for binding to both receptors (Fig. 2C).”
1BP3|||FA25A|||[ElectrostaticFocusing]|||-- 1bp3-000.pdf|||This strongly electropositive charge cluster is surrounded by a series of important hydrophobic residues (Phe-25, Ile-58, Tyr-164, and Phe-176).
1BP3|||HA18A|||[IonBinding]|||--1bp3-000.pdf|||Three residues (His-18, His-21, and Glu-174) along with His-188 from the hPRLbp are proposed to comprise the binding site for Zn2+ that is required for tight binding of hGH to the hPRLbp(10).
1BP3|||HA21A|||[IonBinding]|||--1bp3-000.pdf|||Three residues (His-18, His-21, and Glu-174) along with His-188 from the hPRLbp are proposed to comprise the binding site for Zn2+ that is required for tight binding of hGH to the hPRLbp(10).
1BP3|||IA179A|||[not documented]||||||
1BP3|||IA179M|||[not documented]||||||
1BP3|||KA168A|||[electrostatic]|||--1bp3-000.pdf|||Major part of the charged cluster that forms the epitope that is recognized by the hPRLr receptor.
1BP3|||KA172A|||[electrostatic]|||---1bp3-000.pdf|||“For example, Ile-58, Lys-172, and Phe-176 are important for binding to both receptors (Fig. 2C).”
1BP3|||NA63A|||[not documented]||||||Influential binder though.
1BP3|||QA68A|||[not documented]||||||
1BP3|||RA167A|||[Ionbinding] [electrostatic]|||-- bp3-somers1994.pdf|||“... there are some, denoted specificity determinants, that are critical for binding one of the receptors and not the other (9,12), most importantly R167 and E 174.”
1BP3|||RA178A|||[electrostatic]|||--1bp3-000.pdf|||The alanine substitutions causing a >4-fold reduction in binding affinity to the hPRLbp are in the central portion of helix 1 …  and the middle ofhelix 4 (comprising Arg-167, Lys-168, Lys-172, Glu-174, Phe-176, and Arg-178). These 12 residues form a patch when mapped on a structural model of hGH (Fig. 2A). The most disruptive alanine substitutions in helix 1 and helix 4 project in the same direction as shown by the helix wheel diagrams.
1BP3|||RA183A|||[not documented]||||||
1BP3|||RA64A|||[electrostatic]|||--1bp3-000.pdf|||Other determinants are more important for binding to the hPRLbp (especially those involved in the Zn2+ site) and for selective binding of hGHbp (notably, Phe-10, Glu-56, Asp-171, and Arg-64). These data suggest that not all of the binding determinants for recognizing hGH are the same in the hGH and hPRL receptors.
1BP3|||SA188A|||[IonBinding]|||--1bp3-000.pdf|||Three residues (His-18, His-21, and Glu-174) along with His-188 from the hPRLbp are proposed to comprise the binding site for Zn2+ that is required for tight binding of hGH to the hPRLbp(10).
1BP3|||SA62A|||[not documented]||||||Influential binder though.
1BP3|||TA175S|||[not documented]||||||
1BP3|||YA164A|||[ElectrostaticFocusing]|||--1bp3-000.pdf|||This strongly electropositive charge cluster is surrounded by a series of important hydrophobic residues (Phe-25, Ile-58, Tyr-164, and Phe-176).
1BRS|||DD35A|||[hbond]|||--1brs-000.pdf|||Arg59bn forms hydrogen bonds with Asp35b* and Glu76b*, and packs closely against the aromatic ring of Trp38b*.
1BRS|||DD39A|||[hbond]|||--1brs-buckle1994.pdf|||“The barnase active-site residue His102 is located in a pocket on the surface of barstar, and itshydrogen bonds with Asp39 and Gly31 residues of barstar are directly responsible for the pH dependence of barnase-barstar binding.”
1BRS|||EA60A|||[electrostatic]|||--1brs-buckle1994.pdf|||Schreiber and Fersht (1993a) found three barnase mutants that have even higher association rate constants with barstar, Asp-Ala54, Glu-Ala73, and Glu-Ala60. In these cases, k,, increases to (1.8-4.5) X lo9 s-l M-I and is approaching the theoretical diffusion-controlled rate of 7.0 X lo9 s-l M-l (Fersht, 1985). Close inspection of the sites of mutation in the structure of the complex reveals that each mutation relieves, to varying degrees, unfavorable interactions between acidicgroups of barnase and barstar.  Since the fast association rates are a direct consequence of the strong electrostatic attraction between the oppositely charged surfaces of barnase and barstar,it is not surprising that the deletion of acidic groups in the barnase active site results in faster association rate constants (see Figure 5, top). …Finally, the barnase mutant Glu-Ala60 results in the largest (7.5-fold) increase in k,,. This mutation removes the unfavorable interaction with Asp35 (side chain O-.O distance -6 A) as well as the stabilizing interactions with the macrodipole and N-cap of barstar a-helix2. The stability of the complex, however, is unchanged.Note: Helix macrodipole is a cumulative effect of each residue backbone unit dipole contribution. Because helical peptides have periodic and well ordered structures, every backbone dipole vector resulted from partial charge of each atom points to approximately the same direction, as show in Fig.1, and results a macrodipole from C-terminus to N-terminus. Since this is an cumulative effect, the macrodipole (D) should be depedent to the length of the helix, i.e., the residue number (n). (source: https://webmail.life.nthu.edu.tw/~b830356/Helix_dipole.html#:~:text=Introduction,direction%2C%20as%20show%20in%20Fig.)
1BRS|||EA73W EA73Y EA73F EA73Q EA73S EA73C EA73A|||[electrostatic][hbond]|||--1brs-buckle1994.pdf|||Schreiber and Fersht (1993a) found three barnase mutants that have even higher association rate constants with barstar, Asp-Ala54, Glu-Ala73, and Glu-Ala60. In these cases, k,, increases to (1.8-4.5) X lo9 s-l M-I and is approaching the theoretical diffusion-controlled rate of 7.0 X lo9 s-l M-l (Fersht, 1985). Close inspection of the sites of mutation in the structure of the complex reveals that each mutation relieves, to varying degrees, unfavorable interactions between acidicgroups of barnase and barstar.  Since the fast association rates are a direct consequence of the strong electrostatic attraction between the oppositely charged surfaces of barnase and barstar,it is not surprising that the deletion of acidic groups in the barnase active site results in faster association rate constants (see Figure 5, top). …  The barnase Glu-Ala73 mutation removes an unfavorable interaction with barstar Asp39 (side chain O-.O distance -4.5 A), resulting in a 4-fold increase in k-on. The resulting complex is less stable, however, by some 1.8 kcal mol-'. This is most likely due to the removal of hydrogen- bonding interactions with barnase active-site residues.
1BRS|||ED76A|||[hbond]|||--1brs-buckle1994.pdf|||In the barnase-barstar complex, it [Arg59] lies less directly above the guanine site and points more outward, where it can make two hydrogen bonds with the side chain of barstar Glu76.
1BRS|||ED76A||||||--1brs-buckle1994.pdf|||The side chain of Glu76, which is not well defined in the free structure, becomes fixed upon barnase binding, so that it can accept two hydrogen bonds from the side chain of barnase Arg59.
1BRS|||ED76A||||||--1brs-buckle1994.pdf|||it is possible that the aromatic ring of barstar Trp38 facilitates the positioning of Arg59 for optimal hydrogen-bonding with barstar Glu76.
1BRS|||HA102Q HA102L HA102A HA102G HA102D|||[hbond]|||--1brs-buckle1994.pdf--1brs-000.pdf|||“The barnase active-site residue His102 is located in a pocket on the surface of barstar, and itshydrogen bonds with Asp39 and Gly31 residues of barstar are directly responsible for the pH dependence of barnase-barstar binding.”Mutagenesis studies have shown that the residues that contribute most to the tight interaction ofthe complex are, in barnase: Lys27bn, Arg59bn, Arg87bn, and Hisl02bn (the changes of free energy of association on mutation, AAGmu,_w~, are some 5 to 6 kcal mo1-1 on mutation of each residue)Hisl02bn acts as a general acid/base group during RNA cleavage by barnase. In the barnase-barstar complex, the side-chain of Hisl02bn interacts with three barstar residues: the NE2 atom of Hisl02bn forms a hydrogen bond with Asp39*, ND1 forms a hydrogen bond with the backbone amide of Gly31b*, and the His side-chain interacts face-to-edge with the aromatic ring of Tyr29b* (Figure 2). The single mutations Hisl02bn --+ Ala and Tyr29b* ~ Ala result in a loss of 6.1 kcal tool -1 and 3.4 kcal mo1-1 binding energ34 respectivel~ Interestingl~ the mutation Tyr29b* --, Phe does not destabilise the complex, despite the two hydrogen bonds of the OH group of Tyr29b* with the carbonyl groups of Asn83bn andAsn84bn: a possible explanation could be that the hydrogen bond angles are not favourable (Buckle et al., 1994).
1BRS|||KA27A|||[electrostatic]|||--1brs-buckle1994.pdf|||“On the whole, the interacting surfaces have a high degree of charge complementarity in that the negative electrostatic potential resulting from the location of Asp35 and Asp39 on the exposed face of barstar a-helix2 interacts favorably with the electropositive base of the barnase active site, formed by the clustering of residues Lys27, Arg83, and Arg87.”
1BRS|||KA27A|||[hbond]|||--1brs-buckle1994.pdf--1brs-000.pdf|||“The catalytically important residues of barnase, HislO2, Arg83, Arg87, and Lys27, all interact with barstar through salt bridges and hydrogen bonds. In total, there are 14 hydrogen bonds between barnase and barstar”Mutagenesis studies have shown that the residues that contribute most to the tight interaction ofthe complex are, in barnase: Lys27bn, Arg59bn, Arg87bn, and Hisl02bn (the changes of free energy of association on mutation, AAGmu,_w~, are some 5 to 6 kcal mo1-1 on mutation of each residue)
1BRS|||NA58A|||[hbond]|||--1brs-003.pdf|||Am58 is located at the beginning of the guanine binding loop. It forms hydrogen bonds with Leu63 and Lys62 which stabilize the guanine-binding loop (Sevcik et al., 1990). It is possible that the change in binding energy due to the AsnSbAla mutation is a result of the disruption of the loop and not to the interaction of Am58 with barstar.
1BRS|||RA59K RA59A|||[electrostatic]|||--1brs-000.pdf|||Mutagenesis studies have shown that the residues that contribute most to the tight interaction ofthe complex are, in barnase: Lys27bn, Arg59bn, Arg87bn, and Hisl02bn (the changes of free energy of association on mutation, AAGmu,_w~, are some 5 to 6 kcal mo1-1 on mutation of each residue)
1BRS|||RA59K RA59A|||[hbond]|||--1brs-ikura2004.pdf--1brs-000.pdf|||The mutant complexes lacked the hydrogen bonds related to the mutational sites, but still kept the rest of the hydrogen bonds; a hydrogen bond between Ng2 nitrogen atom of bn-Arg59 and Od1 oxygen atom of bs-Asp35 was lacked only in the complexes bn (Q2A)-bs (D35A), while ahydrogen bond between Ng1 nitrogen atom of bn-Arg59 and Oe1 oxygen atom of bs-Glu76 was lacked only in the complex bn (wt)-bs (E76A).At the edge of the interface, Arg59bn forms hydrogen bonds with Asp35b* and Glu76b*, and packs closely against the aromatic ring of Trp38b*. Mutating these residues to Ala decreases the binding energy by 5.2, 4.5, 1.6 and 1.4 kcal mol -~, respectively.
1BRS|||RA83Q|||[electrostatic]|||--1brs-buckle1994.pdf|||“On the whole, the interacting surfaces have a high degree of charge complementarity in that the negative electrostatic potential resulting from the location of Asp35 and Asp39 on the exposed face of barstar a-helix2 interacts favorably with the electropositive base of the barnase active site, formed by the clustering of residues Lys27, Arg83, and Arg87.”
1BRS|||RA87A|||[electrostatic]|||--1brs-buckle1994.pdf--1brs-000.pdf|||“On the whole, the interacting surfaces have a high degree of charge complementarity in that the negative electrostatic potential resulting from the location of Asp35 and Asp39 on the exposed face of barstar a-helix2 interacts favorably with the electropositive base of the barnase active site, formed by the clustering of residues Lys27, Arg83, and Arg87.”
1BRS|||RA87A||||||--1brs-000.pdf|||Mutagenesis studies have shown that the residues that contribute most to the tight interaction ofthe complex are, in barnase: Lys27bn, Arg59bn, Arg87bn, and Hisl02bn (the changes of free energy of association on mutation, AAGmu,_w~, are some 5 to 6 kcal mo1-1 on mutation of each residue)
1BRS|||TD42A|||[hbond]|||--1brs-000.pdf|||Lys27bn also forms a hydrogen bond with Thr42b*, and the mutation Thr42b* --+ Ala reduces the binding energy by 1.8 kcal mol-L
1BRS|||WA35F|||[Not documented]||||||Mentioned in 1brs-003.pdf, but no mechanism discussed.
1BRS|||WD38F|||[Stacking]||||||The stable planar stacking arrangement between a guanine base and the Arg59 guanidinium group that is observed in barnasenucleotide complexes (Guillet et al., 1993a; Buckle & Fersht, 1994) resembles the Arg59-barstar Trp38 interaction. The latter arrangement is not as planar or as close but could be explained by a hypothesis of Flocco and Mowbray (1 994), who found a statistical preference for Arg-aromatic stacking in proteins and argue that this might serve to orient and stabilize the guanidinium group without interfering with its hydrogen-bonding capacity.
1BRS|||WD44F|||[hydrophobic]|||--1brs-ikura2004.pdf	-- note these papers are relevant for methods based on hydrophobic interfaces.|||The hydrophobic interaction corresponds to a broad interaction between hydrophobic side-chains rather than a specific interaction. The typical hydrophobic interaction was observed between barnase Phe82 and barstar Trp44. In addition, it is well-known that the contribution of hydrophobic interaction to binding free energy correlate closely to the buried surface area bycomplex formation [26,27].
1BRS|||YD29F YD29A|||[FaceToEdge-RingPacking]||||||Hisl02bn acts as a general acid/base group during RNA cleavage by barnase. In the barnase-barstar complex, the side-chain of Hisl02bn interacts with three barstar residues: the NE2 atom of Hisl02bn forms a hydrogen bond with Asp39*, ND1 forms a hydrogen bond with the backbone amide of Gly31b*, and the His side-chain interacts face-to-edge with the aromatic ring of Tyr29b* (Figure 2). The single mutations Hisl02bn --+ Ala and Tyr29b* ~ Ala result in a loss of 6.1 kcal tool -1 and 3.4 kcal mo1-1 binding energ34 respectivel~ Interestingl~ the mutation Tyr29b* --, Phe does not destabilise the complex, despite the two hydrogen bonds of the OH group of Tyr29b* with the carbonyl groups of Asn83bn andAsn84bn: a possible explanation could be that the hydrogen bond angles are not favourable (Buckle et al., 1994).
1C1Y|||KB65E KB65A KB65M|||||||||Not described.
1C1Y|||KB84A KB84E|||[electrostatic]|||--1c1y-000.pdf|||Similar to the RalGDS complexes, the polar and positively charged amino acid side-chains of the effector contribute most to the interaction, namely Arg59, Arg67, Lys84 and Arg89, which is in accord-ance with previous mutagenesis studies.
1C1Y|||KB84A KB84E|||[hbond] [salt bridge]|||--1c1y-000.pdf--1c1y-000.pdf|||We found attractive interactions of Glu31 and Asp33 of Ras with Lys84 of Raf of 20.7 and 20.6 kcal/ mol, respectively. This is in accordance with the structural data, taking the Raps/Raf structure as a model (Figure 1(b)), where two salt-bridges are formed between these amino acid residues.As seen in the structure of the Raps/Raf complex, Lys84 can form salt-bridge like contacts to Glu31 and Asp33, leading to similar energetic contributions of these two interactions (as shown here but in contrast to Shirouzu et al.,34 who show only Glu31 to be important).
1C1Y|||NB64D NB64A|||[conformational change]|||--1c1y-000.pdf|||We have carried out the double mutant cycle for a selection of residue pairs, both experimentally and computationally (Tables 6 and 7). …One of the first observations is that we find some significant interactions (.0.5 kcal/mol) between residues that are not in contact, or that cannot establish an indirect interaction via a water molecule or an electrostatic interaction.. ..Those cases can be explained by an accumulation of experimental errors or by a relaxation of the structure upon doing the double mutation.The results of double mutant cycles of Ras and Raps associating with Raf-RBD are summarized in Table 7. As in the previous case, there are two cases in which there is no interaction between the residues and we find an experimental interaction, Ras·I36/Raf·R59 and Ras·V45/Raf·N64, which could be explained as above.
1C1Y|||NB64D NB64A|||[hbond]|||--1c1y-nassar95.pdf|||Indicated in figure 5a, but not described.
1C1Y|||QB66A|||||||||Not described.
1C1Y|||RB59A|||[electrostatic]|||--1c1y-000.pdf|||Similar to the RalGDS complexes, the polar and positively charged amino acid side-chains of the effector contribute most to the interaction, namely Arg59, Arg67, Lys84 and Arg89, which is in accord-ance with previous mutagenesis studies.
1C1Y|||RB67A|||[electrostatic]|||--1c1y-000.pdf|||Similar to the RalGDS complexes, the polar and positively charged amino acid side-chains of the effector contribute most to the interaction, namely Arg59, Arg67, Lys84 and Arg89, which is in accord-ance with previous mutagenesis studies.
1C1Y|||VB69A|||||||||Not described.
1C4Z|||AD59G|||[van der waals]|||-1c4z-huang1999.pdf|||Additional contacts from the UbcH7 L1 loop are made by the side chains of Ala59, Pro62, and Glu60 and the backbone carbonyl of Ala59 (Fig. 4, A to C) (33).
1C4Z|||AD98G|||[van der Waals]|||--1c4z-000.pdf|||Hot spots were also observed at a completely conserved proline preceding F63 as well as M653 and Y645 of E6AP. The latter two residues form van der Waals contacts with P97 and A98 of UbcH7 loop 7.
1C4Z|||ED60R ED60A|||[van der waals]|||-1c4z-huang1999.pdf|||Additional contacts from the UbcH7 L1 loop are made by the side chains of Ala59, Pro62, and Glu60 and the backbone carbonyl of Ala59 (Fig. 4, A to C) (33).
1C4Z|||FD63A|||[hydrophobic]|||--1c4z-000.pdf|||Crystal structures of the E2 UbcH7 bound to a HECT E3, E6AP,11 and a RING E3, c-Cbl,17 revealed that E2s utilize similar residues to bind both classes of E3s. In both E2-E3 structures,the primary contact at the interface arises from F63 on loop 4 of UbcH7, which is buried in a hydrophobic groove created by the E3.11,17 This phenylalanine is present in all E2s that have been shown to function with HECT E3s.11,18
1C4Z|||KD100E KD100A|||[electrostatic] [salt bridge] [hbond]|||--1c4z-000.pdf|||Two UbcH7 loop 7 lysine residues, K96 and K100, were binding hot spots. In the crystal structure, K96 forms a salt-bridge with D641 of E6AP while the K100 hydrogen bonds with the D652 backbone carbonyl of E6AP.
1C4Z|||KD100E KD100A|||[salt Bridge] [hbond]|||--1c4z-000.pdf|||Two UbcH7 loop 7 lysine residues, K96 and K100, were binding hot spots. In the crystal structure, K96 forms a salt-bridge with D641 of E6AP while the K100 hydrogen bonds with the D652 backbone carbonyl of E6AP.
1C4Z|||KD64E KD64A|||[electrostatic]|||--1c4z-000.pdf|||To identify charged amino acids engaged in electrostatic interactions across the interface we measured binding affinities of ten UbcH7-E6AP charge swap mutants (Table 1). … Three of the remaining charge swap mutants displayed less significant losses in binding energy (E60R, K64E, and D641K).
1C4Z|||KD96E KD96A|||[salt Bridge] [hbond]|||--1c4z-000.pdf|||Two UbcH7 loop 7 lysine residues, K96 and K100, were binding hot spots. In the crystal structure, K96 forms a salt-bridge with D641 of E6AP while the K100 hydrogen bonds with the D652 backbone carbonyl of E6AP.
1C4Z|||KD9E KD9A|||[electrostatic]|||-1c4z-000.pdf|||The binding affinities from the charge swap experiments were grouped into the same categories as the alanine mutant affinities. Six of the mutants lost >1.0 kcal/mol of binding free energy. These include UbcH7 helix 1 mutants R5E, R6E, and K9E… The helix 1 mutants form inter-chain (R5 and R6) and intra-chain (K9) hydrogen bonds to backbone oxygen atoms.
1C4Z|||LD33A|||[vanDerWaals]|||--1c4z-huang1999.pdf|||The UbcH7 Leu33, which occurs in a loop (residues 28 to 33) adjacent to the HI helix, makes a van der Waals contact to the E6AP Pro668.
1C4Z|||PD62A|||[van der waals]|||-1c4z-huang1999.pdf|||Additional contacts from the UbcH7 L1 loop are made by the side chains of Ala59, Pro62, and Glu60 and the backbone carbonyl of Ala59 (Fig. 4, A to C) (33).
1C4Z|||PD97A|||[van der Waals]|||--1c4z-000.pdf|||Hot spots were also observed at a completely conserved proline preceding F63 as well as M653 and Y645 of E6AP. The latter two residues form van der Waals contacts with P97 and A98 of UbcH7 loop 7.
1C4Z|||RD5A RD5E|||[electrostatic]|||-1c4z-000.pdf|||The binding affinities from the charge swap experiments were grouped into the same categories as the alanine mutant affinities. Six of the mutants lost >1.0 kcal/mol of binding free energy. These include UbcH7 helix 1 mutants R5E, R6E, and K9E… The helix 1 mutants form inter-chain (R5 and R6) and intra-chain (K9) hydrogen bonds to backbone oxygen atoms.
1C4Z|||RD6E RD6A|||[electrostatic]|||-1c4z-000.pdf|||The binding affinities from the charge swap experiments were grouped into the same categories as the alanine mutant affinities. Six of the mutants lost >1.0 kcal/mol of binding free energy. These include UbcH7 helix 1 mutants R5E, R6E, and K9E… The helix 1 mutants form inter-chain (R5 and R6) and intra-chain (K9) hydrogen bonds to backbone oxygen atoms.
1C4Z|||RD6E RD6A|||[hbond]|||-1c4z-huang1999.pdf|||The HI helix of UbcH7 contributes minor contacts; its Arg6 and Lysg side chains, which have high temperature factors, are within hydrogen-bonding distance of the backbone carbonyl groups of Met653 and Asp651 of E6AP, respectively.
1C4Z|||SD4A|||||||||Not documented.
1C4Z|||WD95A|||||||||Not documented.
1CBW|||GI12A|||[stericNegative]|||--1cbw-scheidig1997.pdf|||There is a strong requirement for a Gly at position 12, because there is no space for a side chain due to the proximity of the main chain of Cys 38(I), which in turn is fixed in its orientation by the disulfide bridge with Cys 14(I).
1CBW|||GI36A|||[conformational change]|||--1cbw-000.pdf|||The association of chymotrypsin with Lys-15-Ala and Gly-36-Ala BPTI occurs with an unfavorable change in both the enthalpy and the entropy of binding as compared to the chymotrypsin/wt BPTI case.Five mutants, Phe-33-Ala, Gly-12-Ala, Tyr-35-Ala, Gly-36-Ala, and Gly-37-Ala, are considerably less stable than the wt peptide, with parallel loss in helical content. This can be explained by perturbation of the packing of the molecule for Phe-33-Ala and Tyr-35-Ala, which have buried side chains, and by distortions of the main chain conformation for the Gly-12-Ala, Gly-36-Ala, and Gly-37-Ala variants.Distortions in the main chain are likely to be the cause of the reduction in binding affinity observed for the glycine to alanine variants of BPTI, and for the Tyr-35-Ala mutant (Figure 3), based on the structural and thermostability properties of these mutants (Table 3). A Tyr-35-Gly mutant of BPTI (Housset et al., 1991) has shown significant main chain perturbations, especially in the binding loops. These effects are probably magnified in the case of the trypsin system (Gly-12-Ala and Gly-36-Ala mutants) given the optimal positioning of the side chain of Lys-15 of the wt protein with respect to the negatively charged side chain of Asp-189 in the binding pocket of trypsin.
1CBW|||GI37A|||[loss of stability]|||--1cbw-000.pdf|||Five mutants, Phe-33-Ala, Gly-12-Ala, Tyr-35-Ala, Gly-36-Ala, and Gly-37-Ala, are considerably less stable than the wt peptide, with parallel loss in helical content. This can be explained by perturbation of the packing of the molecule for Phe-33-Ala and Tyr-35-Ala, which have buried side chains, and by distortions of the main chain conformation for the Gly-12-Ala, Gly-36-Ala, and Gly-37-Ala variants.
1CBW|||II18A|||[not documented]|||---1cbw-000.pdf---1cbw-000.pdf|||The data obtained for the Ile-18-Ala mutant are inconclusive because of the aggregation of this peptide in solution.
1CBW|||II18A||||||---1cbw-000.pdf|||It is unlikely that the reduction in the binding free energy of the BPTI mutant Ile-18-Ala with trypsin and chymotrypsin, of nearly 5 and 0.5 kcal mol-1  respectively, is attributable exclusively to reduction in the aliphatic binding surface, since part of the side chain of Ile-18 is already partially buried in free BPTI. The aggregation of the peptide molecule probably contributes to the observed loss in binding affinity.
1CBW|||II19A|||[conformational change]|||---1cbw-000.pdf|||The mutants Lys-15-Ala, Arg- 17-Ala, and Ile-19-Ala exhibit slight structural perturbations and decreases in stability.
1CBW|||KI15E KI15R KI15D KI15Y KI15W KI15Q KI15H KI15N KI15F KI15V KI15M KI15L KI15S KI15G KI15A KI15I KI15T|||[conformational effect]|||--1cbw-scheidig1997.pdf|||At the specificity-determining site of these inhibitors (PI), residue 15(I)‘ is an arginine in APPI and a lysine in BPTI, residue types that are counter to the chymotryptic hydrophobic specificity. In the chymotrypsin complexes, the Arg and Lys P1 side chains of the inhibitors adopt conformations that bend away from the bottom of the binding pocket to interact productively with elements of the binding pocket other than those observed for specificity-matched PI side chains. The stereochemistry of the nucleophilic hydroxyl of Ser 195 in chymotrypsin relative to the scissile P1 bond of the inhibitors is identical to that observed for these groups in the trypsin-APPI complex, where Arg 15(I) is an optimal side chain for tryptic specificity.
1CBW|||PI13A|||[hbond]|||--1cbw-scheidig1997.pdf|||In addition to the salt bridge, an H-bond is made between Arg 15(I)Nq2 and the hydroxyl of Ser 190 (2.8 A). The NE of the side chain H-bonds to a water (2.9 A), which in turn forms two long H-bonds to the carbonyl oxygens of Pro 13(I) (3.2 A) and Gly 216 (3.3 A).
1CBW|||PI13A|||[hbond]|||--1cbw-scheidig1997.pdf|||In the up orientation, a set of H-bonds is made involving the main-chain oxygens of Gly 217 (2.8 A) and Pro 13(I) (3.0 A). The N( of Lys 15(I) in BPTI superimposes on Nq2 of Arg 15(I) in APPI and forms the same set of interactions (Table 3; Fig. 3B).
1CBW|||RI17A|||[hbond]|||---1cbw-scheidig1997.pdf|||For the side-chain interactions of the Kunitz inhibitors, these are the P5, P3, P1, P2‘, P4’ sites, which represent inhibitor residues 11(I), 13(I), 15(I), 17(I), 19(I), respectively.’
1CBW|||RI17A|||[hbond]|||--1cbw-000.pdf|||In the chymotrypsin/BPTI complex, the amino group of Lys-15 forms two intermolecular hydrogen bonds, and the guanidino groups of Arg-17 and Arg-39 form one hydrogen bond each.
1CBW|||RI17A|||[hbond]|||--1cbw-000.pdf|||On binding to chymotrypsin, APPI buries about 720 A2 of its surface, whereas BPTI buries slightly more, 770 A'. Similar numbers are found for the trypsin complexes, as well. The buriedsurface areas represent about 20% of their exposed surface. In both sets of complexes, there is a slightly larger percentage of hydro-phobic surface buried (-55%) than hydrophilic area. As seen in Figure 2, the pattern of interactions of specific residues is quite similar, especially for the principal binding loop. However, there are some distinctive differences matching the variation in topographies and side-chain orientations at the binding interfaces of these complexes. In all cases, the major sites of interaction are through residues 15(I) and 17(I) of the inhibitors, which are highly buried and account for nearly one-half the buried surface area.
1CBW|||RI17A|||[hbond]|||--1cbw-000.pdf|||The guanidino groups of Arg-17 and Arg-39 of BPTI are partially exposed to the solvent in both the trypsin and chymotrypsin complexes, as well as the amino group of Lys-15 of BPTI in the chymotrypsin complex. The very limited impact of the alanine substitutions at positions Lys-15, Arg-17, and Arg-39 on the binding affinity of BPTI toward chymotrypsin is striking, and could reflect local favorable rearrangements in the structures of the protein molecules and solvent.
1CBW|||RI17A|||[hbond]|||--1cbw-000.pdf|||The mutants Lys-15-Ala, Arg-17-Ala, and Ile-19-Ala exhibit slight structural perturbations and decreases in stability.
1CBW|||RI17A|||[hbond]|||--1cbw-000.pdf|||The mutants Lys-15-Ala, Arg-17-Ala, and Ile-19-Ala exhibit slight structural perturbations and decreases in stability.
1CBW|||RI39A|||[loss of stability]|||--1cbw-000.pdf|||The remaining mutants do not exhibit significant differences with respect to wt BPTI for any of the parameters shown in Table 3, with the exception of Arg-39-Ala, which has a larger loss in helical content.
1CBW|||TI11A|||[hbond]|||--1cbw-scheidig1997.pdf|||S5 residue on BPTINote: This is Kunitz type inhibitor residue P5, bound to S5.A few waters are conserved in both structures, but most are not (Fig. 5). In all the complexes, there is room to accommodate a large P5 side chain, although this would eliminate the H-bond in the complexes between the Thr 1 ](I) Oyl and the carbonyl of Phe 34(I) (2.9A)
1CBW|||VI34A|||[hypothetical]|||---1cbw-000.pdf|||The Val-34-Ala mutation caused the largest changes in ∆H and ∆S. This mutant showed identical structural properties to the wt peptide, and its stability and kinetics of inhibition were also identical. For the desolvation argument to hold in this case, it is necessary to postulate that the interactions of the side chain of Val-34 of BPTI with chymotrypsin are not optimal, and that the removal of two methyl groups could create room for water in the chymotrypsin/V34A complex. Indeed, inspection of the X-ray structures of the chymotrypsin/BPTI and trypsin/BPTIcomplexes revealed that the Val-34 side chain of BPTI is close to two aromatic rings of the protease (5.8-8.0 Å) in the complex with chymotrypsin, a situation that does not occur in the trypsin/BPTI complex, and the -nitrogen of the Arg-17 of the inhibitor is pushed 1 Å closer (4.8 Å) toward the γ-CH3 of Val-34. In future work, we plan to determine the heat capacities of binding to investigate possible solvation effects.
1CHO|||AI15D AI15E AI15Y AI15W AI15H AI15F AI15N AI15M AI15Q AI15L AI15C AI15P AI15S AI15I AI15V AI15T AI15K AI15G AI15R|||[not Documented]||||||
1CHO|||EI19R EI19M EI19D EI19Q EI19Y EI19V EI19G EI19P EI19W EI19C EI19S EI19A EI19T EI19L EI19I EI19N EI19F EI19K EI19H|||[not documented]|||----1cho-fujinaga1987.pdf|||This is the P1’ residue, just after the scissile bond:In particular, this view depicts the solvent structures in the proximity of the scissile bond Leu181-Glu191 and details the very different roles played by Arg21I
1CHO|||GI32E GI32D GI32I GI32V GI32M GI32H GI32L GI32W GI32Y GI32Q GI32F GI32C GI32S GI32P GI32N GI32A GI32T GI32K GI32R|||[not documented]||||||
1CHO|||KI13F KI13E KI13T KI13R KI13A KI13Y KI13L KI13I KI13H KI13M KI13G KI13C KI13W KI13P KI13Q KI13D KI13N KI13S KI13V|||[not documented]|||---1cho-fujinaga1987.pdf|||Contacts serine 218
1CHO|||LI18E LI18W LI18Y LI18Q LI18D LI18M LI18R LI18H LI18F LI18I LI18S LI18T LI18C LI18A LI18V LI18N LI18G LI18K LI18P|||[Hydrophobic]|||--1cho-000.pdf|||Strong binding to hydrophobic amino acids, especially aromatics.  Tyr, Trp, Phe are stronger than the wt, which is Leucine, and similar to Methionine.  The rest are far less.  However, it is notable that Proline is far worse.
1CHO|||LI18E LI18W LI18Y LI18Q LI18D LI18M LI18R LI18H LI18F LI18I LI18S LI18T LI18C LI18A LI18V LI18N LI18G LI18K LI18P||||||----1cho-fujinaga1987.pdf|||This is the P1 residue, just before the scissile bond:In particular, this view depicts the solvent structures in the proximity of the scissile bond Leu181-Glu191 and details the very different roles played by Arg21I
1CHO|||NI36D NI36W NI36E NI36H NI36Q NI36M NI36L NI36T NI36I NI36P NI36C NI36Y NI36A NI36G NI36S NI36F NI36V NI36R NI36K|||[hbond]|||---1cho-fujinaga1987.pdf|||In an analogous manner, the side-chain of Tyr146 moves to avoid close contacts with Asn361. The amide side-chain Asn361 also adopts a conformation different’ from that in OMTKYS : SGPB (in OMTKY3:SGPB x1 = -85, xZ = 56; in OMTKYS : CHT x1 = - 179, x2 = 20). The altered conformations of Tyr146 and Asn361 facilitate the formation of a hydrogen bond between the p-hydroxyl group and the carbonyl oxygen of the amide. Substitution of Asn361 by an aspartic acid residue weakens the equilibrium association constant with SGPB (marginally by a factor of 2) but strengthens the association with a-chymotrypsin by five times (Park, 1985). In the latter, this result could be due to the much stronger hydrogen bond that can be formed between the tyrosine and the aspartate carboxylate ion (cf. in OMTKYS the distance Asp171 ObZ...Tyr311 0” is very short (2.4 w in both complexes). Likewise, substitution of Asn361 by a serine residue has little effect on the equilibrium association constant with SGPB, although there is a major change in the case of a-chymotrypsin (enhanced binding by a factor of 18). We can offer no such simple explanation for this large effect unless the conformational changes upon complex formation of the two residues involved, Tyr146 and Asn361, are energetically unfavourable. Then, with the replacement of the asparagine side-chain at position 361 by the smaller serine hydroxyl group, such changes would not be required.
1CHO|||PI14W PI14H PI14D PI14K PI14T PI14G PI14S PI14F PI14Y PI14E PI14A PI14R PI14I PI14M PI14C PI14L PI14Q PI14V PI14N|||[not documented]	[maybe more info elsewhere]|||---1cho-fujinaga1987.pdf--part of the reactive-site loop.---1cho-fujinaga1987.pdf|||Contacts W172, K175, S217, S218
1CHO|||RI21F RI21P RI21T RI21L RI21A RI21N RI21E RI21D RI21C RI21I RI21S RI21Q RI21H RI21W RI21K RI21V RI21M RI21G RI21Y|||[electrostatic]||||||The side-chain of Arg21I is highly mobile in the OMTKYS: SGPB complex [NOT THIS COMPLEX]; the temperature factors of the atoms beyond N” are ail above 40 A2. In contrast, in the OMTKY3:CHT [THIS COMPLEX] complex the side-chain atoms of this residue all have temperature factors below 25 A2 (Fig. 5). The decrease in the mobility of the Arg211 side-chain is presumably the result of the van der Waals’ interaction with Phe41 and other water-mediated interactions to cr-chymotrypsin (Table 10). The different interactions of the two enzymes with the P’3 residue (Fig. 13) correlate well with the thermodynamic data and indicate a role for Arg21I in binding to a-chymotrypsin but not to SGPB. The water-mediated ionic interaction between Arg21I and Asp64 will be discussed in more detail elsewhere (Park et al., unpublished results).
1CHO|||TI17D TI17S TI17H TI17N TI17E TI17M TI17Q TI17G TI17W TI17L TI17C TI17V TI17K TI17P TI17R TI17A TI17F TI17Y TI17I|||[NonAdditivity]||||||Summary: intramolecular T17-E19 hydrogen bond creates non-additivity in amino acid binding preferences.The simple additivity of the DDG° (XTKY i X) is the major approximation involved in this work. It is its use that makes our SRA so simple. There are some restrictions on the application of Eq. 1 to predict DG° for the association of any Kazal domain with any of the six enzymes we selected. Many Kazal family members are present in multidomain proteins, such as ovomucoid (20). Here we predict only for single Kazal domains, such as PSTI or for isolated domains of multidomain proteins such as turkey ovomucoid. The decision not to vary the green residues in Fig. 2 (P3 Cys-16 and P159 Asn-33) requires that these must be present in all of the inhibitors we predict. A group of Kazal inhibitors, called nonclassical (36), have at P5 a disulfide-bridged Cys. We have no information on disulfide-bridged Cys, only on reduced Cys. The SRA is based on an assumption that the variable consensus contact set of residues is additive. This additivity is equivalent to assuming that the interactions, if any, among the contact residues present in the free inhibitors do not change appreciably on formation of complexes with enzymes. This assumption is not valid for the P2 Thr-17-P19 Glu-19 residue pair (Fig. 2). The side chains of these two residues are hydrogen-bonded to each other in the free inhibitor (37). The hydrogen bond shortens on complex formation with SGPB (29) and CHYM (30) but not with HLE (31). The same shortening is seen when the structure of variant 3 of PSTI (38) (this variant has P2 Thr-17 and P19 Glu-19) is compared in free inhibitor and in complex with chymotrypsinogen (34). A few tests based on DDG° value indicate major P2-P19 pair nonadditivity. We therefore restrict our predictions to the 39 P2-P19 pairs we measured rather than to all possible 400 pairs. A simple wording of the restriction is that either P2 Thr or P19 Glu (or both) must be present. The elimination of this restriction would widen the scope of SRA to more Kazal inhibitors, and in other protein systems there will be patches of nonadditivity in generally additive situations. For avian ovomucoid third domains where the P2 Thr-P19 Glu is very common, the P2-P19 restriction allows one to deal with substantial majority of the domains. For Kazal inhibitors at large where this is not common, the current SRA encompasses a significant minority (about 30%) of sequenced domains.
1CHO|||YI20W YI20H YI20F YI20M YI20I YI20V YI20T YI20D YI20E YI20N YI20L YI20K YI20S YI20A YI20Q YI20C YI20P YI20R YI20G|||[hbond]|||---1cho-fujinaga1987.pdf|||Other differences in the enzyme-inhibit,or interactions exist at the P; and Pi residues (Fig. 16). In the OMTKYS : SGPB complex [NOT THIS COMPLEX] there are hydrogen bonds from NH and CO of the P2 residue, Tyr201, to Arg41 CO and NH, respectively, on the enzyme.  In chymotrypsin [THIS COMPLEX], the polypeptide chain follows a different path at the corresponding residues so that only the hydrogen bond from the NH of Tyr201 to the CO of Phe41 is formed. The carbonyl oxygen of Tyr201 forms a hydrogen bond to a solvent molecule (010) instead of interacting directly with the enzyme, as observed for the SGPB complex.
1CHO|||YI20W YI20H YI20F YI20M YI20I YI20V YI20T YI20D YI20E YI20N YI20L YI20K YI20S YI20A YI20Q YI20C YI20P YI20R YI20G|||[inducedFit]|||---1cho-fujinaga1987.pdf|||The phenyl ring of Phe39 moves to avoid the close contacts with the inhibitor at Tyr201 that would occur with the conformation of this side-chain in both a and y-chymotrypsin in their free form (x1 changes from 180” in y-chymotrypsin to - 72” in the complex).
1CSO 1CTO 1CT2 1CT4|||II18L|||[hydrophobic]|||---1cse-bateman2008.pdf|||Four high resolution complex structures are being reported in this paper; the three b-branchedvariants, Ile18I, Val18I, and Thr18I …  and the structure of the Ser18I variant complex. The b-branched side chains are not complementary to the shape of the S1 binding pocket in SGPB, in contrast to that of the wild-type g-branched P1 residue for OMTKY3, Leu18I.
1CSO 1CTO 1CT2 1CT4|||II18L|||[hydrophobic]|||---1cse-bateman2008.pdf|||SGPB, like chymotrypsin, prefers hydrophobic P1 side chains that are not branched at the b-carbon ~Bigler et al., 1993; Lu et al., 1997).  The association constants measured at pH 8.3 for SGPB: OMTKY3-Cys18I and SGPB:OMTKY3-Leu18I are the highest of all of the naturally occurring P1 amino acids, followed closely by SGPB:OMTKY3-Met18I ~Fig. 1!. Of these top three P1 variants, only the structure of SGPB:OMTKY3-Leu18I has been determined experimentally ~Fujinaga et al., 1982; Read et al., 1983; Huang et al., 1995!. The Leu at P1 fits beautifully into the S1 pocket of SGPB. This pocket is narrow at the top ~closest to the catalytic residue Ser195! and broadens gradually toward the bottom ~Fig. 3C!. The b-branched P1 residues are not complementary to this shape. The narrow top of the S1 pocket has to accommodate all of the atoms of the side chains ~Fig. 3!. The observed x1 angles for these b-branched residues are neither unfavourable nor unusual ~McGregor et al., 1987; Swindells et al., 1995! but the “tight fit” demands that the g-atoms of these residues point away from Pro192B-Asp194 to avoid steric clashes. In contrast, the bottom of the pocket is left relatively empty, unlike Leu18I whose side chain has van der Waals contacts with residues Gly215 and Ala192 at both sides of the S1 pocket ~Figs. 3, 4!. Cavities are rare in protein:protein recognition sites ~Janin & Chothia, 1990!, and complementarity involves close packing of the atoms between protein molecules. Eriksson et al. ~1992! have suggested that the destabi-lization of a protein in response to cavity creating mutations is directly proportional to the cavity size.
1CSO 1CTO 1CT2 1CT4|||II18L|||[note]|||---1cse-bateman2008.pdf||| 1CSO mutation. Backwards mutant: WT is Leu18.
1CSO 1CTO 1CT2 1CT4|||II18L|||[note]|||---1cso-000.pdf|||The most relevant to this paper is that Huang, Bateman and James intend to obtain the structures of all 20 coded X18 OMTKY3 in complex with SGPB. Some of these structures e.g. Gly18, Ala18 and Leu18 (short form) are already completed (Huang et al., 1995), many others await publication (Huang, 1995; Bateman et al., 1996), others are in re®nement. These studies as well as the interpretation of the huge volume of thermodynamic data available at Purdue lead to the following conclusions (1) residue 18 always serves as the P1 residue even when its binding to the S1 cavity is locally deleterious, (2) the changes in the inhibitor and enzyme conformation on complex formation are very small, nearly lock and key, (3) with the exception of Pro18, the nature of X18 has little effect on the interaction between the enzyme and the remaining residues of the inhibitor. Thus, for our purposes, the inhibitor-enzyme system serves as a molecular vise. It positions X18 into the S1 cavity and by subtraction of Gly18 data (see below) it allows us to measure just the X18 ...S1 interaction.
1CSO 1CTO 1CT2 1CT4|||SI18L|||[hydrophobic]|||---1cse-bateman2008.pdf|||Four high resolution complex structures are being reported in this paper; the three b-branchedvariants, Ile18I, Val18I, and Thr18I …  and the structure of the Ser18I variant complex. The b-branched side chains are not complementary to the shape of the S1 binding pocket in SGPB, in contrast to that of the wild-type g-branched P1 residue for OMTKY3, Leu18I.
1CSO 1CTO 1CT2 1CT4|||SI18L|||[hydrophobic]|||---1cse-bateman2008.pdf|||[note] 1CT0 mutation. Backwards mutant: WT is Leu18.SGPB, like chymotrypsin, prefers hydrophobic P1 side chains that are not branched at the b-carbon ~Bigler et al., 1993; Lu et al., 1997).  The association constants measured at pH 8.3 for SGPB: OMTKY3-Cys18I and SGPB:OMTKY3-Leu18I are the highest of all of the naturally occurring P1 amino acids, followed closely by SGPB:OMTKY3-Met18I ~Fig. 1!. Of these top three P1 variants, only the structure of SGPB:OMTKY3-Leu18I has been determined experimentally ~Fujinaga et al., 1982; Read et al., 1983; Huang et al., 1995!. The Leu at P1 fits beautifully into the S1 pocket of SGPB. This pocket is narrow at the top ~closest to the catalytic residue Ser195! and broadens gradually toward the bottom ~Fig. 3C!. The b-branched P1 residues are not complementary to this shape. The narrow top of the S1 pocket has to accommodate all of the atoms of the side chains ~Fig. 3!. The observed x1 angles for these b-branched residues are neither unfavourable nor unusual ~McGregor et al., 1987; Swindells et al., 1995! but the “tight fit” demands that the g-atoms of these residues point away from Pro192B-Asp194 to avoid steric clashes. In contrast, the bottom of the pocket is left relatively empty, unlike Leu18I whose side chain has van der Waals contacts with residues Gly215 and Ala192 at both sides of the S1 pocket ~Figs. 3, 4!. Cavities are rare in protein:protein recognition sites ~Janin & Chothia, 1990!, and complementarity involves close packing of the atoms between protein molecules. Eriksson et al. ~1992! have suggested that the destabi-lization of a protein in response to cavity creating mutations is directly proportional to the cavity size.
1CSO 1CTO 1CT2 1CT4|||SI18L|||[note]|||---1cso-000.pdf|||The most relevant to this paper is that Huang, Bateman and James intend to obtain the structures of all 20 coded X18 OMTKY3 in complex with SGPB. Some of these structures e.g. Gly18, Ala18 and Leu18 (short form) are already completed (Huang et al., 1995), many others await publication (Huang, 1995; Bateman et al., 1996), others are in re®nement. These studies as well as the interpretation of the huge volume of thermodynamic data available at Purdue lead to the following conclusions (1) residue 18 always serves as the P1 residue even when its binding to the S1 cavity is locally deleterious, (2) the changes in the inhibitor and enzyme conformation on complex formation are very small, nearly lock and key, (3) with the exception of Pro18, the nature of X18 has little effect on the interaction between the enzyme and the remaining residues of the inhibitor. Thus, for our purposes, the inhibitor-enzyme system serves as a molecular vise. It positions X18 into the S1 cavity and by subtraction of Gly18 data (see below) it allows us to measure just the X18 ...S1 interaction.
1CSO 1CTO 1CT2 1CT4|||TI18L|||[hydrophobic]|||---1cse-bateman2008.pdf|||Four high resolution complex structures are being reported in this paper; the three b-branchedvariants, Ile18I, Val18I, and Thr18I …  and the structure of the Ser18I variant complex. The b-branched side chains are not complementary to the shape of the S1 binding pocket in SGPB, in contrast to that of the wild-type g-branched P1 residue for OMTKY3, Leu18I.
1CSO 1CTO 1CT2 1CT4|||TI18L|||[hydrophobic]|||---1cse-bateman2008.pdf|||SGPB, like chymotrypsin, prefers hydrophobic P1 side chains that are not branched at the b-carbon ~Bigler et al., 1993; Lu et al., 1997).  The association constants measured at pH 8.3 for SGPB: OMTKY3-Cys18I and SGPB:OMTKY3-Leu18I are the highest of all of the naturally occurring P1 amino acids, followed closely by SGPB:OMTKY3-Met18I ~Fig. 1!. Of these top three P1 variants, only the structure of SGPB:OMTKY3-Leu18I has been determined experimentally ~Fujinaga et al., 1982; Read et al., 1983; Huang et al., 1995!. The Leu at P1 fits beautifully into the S1 pocket of SGPB. This pocket is narrow at the top ~closest to the catalytic residue Ser195! and broadens gradually toward the bottom ~Fig. 3C!. The b-branched P1 residues are not complementary to this shape. The narrow top of the S1 pocket has to accommodate all of the atoms of the side chains ~Fig. 3!. The observed x1 angles for these b-branched residues are neither unfavourable nor unusual ~McGregor et al., 1987; Swindells et al., 1995! but the “tight fit” demands that the g-atoms of these residues point away from Pro192B-Asp194 to avoid steric clashes. In contrast, the bottom of the pocket is left relatively empty, unlike Leu18I whose side chain has van der Waals contacts with residues Gly215 and Ala192 at both sides of the S1 pocket ~Figs. 3, 4!. Cavities are rare in protein:protein recognition sites ~Janin & Chothia, 1990!, and complementarity involves close packing of the atoms between protein molecules. Eriksson et al. ~1992! have suggested that the destabi-lization of a protein in response to cavity creating mutations is directly proportional to the cavity size.
1CSO 1CTO 1CT2 1CT4|||TI18L|||[note]|||---1cse-bateman2008.pdf||| 1CT2 mutation. Backwards mutant: WT is Leu18.
1CSO 1CTO 1CT2 1CT4|||TI18L|||[note]|||---1cso-000.pdf|||The most relevant to this paper is that Huang, Bateman and James intend to obtain the structures of all 20 coded X18 OMTKY3 in complex with SGPB. Some of these structures e.g. Gly18, Ala18 and Leu18 (short form) are already completed (Huang et al., 1995), many others await publication (Huang, 1995; Bateman et al., 1996), others are in re®nement. These studies as well as the interpretation of the huge volume of thermodynamic data available at Purdue lead to the following conclusions (1) residue 18 always serves as the P1 residue even when its binding to the S1 cavity is locally deleterious, (2) the changes in the inhibitor and enzyme conformation on complex formation are very small, nearly lock and key, (3) with the exception of Pro18, the nature of X18 has little effect on the interaction between the enzyme and the remaining residues of the inhibitor. Thus, for our purposes, the inhibitor-enzyme system serves as a molecular vise. It positions X18 into the S1 cavity and by subtraction of Gly18 data (see below) it allows us to measure just the X18 ...S1 interaction.
1CSO 1CTO 1CT2 1CT4|||VI18L|||[hydrophobic]|||---1cse-bateman2008.pdf|||Four high resolution complex structures are being reported in this paper; the three b-branchedvariants, Ile18I, Val18I, and Thr18I …  and the structure of the Ser18I variant complex. The b-branched side chains are not complementary to the shape of the S1 binding pocket in SGPB, in contrast to that of the wild-type g-branched P1 residue for OMTKY3, Leu18I.
1CSO 1CTO 1CT2 1CT4|||VI18L|||[hydrophobic]|||---1cse-bateman2008.pdf|||SGPB, like chymotrypsin, prefers hydrophobic P1 side chains that are not branched at the b-carbon ~Bigler et al., 1993; Lu et al., 1997).  The association constants measured at pH 8.3 for SGPB: OMTKY3-Cys18I and SGPB:OMTKY3-Leu18I are the highest of all of the naturally occurring P1 amino acids, followed closely by SGPB:OMTKY3-Met18I ~Fig. 1!. Of these top three P1 variants, only the structure of SGPB:OMTKY3-Leu18I has been determined experimentally ~Fujinaga et al., 1982; Read et al., 1983; Huang et al., 1995!. The Leu at P1 fits beautifully into the S1 pocket of SGPB. This pocket is narrow at the top ~closest to the catalytic residue Ser195! and broadens gradually toward the bottom ~Fig. 3C!. The b-branched P1 residues are not complementary to this shape. The narrow top of the S1 pocket has to accommodate all of the atoms of the side chains ~Fig. 3!. The observed x1 angles for these b-branched residues are neither unfavourable nor unusual ~McGregor et al., 1987; Swindells et al., 1995! but the “tight fit” demands that the g-atoms of these residues point away from Pro192B-Asp194 to avoid steric clashes. In contrast, the bottom of the pocket is left relatively empty, unlike Leu18I whose side chain has van der Waals contacts with residues Gly215 and Ala192 at both sides of the S1 pocket ~Figs. 3, 4!. Cavities are rare in protein:protein recognition sites ~Janin & Chothia, 1990!, and complementarity involves close packing of the atoms between protein molecules. Eriksson et al. ~1992! have suggested that the destabi-lization of a protein in response to cavity creating mutations is directly proportional to the cavity size.
1CSO 1CTO 1CT2 1CT4|||VI18L|||[note] |||---1cse-bateman2008.pdf|||1CT4 mutation. Backwards mutant: WT is Leu18.
1CSO 1CTO 1CT2 1CT4|||VI18L|||[note]|||---1cso-000.pdf|||The most relevant to this paper is that Huang, Bateman and James intend to obtain the structures of all 20 coded X18 OMTKY3 in complex with SGPB. Some of these structures e.g. Gly18, Ala18 and Leu18 (short form) are already completed (Huang et al., 1995), many others await publication (Huang, 1995; Bateman et al., 1996), others are in re®nement. These studies as well as the interpretation of the huge volume of thermodynamic data available at Purdue lead to the following conclusions (1) residue 18 always serves as the P1 residue even when its binding to the S1 cavity is locally deleterious, (2) the changes in the inhibitor and enzyme conformation on complex formation are very small, nearly lock and key, (3) with the exception of Pro18, the nature of X18 has little effect on the interaction between the enzyme and the remaining residues of the inhibitor. Thus, for our purposes, the inhibitor-enzyme system serves as a molecular vise. It positions X18 into the S1 cavity and by subtraction of Gly18 data (see below) it allows us to measure just the X18 ...S1 interaction.
1DQJ|||DB32A|||[electrostatic][hbond][saltBridge]|||---1dqj-li2000.pdf|||In the complex, Lys97 is neutralized by forming a salt bridge with VH Asp32, the only charged residue found in the antibody-combining site;
1DQJ|||DB32A|||[electrostatic][hbond][saltBridge]|||---1dqj-li2000.pdf|||The interactions between HyHEL-63 and HEL include extensive van der Waals contacts and hydrogen bonds, as well as one salt bridge (VH Asp32 Oδ2-HEL Lys97 Nú).
1DQJ|||DC101A|||[hbond]|||---1dqj-li2000.pdf|||In addition to concerted movements of the peptide backbone, changes in the orientations of several side chains also occur upon complex formation. For instance, in the free Fab structures, the side chain of VH Ser56 has nearly the same orientation, while in the complex, the side chain rotates about 100° to make hydrogen bonds with HEL residues Asp101 and Gly102 (Figure 6B).
1DQJ|||DC101A||||||---1dqj-li2000.pdf|||In contrast to the contacting surface of the antibody, hydrophilic residues predominate on the HEL side of the Interface. … Of the 16 hydrophilic residues, 7 are charged (Arg14, Asp18, Arg21, Arg73, Lys96, Lys97, and Asp101). … 5 of them positively. However, the charged side chains are mostly located at the periphery of the HEL binding surface and tend to point away from the center of the interface, resulting in a rather neutral binding surface (Figure 4B). … The negative charge of HEL Asp101 is partially neutralized by the Nδ2 group of HEL Asn103. In the complex, HEL Asp101 is completely buried and forms six hydrogen bonds with VH residues Ser52, Ser54, Ser56, and Tyr58 (Table 2).
1DQJ|||KC96A|||[hbond-waterMediated]||||||Wat23 is only present in the HyHEL-63-HEL complex, making hydrogen bonds to VL Asn31 Oδ1 and to Asn23 Nδ2 and Lys96 Nú of HEL.
1DQJ|||KC96A|||[hbond]||||||The side chains of HEL residues Lys96 and Lys97 intercalate between antibody residues VL Tyr50, VH Tyr33, and VH Trp98. In the complex, Lys97 is neutralized by forming a salt bridge with VH Asp32, the only charged residue found in the antibody-combining site; Lys96 is neutralized by hydrogen bonding to VL Asn31 and VL Asn32 (Table 2).
1DQJ|||KC96A|||[info]|||--- part of the water-cavity for the water-mediated interface.|||In particular, the surface defined by VL residues Ser91 and Tyr96 and VH residues Trp98 and Tyr50 is up to 1.6 Å away from the surface defined by HEL residues Tyr20, Arg21, Lys96, Lys97, and Ser100, creating a large cavity. Three water molecules (designated as Wat4, Wat13, and Wat23) are completely buried between these two surfaces, filling the cavity and enhancing surface complementarity (Figure 5).
1DQJ|||KC97A|||[hbond] [electrostatic] [salt bridge]||||||The interactions between HyHEL-63 and HEL include extensive van der Waals contacts and hydrogen bonds, as well as one salt bridge (VH Asp32 Oδ2-HEL Lys97 Nú).
1DQJ|||KC97A|||[info]|||--- part of the water-cavity for the water-mediated interface.|||In particular, the surface defined by VL residues Ser91 and Tyr96 and VH residues Trp98 and Tyr50 is up to 1.6 Å away from the surface defined by HEL residues Tyr20, Arg21, Lys96, Lys97, and Ser100, creating a large cavity. Three water molecules (designated as Wat4, Wat13, and Wat23) are completely buried between these two surfaces, filling the cavity and enhancing surface complementarity (Figure 5).
1DQJ|||KC97A|||[info]||||||In contrast, HEL Lys97, which also displays very different side chain conformations in the free HEL structures (48-50), has very similar conformations in the HyHEL-63-HEL and HyHEL-10-HEL complexes, which differ from those in the free antigen structures. The conformation of HEL Lys97 in the complexes is likely to be restricted by the bulky side chainsof VH residues Tyr33 and Trp98, as well as by the salt bridgeto VH Asp32 (Table 2).
1DQJ|||KC97A|||[salt bridge]||||||The side chains of HEL residues Lys96 and Lys97 intercalate between antibody residues VL Tyr50, VH Tyr33, and VH Trp98. In the complex, Lys97 is neutralized by forming a salt bridge with VH Asp32, the only charged residue found in the antibody-combining site.
1DQJ|||LC75A|||[hydrophobic]||||||Residue VH CDR2 Tyr53, at the periphery of the interface, is 79% buried and penetrates into a cleft of the antigen, interacting with HEL residues Trp62, Trp63, Leu75, Asp101, and Asn103 (Table 2).
1DQJ|||NA31A|||[hbond]|||---1dqj-li2000.pdf|||The side chains of HEL residues Lys96 and Lys97 intercalate between antibody residues VL Tyr50, VH Tyr33, and VH Trp98. In the complex, Lys97 is neutralized by forming a salt bridge with VH Asp32, the only charged residue found in the antibody-combining site; Lys96 is neutralized by hydrogen bonding to VL Asn31 and VL Asn32 (Table 2).
1DQJ|||NA31A||||||---1dqj-li2000.pdf|||Wat23 is only present in the HyHEL-63-HEL complex, making hydrogen bonds to VL Asn31 Oδ1 and to Asn23 Nδ2 and Lys96 Nú of HEL.
1DQJ|||NA32A|||[hbond]|||---1dqj-li2000.pdf|||The side chains of HEL residues Lys96 and Lys97 intercalate between antibody residues VL Tyr50, VH Tyr33, and VH Trp98. In the complex, Lys97 is neutralized by forming a salt bridge with VH Asp32, the only charged residue found in the antibody-combining site; Lys96 is neutralized by hydrogen bonding to VL Asn31 and VL Asn32 (Table 2).
1DQJ|||NC93A|||[not documented]||||||
1DQJ|||RC21A|||[hbond-waterMediated]||||||Wat13 bridges VL residues Ser91 and Tyr96 and HEL residues Tyr20 and Arg21.
1DQJ|||RC21A|||[hbond]||||||Although HEL residues Arg21 and Arg73 are only partially buried (80 and 68%, respectively), they contribute 13% (131 Å2 ) and 10% (92 Å2), respectively, of the total buried surface area of the antigen (Table 3). The HEL Arg21 side chain is stabilized by hydrogen bonds to the hydroxy groups of VL Tyr96 and VH Tyr50 and to two water molecules (see below),
1DQJ|||SA91A|||[hbond-waterMediated]|||---1dqj-li2000.pdf|||In particular, the surface defined by VL residues Ser91 and Tyr96 and VH residues Trp98 and Tyr50 is up to 1.6 Å away from the surface defined by HEL residues Tyr20, Arg21, Lys96, Lys97, and Ser100, creating a large cavity. Three water molecules (designated as Wat4, Wat13, and Wat23) are completely buried between these two surfaces, filling the cavity and enhancing surface complementarity (Figure 5). … Wat4 makes two hydrogen bonds to VL residues Tyr50 and Ser91 and one hydrogen bond to HEL residue Tyr20, as well as to a water molecule (Table 4). Wat13 bridges VL residues Ser91 and Tyr96 and HEL residues Tyr20 and Arg21.
1DQJ|||SC100A|||[not documented]||||||In particular, the surface defined by VL residues Ser91 and Tyr96 and VH residues Trp98 and Tyr50 is up to 1.6 Å away from the surface defined by HEL residues Tyr20, Arg21, Lys96, Lys97, and Ser100, creating a large cavity.Note: it’s part of a cavity, but there is no other mention.
1DQJ|||TC89A|||[not documented]||||||
1DQJ|||WB98A|||[hydrophobic]|||---1dqj-li2000.pdf|||Of the 20 contacting residues of HyHEL-63, 8 are aromatic (Table 3). Four of the 8 aromatic residues (VL CDR2 Tyr50, VL CDR3 Tyr96, VH CDR1 Tyr33, and VH CDR2 Tyr50) are completely or predominantly (>90%) buried in the interface. These residues form a hydrophobic cluster centered about another aromatic residue, VH CDR3 Trp98.  Although VH Trp98 is only 73% buried upon complex formation, it contributes 60 Å2 to the buried surface area and makes 11 van der Waals contacts with HEL.
1DQJ|||WC62A|||[hydrophobic]||||||Residue VH CDR2 Tyr53, at the periphery of the interface, is 79% buried and penetrates into a cleft of the antigen, interacting with HEL residues Trp62, Trp63, Leu75, Asp101, and Asn103 (Table 2).
1DQJ|||WC63A|||[hydrophobic]||||||Residue VH CDR2 Tyr53, at the periphery of the interface, is 79% buried and penetrates into a cleft of the antigen, interacting with HEL residues Trp62, Trp63, Leu75, Asp101, and Asn103 (Table 2).
1DQJ|||YA50A|||[hbond-waterMediated]|||---1dqj-li2000.pdf|||The HEL Arg21 side chain is stabilized by hydrogen bonds to the hydroxy groups of VLTyr96 and VH Tyr50 and to two water molecules (see below),
1DQJ|||YA50A|||[hydrophobic]|||---1dqj-li2000.pdf|||Of the 20 contacting residues of HyHEL-63, 8 are aromatic (Table 3). Four of the 8 aromatic residues (VL CDR2 Tyr50, VL CDR3 Tyr96, VH CDR1 Tyr33, and VH CDR2 Tyr50) are completely or predominantly (>90%) buried in the interface. These residues form a hydrophobic cluster centered about another aromatic residue, VH CDR3 Trp98.
1DQJ|||YA50A||||||---1dqj-li2000.pdf|||Wat4 makes two hydrogen bonds to VL residues Tyr50 and Ser91
1DQJ|||YA96A|||[hbond-waterMediated]|||---1dqj-li2000.pdf|||In particular, the surface defined by VL residues Ser91 and Tyr96 and VH residues Trp98 and Tyr50 is up to 1.6 Å away from the surface defined by HEL residues Tyr20, Arg21, Lys96, Lys97, and Ser100, creating a large cavity. Three water molecules (designated as Wat4, Wat13, and Wat23) are completely buried between these two surfaces, filling the cavity and enhancing surface complementarity (Figure 5). … Wat4 makes two hydrogen bonds to VL residues Tyr50 and Ser91 and one hydrogen bond to HEL residue Tyr20, as well as to a water molecule (Table 4). Wat13 bridges VL residues Ser91 and Tyr96 and HEL residues Tyr20 and Arg21.
1DQJ|||YA96A|||[hbond]|||---1dqj-li2000.pdf|||The HEL Arg21 side chain is stabilized by hydrogen bonds to the hydroxy groups of VL Tyr96 and VH Tyr50 and to two water molecules (see below),
1DQJ|||YA96A|||[hydrophobic]|||---1dqj-li2000.pdf|||Of the 20 contacting residues of HyHEL-63, 8 are aromatic (Table 3). Four of the 8 aromatic residues (VL CDR2 Tyr50, VL CDR3 Tyr96, VH CDR1 Tyr33, and VH CDR2 Tyr50) are completely or predominantly (>90%) buried in the interface. These residues form a hydrophobic cluster centered about another aromatic residue, VH CDR3 Trp98.
1DQJ|||YB33A|||[hydrophobic]|||---1dqj-li2000.pdf|||Of the 20 contacting residues of HyHEL-63, 8 are aromatic (Table 3). Four of the 8 aromatic residues (VL CDR2 Tyr50, VL CDR3 Tyr96, VH CDR1 Tyr33, and VH CDR2 Tyr50) are completely or predominantly (>90%) buried in the interface. These residues form a hydrophobic cluster centered about another aromatic residue, VH CDR3 Trp98.
1DQJ|||YB50A|||[hbond]|||---1dqj-li2000.pdf|||The HEL Arg21 side chain is stabilized by hydrogen bonds to the hydroxy groups of VL Tyr96 and VH Tyr50 and to two water molecules (see below), while Arg73 makes hydrogen bonds to the main chain carbonyl group of VH Thr30.
1DQJ|||YB50A|||[hydrophobic]|||---1dqj-li2000.pdf|||Of the 20 contacting residues of HyHEL-63, 8 are aromatic (Table 3). Four of the 8 aromatic residues (VL CDR2 Tyr50, VL CDR3 Tyr96, VH CDR1 Tyr33, and VH CDR2 Tyr50) are completely or predominantly (>90%) buried in the interface. These residues form a hydrophobic cluster centered about another aromatic residue, VH CDR3 Trp98.
1DQJ|||YB53A|||[hbond]|||---1dqj-li2000.pdf|||As shown in Table 2, VH residues Tyr53, Ser54, and Ser56 make a total of 6 hydrogen bonds with HEL.
1DQJ|||YB53A||||||---1dqj-li2000.pdf|||The loop of residues 99-104 comprises part of the epitope recognized by HyHEL-63, contributing 8 hydrogen bonds between HEL residues Asp101, Gly102, and Asn103 and VH CDR2 residues Ser52, Tyr53, Ser54, Ser56, and Tyr58 (Table 2).
1DQJ|||YC20A|||[hbond]||||||Thus, HEL residues Lys97 and Tyr20 are located at the center of the interface and are completely (Tyr20), or almost completely (Lys97), buried upon complex formation. In addition, the side chain nitrogen of HEL Lys97 forms a salt bridge with the side chain carboxylate moiety of VH Asp32, while the HEL Tyr20 hydroxy group hydrogen bonds with the amide nitrogen of VL Gln53 (Table 2).
1DQJ|||YC20A|||[hydrophobic]|||---1dqj-li2000.pdf|||Of the three aromatic residues, Tyr20 is completely buried in the interface and points toward the hydrophobic cluster at the antibody-combining site.
1DVF|||DB100A|||[conformational] [hbond] [salt bridge]|||---1dvf-000.pdf|||Only substitutions VHD100A and VHY101A greatly affect the binding to both HEL and E5.2. Residue VHY101 contacts HEL and E5.2 mainly through its aromatic side chain while VHD100 forms an internal salt bridge with VHR102, which may be important for maintaining the conformation of the VHCDR3 loop of D1.3 (Bhat et al., 1994; Fields et al., 1995).
1DVF|||DB100A|||[conformational] [hbond]|||---1dvf-braden1996.pdf|||Since the D1.3 and E5.2 atoms in the polar interactions with the zinc ion are within hydrogen-bonding distance, or in close contact, the conformation of these interacting residues may not be changed by deletion of the zinc ion. Thus, D1.3 VH atom Asp100 Od1 would likely form a hydrogen bond to E5.2 VH atom His33 Ne2.  Figures 3 and 4 demonstrate the hydrogen bond network between the interacting residues of D1.3 and E5.2.
1DVF|||DB54A|||[hbond] [vanDerWaals]|||---1dvf-001.pdf|||Residues interacting through more solvent-exposed hydrogen bonds (D1.3VHD54 Oδ2‚‚‚Oη E5.2VLY49, D1.3VH-D58 Oδ1‚‚‚N2 E5.2VHQ100, and D1.3VLY49 Oη‚‚‚Nδ2 E5.2VHN54) have significantly lower coupling energies (1.7, 1.7, and 1.6 kcal/mol, respectively; Table 2). In addition to the solvated hydrogen bonds, residues D1.3VHD54 and E5.2VLY49 (Figure 3b) make three van der Waals contacts, while the D1.3VHD58-E5.2VHQ100 and D1.3VLY49-E5.2VHN54 interactions include one additional van der Waals contact each.  The ∆∆Gint values for these residue pairs are consistent with those found for deleting hydrogen bonds within neutral-neutral pairs (about 1.5 kcal/mol; Fersht et al., 1985; Street et al., 1986; Alber et al., 1987; Shirley et al., 1992; Serrano et al., 1992). However, the interactions between D1.3VHD54 and E5.2VLY49 and between D1.3VH-D58 and E5.2VHQ100 involve charged-neutral pairs, forwhich coupling energies of about 4 kcal/mol might be expected. Since hydrogen bonds are essentially electrostatic interactions between atoms of opposite partial charge, this discrepancy may reflect, in part, a higher dielectric constant in the more peripheral regions of the FvD1.3-FvE5.2 interface which would tend to weaken the strength of such interactions. These results illustrate the importance of local environment, in addition to bond geometry and the magnitudes of the partial charges on the donor and acceptor atoms, in determining the relative strengths of different types of hydrogen bonds.
1DVF|||DB54A||||||---1dvf-001.pdf|||A similar pattern is observed for the FvD1.3-FvE5.2 complex, with the most important residues (VLY32, VHW52, VHD54, VHE98, VH-D100, and VHY101) forming a central band of key contacts.The D1.3VHD54A substitution decreases the KA of the D1.3-E5.2 interaction by ap-proximately 1000-fold but has little effect on the affinity of D1.3 for HEL (Dall’Acqua et al., 1996).
1DVF|||DB58A|||[hbond][vanDerWaals]|||---1dvf-001.pdf|||Residues interacting through more solvent-exposed hydrogen bonds (D1.3VHD54 Oδ2‚‚‚Oη E5.2VLY49, D1.3VH-D58 Oδ1‚‚‚N2 E5.2VHQ100, and D1.3VLY49 Oη‚‚‚Nδ2 E5.2VHN54) have significantly lower coupling energies (1.7, 1.7, and 1.6 kcal/mol, respectively; Table 2). In addition to the solvated hydrogen bonds, …  the D1.3VHD58-E5.2VHQ100 and D1.3VLY49- E5.2VHN54 interactions include one additional van der Waals contact each.However, the interactions between D1.3VHD54 and E5.2VLY49 and between D1.3VH-D58 and E5.2VHQ100 involve charged-neutral pairs, for which coupling energies of about 4 kcal/mol might be expected. Since hydrogen bonds are essentially electrostatic interactions between atoms of opposite partial charge, this discrepancy may reflect, in part, a higher dielectric constant in the more peripheral regions of the FvD1.3-FvE5.2 interface which would tend to weaken the strength of such interactions. These results illustrate the importance of local environment, in addition to bond geometry and the magnitudes of the partial charges on the donor and acceptor atoms, in determining the relative strengths of different types of hydrogen bonds.
1DVF|||DD52A|||[hbond-ionMediated]|||---1dvf-001.pdf|||Two of the cycles, corresponding to residue pairs D1.3VH-D100-E5.2VHH33 and 1.3VHD100-E5.2VHD52, yielded unexpectedly low coupling energies, 0.6 and 0.2 kcal/mol, respectively (Table 2); these values are as low as, or lower than, for certain quite distant residues (see below). In the crystal structure, these residues are linked through two polar interactions mediated by a Zn2+ ion from the crystallization solution: D1.3VHD100 Oδ1‚‚‚Zn2+‚‚‚N2 E5.2VHH33 and D1.3VHD100 Oδ1 ‚‚‚Zn2+‚‚‚Oδ1 E5.2VHD52 (Figure 3d).Although zinc was not present in the buffer used for affinity measurements (which also includes EDTA), residues D1.3VH-D100 and E5.2VHH33 (but probably not D1.3VHD100 and E5.2VHD52, which are both negatively charged) might be expected to form direct or solvent-mediated hydrogen bonds in its absence.
1DVF|||EB98A|||[hbond][vanDerWaals]|||---1dvf-001.pdf|||Coupling energies were calculated according to eq 2. The interaction between D1.3VHE98 and E5.2VHY98 has the largest ∆∆Gint, 4.3 kcal/mol (Table 2). These two residues form a buried hydrogen bond (D1.3VHE98 O1‚‚‚Oη E5.2VH-Y98) with good geometry in the crystal structure (Figure 3a). Our ∆∆Gint value for this residue pair is consistent with the energies measured for deletion of a hydrogen bond within a neutral-charged pair in other systems (about 4 kcal/mol;Fersht et al., 1985; Street et al., 1986; Fersht & Serrano, 1993). However, it is important to note that only part of the 4.3 kcal/mol is likely to be attributable to the hydrogen bond alone, since five van der Waals contacts should also be lost in the double mutant.
1DVF|||EB98A||||||---1dvf-001.pdf|||For example, E5.2 hot spot residues VHY98 and VHR100b make contact with D1.3 hot spot residues VH-E98 and VHY101, respectively.
1DVF|||HA30A|||[not documented]||||||
1DVF|||HD33A|||[not documented]||||||
1DVF|||ID97A|||[not documented]||||||
1DVF|||KD30A|||[not documented]||||||
1DVF|||NB56A|||[vanDerWaals]|||---1dvf-001.pdf|||Residues which interact only through van der Waals contacts tend to show slightly lower coupling energies. The three pairs tested (D1.3VHW52-E5.2VHQ100, D1.3VLY32-E5.2VHR100b, and D1.3VHN56-E5.2VHQ100) make two or three van der Waals contacts between their side chains that are expected to be lost upon alanine substitution (Table2). … A coupling energy of 1.3 kcal/mol was measured between D1.3VHN56 and E5.2VHQ100, in which three side chain-side chain van der Waals contacts should again be lost in the double mutant,
1DVF|||ND54A|||[hbond] [vanDerWaals]|||---1dvf-001.pdf|||Residues interacting through more solvent-exposed hydrogen bonds (D1.3VHD54 Oδ2‚‚‚Oη E5.2VLY49, D1.3VH-D58 Oδ1‚‚‚N2 E5.2VHQ100, and D1.3VLY49 Oη‚‚‚Nδ2 E5.2VHN54) have significantly lower coupling energies (1.7,1.7, and 1.6 kcal/mol, respectively; Table 2). In addition to the solvated hydrogen bonds, residues D1.3VHD54 and E5.2VLY49 (Figure 3b) make three van der Waals contacts, while the D1.3VHD58-E5.2VHQ100 and D1.3VLY49-E5.2VHN54 interactions include one additional van der Waals contact each. The ∆∆Gint values for these residue pairs are consistent with those found for deleting hydrogen bonds within neutral-neutral pairs (about 1.5 kcal/mol; Fersht et al., 1985; Street et al., 1986; Alber et al., 1987; Shirley et al., 1992; Serrano et al., 1992).
1DVF|||QD100A|||[hbond][vanDerWaals]|||---1dvf-001.pdf|||Residues interacting through more solvent-exposed hydrogen bonds (D1.3VHD54 Oδ2 ‚‚‚Oη E5.2VLY49, D1.3VH- D58 Oδ1 ‚‚‚N2 E5.2VHQ100, and D1.3VLY49 Oη‚‚‚Nδ2 E5.2VHN54) have significantly lower coupling energies (1.7, 1.7, and 1.6 kcal/mol, respectively; Table 2). In addition to the solvated hydrogen bonds, residues D1.3VHD54 and E5.2VLY49 (Figure 3b) make three van der Waals contacts, while the D1.3VHD58-E5.2VHQ100 and D1.3VLY49- E5.2VHN54 interactions include one additional van der Waals contact each. The ∆∆Gint values for these residue pairs are consistent with those found for deleting hydrogen bonds within neutral-neutral pairs (about 1.5 kcal/mol; Fersht et al., 1985; Street et al., 1986; Alber et al., 1987; Shirley et al., 1992; Serrano et al., 1992). However, the interactions between D1.3VHD54 and E5.2VLY49 and between D1.3VH-D58 and E5.2VHQ100 involve charged-neutral pairs, for which coupling energies of about 4 kcal/mol might be expected. Since hydrogen bonds are essentially electrostatic interactions between atoms of opposite partial charge, this discrepancy may reflect, in part, a higher dielectric constant in the more peripheral regions of the FvD1.3-FvE5.2 interface which would tend to weaken the strength of such interactions. These results illustrate the importance of local environment, in addition to bond geometry and the magnitudes of the partial charges on the donor and acceptor atoms, in determining the relative strengths of different types of hydrogen bonds.
1DVF|||RB99A|||[not documented]|||-- probably hydrogen bond activity|||
1DVF|||RD100bA|||[vanDerWaals]|||---1dvf-001.pdf|||Residues which interact only through van der Waals contacts tend to show slightly lower coupling energies. The three pairs tested (D1.3VHW52-E5.2VHQ100, D1.3VLY32- E5.2VHR100b, and D1.3VHN56-E5.2VHQ100) make two or three van der Waals contacts between their side chains that are expected to be lost upon alanine substitution (Table 2). .. A coupling energy of 1.3 kcal/mol was measured between D1.3VHN56 and E5.2VHQ100, in which three side chain-side chain van der Waals contacts should again be lost in the double mutant, and of 1.5 kcal/mol between D1.3VL-Y32 and E5.2VHR100b, in which only two such contacts should be lost.
1DVF|||SA93A|||[no documentation]|||--limited effect on binding with E5.2 (1dvf-000.pdf)|||Mutations at nine other contact positions (VLH30, VLY49, VLY50, VLS93, VHY32, VHW52, VHD54, VHD58, and VHR99) had little or no effect (<1.0 kcal/mol).
1DVF|||TB30A|||[not documented]|||---1dvf-000.pdf|||Mutations at positions VLY50, VLW92, and VHT30 had little or no effect (<1.0 kcal/mol). Thus, of the 15 contact residues tested, 12 make significant contributions to binding E5.2.
1DVF|||WA92A|||[no documentation]|||----1dvf-000.pdf|||For instance, alanine substitution at position VLW92 of D1.3 produces a 100-fold decrease inaffinity for HEL but does not appreciably affect binding to E5.2 (Table 1).
1DVF|||WA92A|||[no documentation]|||--limited effect on binding with E5.2 (1dvf-000.pdf)|||Mutations at positions VLY50, VL-W92, and VHT30 had little or no effect (<1.0 kcal/mol).
1DVF|||WB52A|||[hydrophobic]|||---1dvf-001.pdf|||However, these values should only be considered upper limits for the energies of van der Waals interactions in protein-protein interfaces since they almost certainly include significant contributions from the hydrophobic effect. These contributions may be particularly large for the D1.3VHW52-E5.2VH-Q100 and D1.3VLW92-HEL interactions as they involve tryptophan residues.
1DVF|||WB52A|||[vanDerWaals]|||---1dvf-001.pdf|||Residues which interact only through van der Waals contacts tend to show slightly lower coupling energies. The three pairs tested (D1.3VHW52-E5.2VHQ100, D1.3VLY32- E5.2VHR100b, and D1.3VHN56-E5.2VHQ100) make two or three van der Waals contacts between their side chains that are expected to be lost upon alanine substitution (Table 2). The highest coupling energy (1.6 kcal/mol) is observed between D1.3 residue VHW52 and E5.2 residue VHQ100. Alanine substitution should result in the loss of three side chain-side chain contacts, while a number of main chain-main chain interactions should be preserved (Figure 3c).
1DVF|||WB52A||||||---1dvf-001.pdf|||Conversely, the VHW52A substitution decreases affinity for E5.2 1000-fold but has virtually noeffect on binding to HEL.
1DVF|||YA32A (ddG-> 2.0 kcal/mol)|||[hydrophobic]|||---1dvf-001.pdf|||Residues which interact only through van der Waals contacts tend to show slightly lower coupling energies. The three pairs tested (D1.3VHW52-E5.2VHQ100, D1.3VLY32- E5.2VHR100b, and D1.3VHN56-E5.2VHQ100) make two or three van der Waals contacts between their side chains that are expected to be lost upon alanine substitution (Table 2). The highest coupling energy (1.6 kcal/mol) is observed between D1.3 residue VHW52 and E5.2 residue VHQ100. Alanine substitution should result in the loss of three side chain-side chain contacts, while a number of main chain-main chain interactions should be preserved (Figure 3c). A coupling energy of 1.3 kcal/mol was measured between D1.3VHN56 and E5.2VHQ100, in which three side chain-side chain van der Waals contacts should again be lost in the double mutant, and of 1.5 kcal/mol between D1.3VL-Y32 and E5.2VHR100b, in which only two such contacts should be lost. On this basis, we can calculate that each van der Waals contact contributes from 0.4 to 0.7 kcal/mol to complex stabilization.
1DVF|||YA49A (ddG-> 1.9 kcal/mol)|||[hbond] [vanDerWaals]|||---1dvf-001.pdf|||Residues interacting through more solvent-exposed hydrogen bonds (D1.3VHD54 Oδ2‚‚‚Oη E5.2VLY49, D1.3VH-D58 Oδ1‚‚‚N2 E5.2VHQ100, and D1.3VLY49 Oη‚‚‚Nδ2 E5.2VHN54) have significantly lower coupling energies (1.7, 1.7, and 1.6 kcal/mol, respectively; Table 2). In addition to the solvated hydrogen bonds, residues D1.3VHD54 and E5.2VLY49 (Figure 3b) make three van der Waals contacts, while the D1.3VHD58-E5.2VHQ100 and D1.3VLY49-E5.2VHN54 interactions include one additional van der Waals contact each.  The ∆∆Gint values for these residue pairs are consistent with those found for deleting hydrogen bonds within neutral-neutral pairs (about 1.5 kcal/mol; Fersht et al., 1985; Street et al., 1986; Alber et al., 1987; Shirley et al., 1992; Serrano et al., 1992). However, the interactions between D1.3VHD54 and E5.2VLY49 and between D1.3VH-D58 and E5.2VHQ100 involve charged-neutral pairs, for which coupling energies of about 4 kcal/mol might be expected. Since hydrogen bonds are essentially electrostatic interactions between atoms of opposite partial charge, this discrepancy may reflect, in part, a higher dielectric constant in the more peripheral regions of the FvD1.3-FvE5.2 interface which would tend to weaken the strength of such interactions. These results illustrate the importance of local environment, in addition to bond geometry and the magnitudes of the partial charges on the donor and acceptor atoms, in determining the relative strengths of different types of hydrogen bonds.
1DVF|||YA49A (ddG-> 1.9 kcal/mol)|||[hbond]|||---1dvf-001.pdf|||Substitutions at the other seven positions tested (VLY49, VHK30, VHH33, VHD52, VHN54, VHI97, and VHQ100) also resulted in significant effects on binding (1.0-2.8 kcal/mol). These results support the conclusion of Dall’Acqua et al. (1996) that stabilization of the D1.3-E5.2 complex is achieved by the accumulation of many productive interactions of varying strength over the entire interface between the two proteins.
1DVF|||YA49A (ddG-> 1.9 kcal/mol)|||[hbond]||||||Figure 2 shows the residues of D1.3 and E5.2 important in complex stabilization mapped onto the three-dimensional structure of each Fv fragment. A comparison of the two functional epitopes reveals that hot spot positions on the E5.2 side of the interface generally correspond to hot spots on the D1.3 side.  For example, D1.3 residue VLY49 (∆∆G ) 1.7 kcal/mol) interacts with the E5.2 residue VHN54 (1.6 kcal/mol) in the crystal structure.
1DVF|||YA50A|||[hbond] [vanDerWaals]|||--1dvf-001.pdf|||In the Ab1-Ag complex the hydroxyl group of D1.3 VL Tyr50 forms a hydrogen bond toHEL atom Asp18 Od2 whereas in the Ab1-anti-Id Ab2 complex the hydroxyl group is hydrogenbonded to E5.2 atom Gln58 Ne2 [this complex]. Nonetheless, as an hydroxyl group can be either a proton donor or acceptor, the functional mimicry of these interactions is maintained.
1DVF|||YA50A||||||--1dvf-001.pdf|||For example, substitution of D1.3 residues VLY50 and VLW92, whose side chains make a number of van der Waals contacts with residues of E5.2, causes losses in binding energy ofonly 0.7 and 0.3 kcal/mol, respectively.
1DVF|||YA50A||||||--1dvf-001.pdf|||Mutations at nine other contact positions(VLH30, VLY49, VLY50, VLS93, VHY32, VHW52, VHD54,VHD58, and VHR99) had little or no effect (<1.0 kcal/mol).
1DVF|||YB101F|||[hbond-waterMediated]||||||The solvent structure of the Id-anti-Id complex contributes to the mimicry of the Ag. As shown in Figure 7, a water molecule in the Ab1-anti-Id Ab2 complex structurally and functionally substitutes for the amide nitrogen atom of HEL Val120, making the same bond to the hydroxylgroup of D1.3 VH Tyr101.
1DVF|||YB101F|||[hbond]|||---1dvf-braden1996.pdf|||As can be inferred from Figure 2 and the interactions listed in Table 2, much of the mimicryof E5.2 for HEL resides in the similar interactions made by the VH CDR3 (H3) loop of the anti-Id and residues 116 to 121 of the Ag. Figure 7 demonstrates the mimicry of HEL residues 117 to 121. Shown therein are two of the six mimicked hydrogen-bond interactions (D1.3 VH Tyr101-HEL Asp119; D1.3 VH Tyr101-E5.2 VH Gly100a and D1.3 VH Gly53 N-HEL Gly117 O; D13 VH Gly53 N-E5.2 VH Tyr98 O).  … Specifically, E5.2 VH residue Tyr98 substitutes for three Ab1-Ag water molecules that bridge Ab1 atoms VH Glu98 Oe1 and VH Tyr101 N to Ag atoms Thr118 O and Gly117 N.
1DVF|||YB32A|||[not documented]||||||Note this is VH-Y32, the heavy chain, not VL Y32, which is the light chain.(Careful that there is a Tyr32 on both the light and heavy chains)Mutations at nine other contact positions (VLH30, VLY49, VLY50, VLS93, VHY32, VHW52, VHD54, VHD58, and VHR99) had little or no effect (<1.0 kcal/mol).
1DVF|||YC49A|||[hbond][vanDerWaals]|||--1dvf-001.pdf|||Residues interacting through more solvent-exposed hydrogen bonds (D1.3VHD54 Oδ2‚‚‚Oη E5.2VLY49, D1.3VH-D58 Oδ1‚‚‚N2 E5.2VHQ100, and D1.3VLY49 Oη‚‚‚Nδ2 E5.2VHN54) have significantly lower coupling energies (1.7,1.7, and 1.6 kcal/mol, respectively; Table 2). In addition to the solvated hydrogen bonds, residues D1.3VHD54 and E5.2VLY49 (Figure 3b) make three van der Waals contacts, while the D1.3VHD58-E5.2VHQ100 and D1.3VLY49- E5.2VHN54 interactions include one additional van der Waals contact each. … However, the interactions between D1.3VHD54 and E5.2VLY49 and between D1.3VH-D58 and E5.2VHQ100 involve charged-neutral pairs, for which coupling energies of about 4 kcal/mol might be expected. Since hydrogen bonds are essentially electrostatic interactions between atoms of opposite partial charge, this discrepancy may reflect, in part, a higher dielectric constant in the more peripheral regions of the FvD1.3-FvE5.2 interface which would tend to weaken the strength of such interactions. These results illustrate the importance of local environment, in addition to bond geometry and the magnitudes of the partial charges on the donor and acceptor atoms, in determining the relative strengths of different types of hydrogen bonds.
1DVF|||YC49A||||||--1dvf-001.pdf|||For example, D1.3 residue VLY49 (∆∆G ) 1.7 kcal/mol) interacts with the E5.2 residue VHN54 (1.6 kcal/mol) in the crystal structure.
1DVF|||YC49A||||||--1dvf-001.pdf|||Substitutions at the other seven positions tested (VLY49, VHK30, VHH33, VHD52, VHN54, VHI97, and VHQ100) also resulted in significant effects on binding (1.0-2.8 kcal/mol). These results support the conclusion of Dall’Acqua et al. (1996) that stabilization of the D1.3-E5.2 complex is achieved by the accumulation of many productive interactions of varying strength over the entire interface between the two proteins.
1DVF|||YD98A|||[hbond]||||||Coupling energies were calculated according to eq 2. The interaction between D1.3VHE98 and E5.2VHY98 has the largest ∆∆Gint, 4.3 kcal/mol (Table 2). These two residues form a buried hydrogen bond (D1.3VHE98 O1‚‚‚Oη E5.2VH-Y98) with good geometry in the crystal structure (Figure 3a). … However, it is important to note that only part of the 4.3 kcal/mol is likely to be attributable to the hydrogen bond alone, since five van der Waals contacts should also be lost in the double mutant.  In addition, a significant hydrophobic contribution can be expected from the burial of E5.2 residue VHY98 upon complex formation.
1E50|||DA66A|||[NOT a salt bridge]||||||Finally, in the case of the CBFa D66A, D110A, E111A, and D110A/E111A mutants, not only is the facilitation of CBFa-DNA binding by CBFb not impaired, in some cases it is actually further en- hanced, indicating that the salt bridge contributions of Asp66, Asp110, and Glu111 are not critically important for the enhancement.
1E50|||DA66A|||[hbond]|||---1e50-001.pdf|||Near this site, the side chain of Asn69 and backbone of Asp66 of CBFa are hydrogen bonded to the backbone of Pro2 and side chain of Lys11 of CBFb, respectively,
1E50|||DA66A|||[hbond]|||---1e50-001.pdf|||The stabilized Thr161 back-bone is also hydrogen bonded to the backbone of Asp66 of L1, while the Asp66 side chain conformation is altered by the steric effect of the side chain of Asn104 of CBFb, resulting in formation of a hydrogen bonding network with the backbone of Thr161 and the backbone and side chain of His163 of L11.
1E50|||IA33N|||[not documented]||||||
1E50|||MA106A|||[hydrophobic][vanDerWaals]|||---1e50-001.pdf|||Area I extends to the central hydrophobic region situated between b5, b10, L10, b11, and L11 of CBFb, where Met106, Thr151, Phe153, Val159, and H163 of CBFa and Phe17, Asn63 (methylene part), Leu64, and Ser65 (methylene part) of CBFb are involved in van der Waals contacts.
1E50|||MA106A|||[steric]|||---1e50-001.pdf|||Others (e.g., M106V or G108R) impair CBFa-CBFb binding by specifically affecting the recognition residues at the CBFa-CBFb interface. For instance, replacement of Met106 with a b-branched valine would cause steric hindrance between the branched methyl group of valine and the methylene part of Asn63 of CBFb,
1E50|||NA109A|||[hbond]|||---1e50-001.pdf|||In the case of the CBFa N109A mutant, destabilization of the conformation of the L5 loop is more critical, because in wild-type CBFa, the side chain of Asn109 is well stabilized by two hydrogen bonds with the back-bones of Ser145 and Gly108. The N109A mutation thus causes an almost total loss of the heterodimerization.
1E50|||NA26H|||[not documented]||||||
1E50|||NA69A|||[hbond]|||--1e50-001.pdf|||In addition, around the L1 region, the side chain of Asn69, which interacts with the Pro2 backbone of CBFb, becomes hydrogen bonded to the backbone of Gly95 and the side chain of Gln158 to bridge L4 and b11. Acting in concert, the interactions just described enable CBFa to grip the DNA molecule at both the major and minor grooves.
1E50|||NA69A|||[hbond]|||--1e50-001.pdf|||Near this site, the side chain of Asn69 and backbone of Asp66 of CBFa are hydrogen bondedto the backbone of Pro2 and side chain of Lys11 of CBFb, respectively, and Pro68 of CBFa makes a van der Waals contact with Val5 of CBFb, stabilizing the N-terminal regions of both subunits.
1E50|||NB104A|||[hbond]|||---1e50-000.pdf|||Thr-161, the second energetic hot spot residue, is located in the G strand in the Runt domain. Comparison of binary and ternary complex structures with those of the free Runt domain reveals Thr-161 makes main chain and side chain hydrogen bonding interactions to CBF residue Asn-104 (Fig. 6B). CBF Asn-104 was identified as making one of the most critical contacts for heterodimerization, and Thr-161 also appears to play the same role in the Runt domain.
1E50|||NB104A|||[hbond]|||---1e50-001.pdf|||Area II consists of L1, L10, and b11 of CBFa and the N terminus, a1, b3, b5, and L5 of CBFb. This area con-tains a short, intermolecular, parallel b sheet, composed b11 of CBFa and b5 of CBFb (Figures 2B and 2C), with hydrogen bonds between the backbones of Pro157 and Val159 of CBFa and Ile102 and Asn104 of CBFb (Figure 3C). The hydrogen bonding network in the area around the parallel b sheet extends between the back-bone and side chain of Thr161 of CBFa and the side chain of Asn104 of CBFb.
1E50|||NB63A|||[hbond]||||||A hydrogen bonding network is formed in this area between the backbones and side chains of Ala107, Tyr113, and Ser114 of CBFa and the side chains of Asn63, Arg33, and Lys28 of CBFb; the phenol ring of Tyr113 also makes van der Waals contacts with Thr30 and Val58 of CBFb. In addition, the side chain of Thr149 of CBFa is hydrogen bonded to the backbone of Asn63 of CBFb. Area I extends to the central hydrophobic region situated between b5, b10, L10, b11, and L11 of CBFa and a2, b3, and L5 of CBFb, where Met106, Thr151, Phe153, Val159, and H163 of CBFa and Phe17, Asn63 (methylene part), Leu64, and Ser65 (methylene part) of CBFb are involved in van der Waals contacts.
1E50|||NB63A|||[neutral mutation: no mechanism]|||---1e50-001.pdf|||We also examined the effects of four additional alanine substitutions in CBF identified in later structural studies: Arg-33, Val-58, Asn-63, and Ser-65. Only R33A showed a significanteffect, decreasing the binding affinity for the Runt domain-DNA complex by 20-fold.
1E50|||RB33A|||[hbond]||||||We also examined the effects of four additional alanine sub-stitutions in CBF identified in later structural studies: Arg-33, Val-58, Asn-63, and Ser-65. Only R33A showed a significant effect, decreasing the binding affinity for the Runt domain-DNA complex by 20-fold. In the Runx1 Runt domain-CBF complex, the Arg-33 guanidino group interacts with the aro-matic ring of Tyr-113 via a hydrogen bond interaction with the hydroxyl group and perhaps also a cation- type of interaction that has been shown to be quite energetically favorable (59). Alanine substitution of Tyr-113 in the Runt domain resulted in a more modest (4.9-fold) increase in K3 (Table III).
1E50|||SA114A|||[backbone only]|||--1e50-001.pdf|||The Y113A and S114A mutations had little or no effect on heterodimerization (Table III).
1E50|||SA114A|||[hbond]|||---1e50-001.pdf|||A hydrogen bonding network is formed in this area between the backbones and side chains ofAla107, Tyr113, and Ser114 of CBFa and the side chains of Asn63, Arg33, and Lys28 of CBFb; the phenol ring of Tyr113 also makes van der Waals contacts with Thr30 and Val58 of CBFb.  <backbone only>
1E50|||SB65A|||[vanDerWaals]|||---1e50-001.pdf|||Area I extends to the central hydrophobic re-gion situated between b5, b10, L10, b11, and L11 ofCBFa and a2, b3, and L5 of CBFb, where Met106, Thr151, Phe153, Val159, and H163 of CBFa and Phe17, Asn63 (methylene part), Leu64, and Ser65 (methylene part) of CBFb are involved in van der Waals contacts.
1E50|||TA149A|||[not documented]||||||
1E50|||TA161A|||[hbond]|||---1e50-000.pdf|||Thr-161, the second energetic hot spot residue, is located in the G strand in the Runt domain. Comparison of binary and ternary complex structures with those of the free Runt domain reveals Thr-161 makes main chain and side chain hydrogen bonding interactions to CBF residue Asn-104 (Fig. 6B). CBF Asn-104 was identified as making one of the most critical contacts for heterodimerization, and Thr-161 also appears to play the same role in the Runt domain.
1E50|||TA161A|||[hbond]|||---1e50-001.pdf|||Area II consists of L1, L10, and b11 of CBFa and the N terminus, a1, b3, b5, and L5 of CBFb. This area con-tains a short, intermolecular, parallel b sheet, composed of b11 of CBFa and b5 of CBFb (Figures 2B and 2C), with hydrogen bonds between the backbones of Pro157 and Val159 of CBFa and Ile102 and Asn104 of CBFb (Figure 3C).
1E50|||TA161A|||[hbond]|||---1e50-001.pdf|||Here, by following the intermolecular parallel b sheet between b5 of CBFb and b11, one observes that the side chain of Asn104 of CBFb makes hydrogen bonds with the backbone andside chain of Thr161 of b11. The stabilized Thr161 back-bone is also hydrogen bonded to the backbone of Asp66 of L1, while the Asp66 side chain conformation is altered by the steric effect of the side chain of Asn104 of CBFb, resulting in formation of a hydrogen bonding network with the backbone of Thr161 and the backbone and side chain of His163 of L11.
1E50|||VA159A|||[hbond]|||---1e50-001.pdf|||Area II consists of L1, L10, and b11 of CBFa and the N terminus, a1, b3, b5, and L5 of CBFb. This area con-tains a short, intermolecular, parallel b sheet, composed of b11 of CBFa and b5 of CBFb (Figures 2B and 2C), with hydrogen bonds between the backbones of Pro157 and Val159 of CBFa and Ile102 and Asn104 of CBFb (Figure 3C).
1E50|||VA159A|||[hydrophobic][vanDerWaals]|||---1e50-001.pdf|||Area I extends to the central hydrophobic region situated between b5, b10, L10, b11, and L11 of CBFb, where Met106, Thr151, Phe153, Val159, and H163 of CBFa and Phe17, Asn63 (methylene part), Leu64, and Ser65 (methylene part) of CBFb are involved in van der Waals contacts.
1E50|||VB58A|||[vanDerWaals]|||---1e50-001.pdf|||the phenol ring of Tyr113 also makes van der Waals contacts with Thr30 and Val58 of CBFb.
1E50|||VB58A||||||---1e50-000.pdf|||[neutral mutation: no mechanism]Alanine substitution of CBF Val-58, Asn-63, and Ser-65 had little (Asn-63) or no (Val-58 and Ser-65) effect on heterodimerization.
1E50|||YA113A|||[vanDerWaals]|||---1e50-001.pdf|||A hydrogen bonding network is formed in this area between the backbones and side chains ofAla107, Tyr113, and Ser114 of CBFa and the side chains of Asn63, Arg33, and Lys28 of CBFb; the phenol ring of Tyr113 also makes van der Waals contacts with Thr30 and Val58 of CBFb.
1E50|||YA113A||||||---1e50-001.pdf|||The Y113A and S114A mutations had little or no effect on heterodimerization (Table III).
1EAW|||DA60bA|||[hbond]|||---1eaw-friedrich2001.pdf|||The most striking feature of MT-SP1 is the unusually large 60 insertion loop, which is of the same length (nine additional residues) and exhibits a similar -hairpin conformation as the corresponding loop in thrombin (27), but is oriented differently (Fig. 1B). The eight residues of MT-SP1 between Tyr59 and Ser60(H) form a protruding irregular -hairpin loop, which isstabilized through internal main chain-side chain hydrogen bonds made by the Asp60(A) and Asp60(B) carboxylate groups. In thrombin, the rigid 60 loop partially occludes the active siteand hence contributes to the narrow substrate specificity (27). In MT-SP1, the loop is rotated away from the active site creating a more open cavity than in thrombin. Unlike the basic side chains of Lys60(F) in thrombin or Arg60(G) in enteropeptidase (19), the Arg60(F) side chain of MT-SP1 is directed away from the active site cleft and located between the side chains of Asp60(A) and Asp60(I).RA60cA
1EAW|||DA60bA|||[info]||||||MT-SP1 exhibits a trypsin-like serine proteinase fold, featuring a unique nine-residue 60-insertion loop that influences interactions with protein substrates.
1EAW|||DA96A|||[steric] [electrostatic focusing]|||---1eaw-friedrich2001.pdf|||The adjacent S4 pocket is bordered by the carbonyl groups of Asp96, Phe97, and Thr98, which are partially shielded from solvent by the benzyl group of Phe97, a residue rarely present at this position in (chymo)trypsin-like proteinases. Because of the presence of the pi-electron system of Phe99 and the nearby Asp96, this S4 pocket is well suited to accommodate positively charged side chains.
1EAW|||FA60eA|||[hbond]|||---1eaw-friedrich2001.pdf|||To the east of the catalytic triad, the rigid 37 loop projects out of the molecular surface of MT-SP1. This loop contains two of the “zymogen triad” residues, Ser32 and His40, which, together with Asp194, would stabilize the inactive zymogen-like conformation of the proenzyme (28, 29). Around Gln38, this loop deviates markedly from the path followed in most other chy-motrypsin-like proteinases (Fig. 1B). This conformation seems to be mainly stabilized by the Gln38 side chain, which is held in an exposed position via hydrogen bonds made through its ter-minal carboxamide group with Tyr60(G) O and with the pi-electron system of the Phe60(E) phenyl ring.
1EAW|||FA97A|||[hbond]|||---1eaw-friedrich2001.pdf|||The adjacent S4 pocket is bordered by the carbonyl groups of Asp96, Phe97, and Thr98, which are partially shielded from solvent by the benzyl group of Phe97, a residue rarely present at this position in (chymo)trypsin-like proteinases.
1EAW|||FA97A|||[steric] [electrostatic focusing]||||||Lys residues presumably extend toward the 99 loop with their guanidyl or ammonium groups not reaching the Asp96 carboxylate directly but forming a charged hydrogen bond with Phe97 O.
1EAW|||HA143A|||[not documented]||||||
1EAW|||IA41A|||[hydrophobic]|||--1eaw-friedrich2001.pdf|||The hydrophobic S1/S3 cavity to the east of Ser195 is centered on the Cys42-Cys58 disulfidebridge, and bordered by the isobutyl side chain of Ile41 and the aromatic side chains of Tyr60(G) and Trp64. These positions can thus be preferentially filled with large hydrophobic P1 or P3 side chains, but also the adjacent S2 pocket, lined by Gln192 and His143, gives space for hydrophobic residues (Fig. 4).DA60bA
1EAW|||IA96A|||[not documented]||||||
1EAW|||QA38A|||[hbond]|||---1eaw-friedrich2001.pdf|||To the east of the catalytic triad, the rigid 37 loop projects out of the molecular surface of MT-SP1. This loop contains two of the “zymogen triad” residues, Ser32 and His40, which, together with Asp194, would stabilize the inactive zymogen-like conformation of the proenzyme (28, 29). Around Gln38, this loop deviates markedly from the path followed in most other chymotrypsin-like proteinases (Fig. 1B). This conformation seems to be mainly stabilized by the Gln38 side chain, which is held in an exposed position via hydrogen bonds made through its terminal carboxamide group with Tyr60(G) O and with the electron system of the Phe60(E) phenyl ring.
1EAW|||RA60cA|||[hbond]|||---1eaw-friedrich2001.pdf|||The characteristic protruding 60 loop of MT-SP1 provides a large extra surface to make a number of favorable new contacts with BPTI, and hence with any other canonically bound Kunitz domain (Fig. 5). A comparison with Bz-MT-SP1 shows that BPTI induces some conformational changes in the 60 loop, to allow for instance the formation of a salt bridge between Asp60(B) (MT-SP1) and Arg20(I), and of charged hydrogen bonds between Arg60(C) and the carbonyl groups of Lys41(I) and Asn44(I). The well defined 60 loop of MT-SP1 thus exhibits some capability to adapt to the rigid Kunitz-type inhibitor. In this respect it strongly differs from the also exposed but much more rigid thrombin 60 loop, which delimits the S2 cavity and normally prevents access of bulkier substrates and protein inhibitors (30). The 60 loop of MT-SP1, in contrast, does not impair BPTI binding, but instead strengthens it by forming a number of additional favorable interactions (Figs. 5 and 6).
1EAW|||TA97H|||[not documented]||||||
1EAW|||YA146A|||[not documented]||||||
1EAW|||YA60gA|||[hbond]|||---1eaw-friedrich2001.pdf|||To the east of the catalytic triad, the rigid 37 loop projects out of the molecular surface of MT-SP1. This loop contains two of the “zymogen triad” residues, Ser32 and His40, which, together with Asp194, would stabilize the inactive zymogen-like conformation of the proenzyme (28, 29). Around Gln38, this loop deviates markedly from the path followed in most other chy-motrypsin-like proteinases (Fig. 1B). This conformation seems to be mainly stabilized by the Gln38 side chain, which is held in an exposed position via hydrogen bonds made through its ter-minal carboxamide group with Tyr60(G) O and with the pi-electron system of the Phe60(E) phenyl ring.
1EMV|||CA23A|||[not documented]||||||
1EMV|||DA51A|||[hbond] [hbond-waterMediated]|||----1emv-10.1006@jmbi.2000.3945.pdf|||For example, binding free energy decreased by 5.9 kcal molÿ1 when Asp51 was substituted for alanine, the largest Gbinding of all Im9 interfacial residues, suggesting a pivotal role in stabilising the complex (Wallis et al., 1998). From the crystal structure, it is clear that Asp51 isinvolved in a network of interactions, including a main-chain hydrogen bond to residue 89, as well as coordinating two water molecules, W4 and W144 (Figure 4).
1EMV|||DA51A|||[hbond] [hbond-waterMediated]|||----1emv-10.1006@jmbi.2000.3945.pdf|||Water 4, which has the lowest B-value of all the solvent molecules, is hydrogen bonded to the side-chain and main-chain amide nitrogen atom of Asp51 from Im9, a conserved amino acid, and the carbonyl oxygen atom of Thr87 from the E9 DNase. Asp51, in turn, hydrogen bonds W144, which is also hydrogen bonded to the backbone and amide nitrogen atoms of Asn90 of the E9 DNase.
1EMV|||DA51A|||[specificity determining]|||----1emv-10.1006@jmbi.2000.3945.pdf|||This hydrophobic interaction serves to present the amino acid from the DNase to the speci®city sites of the immunity protein, and is surrounded by hydrogen bonds, many of which emanate from a conserved aspartic acid residue (Im9 Asp51), and contact the DNase backbone either directly or indirectly via water.
1EMV|||EA30A|||[hbond] [salt bridge]|||----1emv-10.1006@jmbi.2000.3945.pdf|||This mutant was the only one to reveal long-range structural changes wherein Arg54 from the enzyme swivels away from its salt bridge partner, Im9 Glu30, in order to form a salt bridge with a sulfate ion that was present in the crystallisation buffer.
1EMV|||EA30A|||[salt bridge]|||----1emv-10.1006@jmbi.2000.3945.pdf|||The two salt-links are formed between basic residues from the E9 DNase, Arg54 and Lys97, and acidic residues from the N and C-terminal ends of helix II from Im9, Glu30 and Glu41, respectively. Both salt-links likely contribute to the overall binding free energy, since alanine mutants of Glu30 and Glu41 of Im9 destabilise the complex by 1.4 kcal molÿ1 and 2.1 kcal molÿ1 respectively (Wallis et al., 1998). Sequence comparisons show that Im9 Glu30 and E9 DNase Arg54 are both conserved in their respective families, suggesting that this salt-bridge should be present in all the DNase-immunity protein complexes.
1EMV|||EA41A|||[hbond] [salt bridge]|||----1emv-10.1006@jmbi.2000.3945.pdf|||The two salt-links are formed between basic residues from the E9 DNase, Arg54 and Lys97, and acidic residues from the N and C-terminal ends of helix II from Im9, Glu30 and Glu41, respectively. Both salt-links likely contribute to the overall binding free energy, since alaninemutants of Glu30 and Glu41 of Im9 destabilise the complex by 1.4 kcal molÿ1 and 2.1 kcal molÿ1 respectively (Wallis et al., 1998).
1EMV|||EA41A|||[specificity determining]|||----1emv-10.1006@jmbi.2000.3945.pdf|||The salt-bridge between Glu41 of Im9 with Lys97 of the E9 DNase is clearly a speci®city contact in this complex, since neither residue is conserved, and this con®rms the results of earlier mutagenesis work by Curtis & James (1991), where Lys97 (identi®ed as Lys545 in the full-length colicin) was identi®ed as a potential speci®city-determining residue.
1EMV|||FB86A|||[hbond]|||----1emv-10.1006@jmbi.2000.3945.pdf|||Tyr55 seems to serve two roles; its hydroxyl group hydrogen bonds to the main-chain carbonyl oxygen atom of Phe86, while the phenyl ring slots into a gap created by the immunity-binding cleft and caps the hydrophobic pocket containing Phe86. Of its two roles, the capping function of Tyr55 seems to be the most important to the stability of the complex, since a Tyr55Phe substitution perturbs binding by <0.5 kcal molÿ1 (C. Taylor, A. Keeble, W. Li & C.K., unpublished results), whereas a Tyr55Ala mutation diminishes binding by 4.6 kcal mol ÿ1 (Wallis et al.,1998).
1EMV|||FB86A|||[stacking]|||----1emv-10.1006@jmbi.2000.3945.pdf|||Thirty-one residues (14 from the E9 DNase and 17 from Im9) are in contact across the interface. In the centre of the binding site is an aromatic stacking interaction between Phe86 of the E9 DNase domain and Tyr54 of the immunity protein (Figure 4). The Phe86-Tyr54 interaction is lined by hydrophobic residues, including Leu33, Val34, Val37, Ile53 and the aromatic ring of Tyr55 of the immunity protein, as well as the alkyl side-chains of Lys89, Lys97 and Val98 of the DNase domain.
1EMV|||GA49A|||[not documented]||||||
1EMV|||IA53A|||[not documented]|||----1emv-10.1006@jmbi.2000.3945.pdf|||The Phe86-Tyr54 interaction is lined by hydrophobic residues, including Leu33, Val34, Val37, Ile53 and the aromatic ring of Tyr55 of the immunity protein, as well as the alkyl side-chains of Lys89, Lys97 and Val98 of the DNase domain.
1EMV|||KB97A|||||||||[hbond] [salt bridge] (specificity determining)Surrounding this hydrophobic pocket are 12 hydrogen bonds (Table 2 and Figure 4(a)), two being salt-bridges and three of which involve one charged partner. The two salt-links are formedbetween basic residues from the E9 DNase, Arg54 and Lys97, and acidic residues from the N and C-terminal ends of helix II from Im9, Glu30 and Glu41, respectively. … The salt-bridge between Glu41 of Im9 with Lys97 of the E9 DNase is clearly a speci®city contact in this complex, since neither residue is conserved, and this con®rms the results of earlier mutagenesis work by Curtis & James (1991), where Lys97 (identi®ed as Lys545 in the full-length colicin) was identi®ed as a potential speci®city-determining residue.
1EMV|||LA33A|||[hydrophobic]|||----1emv-10.1006@jmbi.2000.3945.pdf|||The present crystal structure for the complex shows that this is indeed the case, with Val34 andLeu33 forming the hydrophobic pocket receiving Phe86 of the DNase (Figure 11).
1EMV|||LA33A|||[hydrophobic]|||----1emv-10.1006@jmbi.2000.3945.pdf|||Thirty-one residues (14 from the E9 DNase and 17 from Im9) are in contact across the interface. In the centre of the binding site is an aromatic stack-ing interaction between Phe86 of the E9 DNase domain and Tyr54 of the immunity protein (Figure 4). The Phe86-Tyr54 interaction is lined by hydrophobic residues, including Leu33, Val34, Val37, Ile53 and the aromatic ring of Tyr55 of the immunity protein, as well as the alkyl side-chains of Lys89, Lys97 and Val98 of the DNase domain.
1EMV|||LA33A|||[specificity determining]|||----1emv-10.1006@jmbi.2000.3945.pdf|||Asp51, Tyr54 and Tyr55 of Im9 form a binding energy hotspot when bound to the E9 DNase, while Leu33 and Val34 are speci®city residues.
1EMV|||LA33A|||[specificity determining]|||----1emv-10.1006@jmbi.2000.3945.pdf|||The interaction, essentially conservative in nature, guides the variable amino acid of the DNase toward the speci®city amino acids of the immunity protein, Leu33 and Val34 in the E9 DNase, Asp31 and Asp35 in the E7 DNase. These interactions are further augmented by additional speci®city residues of the DNases that are of the same chemical character (Figure 11).
1EMV|||LA33A|||[specificity determining]|||----1emv-10.1006@jmbi.2000.3945.pdf|||The resulting alanine scan of DNase-binding residues on Im9 (Wallis et al., 1998) demonstrated that around two thirds of the binding free energy emanates from four conserved residues in helix III (Ser50, Asp51, Tyr54 and Tyr55), with the remainder coming from speci®city-determining residues in the neighbouring helix II (such as Leu33 and Val34 and Glu41; Figure 5).
1EMV|||NA24A|||[not documented]||||||
1EMV|||NB72A|||[hbond]|||----1emv-10.1006@jmbi.2000.3945.pdf|||The remaining hydrogen bonds involve side-chains of each protein and include, Im9 Ser50 with DNase Gln92 and Im9 Asp62 with DNase Asn72 (Figure 4(a)). Of these, only Ser50 is conserved (this residue is threonine in Im7 but serine in the other immunity proteins).
1EMV|||NB75A|||[hbond] [hbond-waterMediated]|||----1emv-10.1006@jmbi.2000.3945.pdf|||Although none of the ®ve conserved E9 DNase residues in the Im9 binding site contacts the immunity protein directly, a conserved asparagine residue (Asn75) from the DNase is involved in co-ordinating a bur-ied water molecule (W2), which in turn hydrogen bonds the backbone of both Im9 (carbonyl group of Tyr54) and the DNase (amide nitrogen atom of Asn72).
1EMV|||PA47A|||[conformational]|||----1emv-10.1006@jmbi.2000.3945.pdf|||Two notable exceptions, however, are Pro47 and Tyr54, which have significant portions of their side chains exposed to solvent but are very destabilizing when mutated to alanine (∆∆Gstability ) 2.9 kcal/mol), reflecting their important structural roles. Pro47 is part of the turn between helices II and III which helps sculpt the interactions around Trp74, and the side chain of Tyr54 sits in a pocket made up of Ile53 and Ser50 of helix III and Val37 of helix II. The crystal structure of Im7 shows the equivalent tyrosine residue forming a hydrogen bond with the base of helix I, thereby tethering the N- and C-terminal halves of the protein (12). This interaction is not apparent in the current solution structure of Im9, but this may be a consequence of insufficient distance restraints.
1EMV|||PA56A|||[not documented] [specificity determining]||||||Using these criteria a total of 12 residues can be identified which perturb binding significantly(Glu30, Leu33, Val34, Val37, Glu41, Gly49, Ser50, Asp51, Tyr54, Tyr55, Pro56, and Val68).
1EMV|||QB92A|||[hbond]||||||The remaining hydrogen bonds involve side chains of each protein and include, Im9 Ser50 with DNase Gln92 and Im9 Asp62 with DNase Asn72 (Figure 4(a)). Of these, only Ser50 is conserved (this residue is threonine in Im7 but serine in the other immunity proteins).
1EMV|||RB54A|||[hbond] [salt bridge]|||----1emv-10.1006@jmbi.2000.3945.pdf|||Surrounding this hydrophobic pocket are 12 hydrogen bonds (Table 2 and Figure 4(a)), two being salt-bridges and three of which involve one charged partner. The two salt-links are formed between basic residues from the E9 DNase, Arg54 and Lys97, and acidic residues from the N and C-terminal ends of helix II from Im9, Glu30 and Glu41, respectively. Both salt-links likely contribute to the overall binding free energy, since alanine mutants of Glu30 and Glu41 of Im9 destabilise the complex by 1.4 kcal molÿ1 and 2.1 kcal molÿ1 respectively (Wallis et al., 1998). Sequence comparisons show that Im9 Glu30 and E9 DNase Arg54 are both conserved in their respective families, suggesting that this salt-bridge should be present in all the DNase-immunity protein complexes.
1EMV|||SA28A|||[not documented]||||||
1EMV|||SA29A|||[not documented]||||||
1EMV|||SA48A|||[not documented]||||||
1EMV|||SA50A|||[hbond]|||----1emv-10.1006@jmbi.2000.3945.pdf|||The remaining hydrogen bonds involve side-chains of each protein and include, Im9 Ser50 withDNase Gln92 and Im9 Asp62 with DNase Asn72 (Figure 4(a)). Of these, only Ser50 is conserved (this residue is threonine in Im7 but serine in the other immunity proteins). Ser50 of Im9 has been mutated to alanine, resulting in Gbinding of 2.1 kcal molÿ1 , indicating signi®cant contribution to binding free energy.
1EMV|||SB74A|||[not documented]||||||
1EMV|||SB77A|||[hbond] (specificity determining)|||----1emv-10.1006@jmbi.2000.3945.pdf|||Six of the 12 hydrogen bonds at the E9 DNase-Im9 interface involve side-chain to main-chain interactions (Figure 4(a) and Table 2). None of the three DNase side-chains (Asn72, Ser77 and Tyr83) engaged in such contacts is conserved, consistent with their involvement in speci®city. This has already been inferred for Ser77 and Tyr83 (identi®ed in the full-length colicin as Ser525 and Tyr531) from site-directed mutagenesis experiments by Curtis & James (1991).
1EMV|||SB78A|||[not documented]||||||
1EMV|||SB84A|||[not documented]||||||
1EMV|||TA27A|||[not documented]||||||
1EMV|||TA38A|||[not documented]||||||
1EMV|||TB87A|||[hbond] [hbond-waterMediated]|||----1emv-10.1006@jmbi.2000.3945.pdf|||Water 4, which has the lowest B-value of all the solvent molecules, is hydrogen bonded to the side-chain and main-chain amide nitrogen atom of Asp51 from Im9, a conserved amino acid, and the carbonyl oxygen atom of Thr87 from the E9 DNase.
1EMV|||VA34A|||[hydrophobic]|||----1emv-10.1006@jmbi.2000.3945.pdf|||The Phe86-Tyr54 interaction is lined by hydrophobic residues, including Leu33, Val34, Val37, Ile53 and the aromatic ring of Tyr55 of the immunity protein, as well as the alkyl side-chains of Lys89, Lys97 and Val98 of the DNase domain.
1EMV|||VA34A|||[hydrophobic]|||----1emv-10.1006@jmbi.2000.3945.pdf|||The present crystal structure for the complex shows that this is indeed the case, with Val34 and Leu33 forming the hydrophobic pocket receiving Phe86 of the DNase (Figure 11).
1EMV|||VA34A|||[hydrophobic]|||----1emv-10.1006@jmbi.2000.3945.pdf|||When speci®city residues in Im9, such as Val34, are substituted for alanine the loss in binding free energy (2.6 kcal molÿ1 ) is similar to that seen in protein stability studies when buried methylene groups are deleted from the hydrophobic cores of proteins.
1EMV|||VA34A|||[specificity determining]|||----1emv-10.1006@jmbi.2000.3945.pdf|||Asp51, Tyr54 and Tyr55 of Im9 form a binding energy hotspot when bound to the E9 DNase, while Leu33 and Val34 are speci®city residues.
1EMV|||VA34A|||[specificity determining]|||----1emv-10.1006@jmbi.2000.3945.pdf|||Asp51, Tyr54 and Tyr55 of Im9 form a binding energy hotspot when bound to the E9 DNase, while Leu33 and Val34 are speci®city residues.
1EMV|||VA34A|||[specificity determining]|||----1emv-10.1006@jmbi.2000.3945.pdf|||The interaction, essentially conservative in nature, guides the variable amino acid of the DNase toward the speci®city amino acids of the immunity protein, Leu33 and Val34 in the E9 DNase, Asp31 and Asp35 in the E7 DNase. These interactions are further augmented by additional speci®city residues of the DNases that are of the same chemical character (Figure 11).
1EMV|||VA34A|||[specificity determining]|||----1emv-10.1006@jmbi.2000.3945.pdf|||The resulting alanine scan of DNase-binding residues on Im9 (Wallis et al., 1998) demonstrated that around two thirds of the binding free energy emanates from four conserved residues in helix III (Ser50, Asp51, Tyr54 and Tyr55), with the remainder coming from speci®city-determining residues in the neighbouring helix II (such as Leu33 and Val34 and Glu41; Figure 5).
1EMV|||VA37A|||[hydrophobic]|||----1emv-10.1006@jmbi.2000.3945.pdf|||The Phe86-Tyr54 interaction is lined by hydrophobic residues, including Leu33, Val34, Val37, Ile53 and the aromatic ring of Tyr55 of the immunity protein, as well as the alkyl side-chains of Lys89, Lys97 and Val98 of the DNase domain.
1EMV|||VB98A|||[not documented]||||||
1EMV|||YA54A|||[hydrophobic]|||----1emv-10.1006@jmbi.2000.3945.pdf|||A consequence of this evolutionary design is that a boundary must exist between conserved and variable amino acids. Inspection of the two DNase-immunity protein complexes highlights the position of this boundary as Im9 Tyr54 from helix III (Figure 11). Although conserved, this tyrosine residue contacts a variable amino acid side-chain on the DNase surface, phenylalanine in the E9 DNase (and in colicin E2) but lysine and arginine in the E7 and E8 DNases, respectively. Tyr54 is able to interact with these non-conserved amino acids on the DNase by virtue of their long, hydrophobic alkyl or aromatic side-chains, with which it forms van der Waals inter- actions. The interaction, essentially conservative in nature, guides the variable amino acid of the DNase toward the speci®city amino acids of the immunity protein, Leu33 and Val34 in the E9 DNase, Asp31 and Asp35 in the E7 DNase.
1EMV|||YA54A|||[stacking]|||----1emv-10.1006@jmbi.2000.3945.pdf|||Thirty-one residues (14 from the E9 DNase and 17 from Im9) are in contact across the interface. In the centre of the binding site is an aromatic stack-ing interaction between Phe86 of the E9 DNase domain and Tyr54 of the immunity protein (Figure 4).  The roles of the two immunity protein tyrosine residues (Tyr54 and Tyr55) at the interface have also been probed by mutagenesis. On substitution for alanine, Tyr54, which stacks against Phe86 of the DNase, has a signi®cant effect on DNase binding free energy (Gbinding  4.8 kcal molÿ1), although this may be due, in part, to structural changes induced by the mutation, since the conformational stability of the Tyr54Ala mutant decreased by 2.9 kcal mol ÿ1 (Wallis et al., 1998).
1EMV|||YA55A|||[hydrophobic]  [hbond]|||----1emv-10.1006@jmbi.2000.3945.pdf|||Tyr55 seems to serve two roles; its hydroxyl group hydrogen bonds to the main-chain carbonyl oxygen atom of Phe86, while the phenyl ring slots into a gap created by the immunity-binding cleft and caps the hydro- phobic pocket containing Phe86. Of its two roles, the capping function of Tyr55 seems to be the most important to the stability of the complex, since a Tyr55Phe substitution perturbs binding by <0.5 kcal molÿ1 (C. Taylor, A. Keeble, W. Li & C.K., unpublished results), whereas a Tyr55Ala mutation diminishes binding by 4.6 kcal mol ÿ1 (Wallis et al., 1998). Since the phenyl ring makes no van der Waals contact with neighbouring residues (and the alanine substitution does not affect the confor- mational stability of Im9 itself), we interpret this loss of binding free energy as most likely due to the unfavourable exposure of the hydrophobic cavity containing Phe86 to bulk solvent.
1EMV|||YA55A|||[hydrophobic]|||----1emv-10.1006@jmbi.2000.3945.pdf|||Interfacial Im9 alanine mutants follow the same general trend as other studies, with the greatest effects on Gbinding coming from residues that are least accessible to bulk solvent in the complex. However, Tyr55 is a notable exception to this trend. A Tyr55Ala mutation has a large effect on DNase binding energy yet a signi®cant proportion of the tyrosine side-chain is in contact with bulk solvent. This observation highlights the fact that the E9 DNase binding hotspot on Im9 is not in the centre of the protein-protein interaction surface but displaced to one side, with Tyr55 one of the outer most residues. As described earlier, the most important role of Tyr55 seems to be its capping function, excluding bulk solvent from the hydrophobic core of the interface. This would constitute an O-ring residue using the same nomenclature as Bogan & Thorn (1998) but in this instance one that also forms part of the binding energy hotspot.
1F47|||DA4A|||[hbond]|||---1f47-mosyak2000.pdf|||Aspartic acids Asp370 and Asp373 are the only two side chains that do modulate binding, but are not involved in direct interaction with the ZipA/M185 molecule. Yet their functional importance is evident and can be accounted for by the structure. The subtle effect of the D370A mutant (3.2-fold decrease in binding) is correlated with a decrease in the number of van der Waals contacts that are seen near but outside of the contact interface. Those involve hydrogen bonds between the charged Asp370 and ZipA/M185 backbone atoms through the bridging water molecules (not shown).
1F47|||DA4A|||[hbond]|||---1f47-mosyak2000.pdf|||[note] Same as ASP370Both Asp370 and Lys250 are involved in hydrogen bonding with water molecules (not shown).
1F47|||DA4A|||||||||
1F47|||DA7A|||[hbond-internal]|||---1f47-mosyak2000.pdf|||[note] Same as ASP373Aspartic acids Asp370 and Asp373 are the only two side chains that do modulate binding, but are not involved in direct interaction with the ZipA/M185 molecule. Yet their functional importance is evident and can be accounted for by the structure. The subtle effect of the D370A mutant (3.2-fold decrease in binding) is correlated with a decrease in the number of van der Waals contacts that are seen near but outside of the contact interface. Those involve hydrogen bonds between the charged Asp370 and ZipA/M185 backbone atoms through the bridging water molecules (not shown).
1F47|||DA7A||||||---1f47-mosyak2000.pdf|||Within the bound peptide, we observe, apart from the classical intrahelical hydrogen bonding, two additional internal hydrogen bonds (insert 5 in Figure 2A). One is a main chain-main chain hydrogen bond formed between Pro369 and Tyr371 at the N-terminal region of the peptide. Another such bond is a side-chain-to-backbone hydrogen bonding between Asp373 and Ala376, which is associated with the capping interaction at the helix N-terminus (Richardson and Richardson, 1988). Helix capping is often observed near the ends of helices, where the first NH groups necessarily lacking intrahelical hydrogen bonds are capped by alternative hydrogen bond partners (Aurora and Rose, 1998). In the FtsZ peptide, this alternative bond is provided by the NH group of Ala376 from the helix and by the side chain of Asp373 from the adjacent strand. Numerous studies demonstrate that capping hydrogen bonds stabilize α-helices in both proteins and peptides (Aurora and Rose, 1998). This suggests that the capping motif observed in the structure of the peptide, as well as the extra pattern of internal hydrogen bonding at its N-terminus, can be involved in stabilization of the conformation of the ZipA-bound peptide.
1F47|||DA7A|||||||||
1F47|||DA7G|||[hbond-internal]|||---1f47-mosyak2000.pdf|||[note] Same as ASP373Aspartic acids Asp370 and Asp373 are the only two side chains that do modulate binding, but are not involved in direct interaction with the ZipA/M185 molecule. Yet their functional importance is evident and can be accounted for by the structure. The subtle effect of the D370A mutant (3.2-fold decrease in binding) is correlated with a decrease in the number of van der Waals contacts that are seen near but outside of the contact interface. Those involve hydrogen bonds between the charged Asp370 and ZipA/M185 backbone atoms through the bridging water molecules (not shown).Within the bound peptide, we observe, apart from the classical intrahelical hydrogen bonding, two additional internal hydrogen bonds (insert 5 in Figure 2A). One is a main chain-main chain hydrogen bond formed between Pro369 and Tyr371 at the N-terminal region of the peptide. Another such bond is a side-chain-to-backbone hydrogen bonding between Asp373 and Ala376, which is associated with the capping interaction at the helix N-terminus (Richardson and Richardson, 1988). Helix capping is often observed near the ends of helices, where the first NH groups necessarily lacking intrahelical hydrogen bonds are capped by alternative hydrogen bond partners (Aurora and Rose, 1998). In the FtsZ peptide, this alternative bond is provided by the NH group of Ala376 from the helix and by the side chain of Asp373 from the adjacent strand. Numerous studies demonstrate that capping hydrogen bonds stabilize α-helices in both proteins and peptides (Aurora and Rose, 1998). This suggests that the capping motif observed in the structure of the peptide, as well as the extra pattern of internal hydrogen bonding at its N-terminus, can be involved in stabilization of the conformation of the ZipA-bound peptide.
1F47|||DA7G||||||---1f47-mosyak2000.pdf|||Within the bound peptide, we observe, apart from the classical intrahelical hydrogen bonding, two additional internal hydrogen bonds (insert 5 in Figure 2A). One is a main chain-main chain hydrogen bond formed between Pro369 and Tyr371 at the N-terminal region of the peptide. Another such bond is a side-chain-to-backbone hydrogen bonding between Asp373 and Ala376, which is associated with the capping interaction at the helix N-terminus (Richardson and Richardson, 1988). Helix capping is often observed near the ends of helices, where the first NH groups necessarily lacking intrahelical hydrogen bonds are capped by alternative hydrogen bond partners (Aurora and Rose, 1998). In the FtsZ peptide, this alternative bond is provided by the NH group of Ala376 from the helix and by the side chain of Asp373 from the adjacent strand. Numerous studies demonstrate that capping hydrogen bonds stabilize α-helices in both proteins and peptides (Aurora and Rose, 1998). This suggests that the capping motif observed in the structure of the peptide, as well as the extra pattern of internal hydrogen bonding at its N-terminus, can be involved in stabilization of the conformation of the ZipA-bound peptide.
1F47|||DA7G|||||||||
1F47|||DA7S|||[hbond-internal]|||---1f47-mosyak2000.pdf|||[note] Same as ASP373Aspartic acids Asp370 and Asp373 are the only two side chains that do modulate binding, but are not involved in direct interaction with the ZipA/M185 molecule. Yet their functional importance is evident and can be accounted for by the structure. The subtle effect of the D370A mutant (3.2-fold decrease in binding) is correlated with a decrease in the number of van der Waals contacts that are seen near but outside of the contact interface. Those involve hydrogen bonds between the charged Asp370 and ZipA/M185 backbone atoms through the bridging water molecules (not shown).Within the bound peptide, we observe, apart from the classical intrahelical hydrogen bonding, two additional internal hydrogen bonds (insert 5 in Figure 2A). One is a main chain-main chain hydrogen bond formed between Pro369 and Tyr371 at the N-terminal region of the peptide. Another such bond is a side-chain-to-backbone hydrogen bonding between Asp373 and Ala376, which is associated with the capping interaction at the helix N-terminus (Richardson and Richardson, 1988). Helix capping is often observed near the ends of helices, where the first NH groups necessarily lacking intrahelical hydrogen bonds are capped by alternative hydrogen bond partners (Aurora and Rose, 1998). In the FtsZ peptide, this alternative bond is provided by the NH group of Ala376 from the helix and by the side chain of Asp373 from the adjacent strand. Numerous studies demonstrate that capping hydrogen bonds stabilize α-helices in both proteins and peptides (Aurora and Rose, 1998). This suggests that the capping motif observed in the structure of the peptide, as well as the extra pattern of internal hydrogen bonding at its N-terminus, can be involved in stabilization of the conformation of the ZipA-bound peptide.
1F47|||DA7S||||||---1f47-mosyak2000.pdf|||Within the bound peptide, we observe, apart from the classical intrahelical hydrogen bonding, two additional internal hydrogen bonds (insert 5 in Figure 2A). One is a main chain-main chain hydrogen bond formed between Pro369 and Tyr371 at the N-terminal region of the peptide. Another such bond is a side-chain-to-backbone hydrogen bonding between Asp373 and Ala376, which is associated with the capping interaction at the helix N-terminus (Richardson and Richardson, 1988). Helix capping is often observed near the ends of helices, where the first NH groups necessarily lacking intrahelical hydrogen bonds are capped by alternative hydrogen bond partners (Aurora and Rose, 1998). In the FtsZ peptide, this alternative bond is provided by the NH group of Ala376 from the helix and by the side chain of Asp373 from the adjacent strand. Numerous studies demonstrate that capping hydrogen bonds stabilize α-helices in both proteins and peptides (Aurora and Rose, 1998). This suggests that the capping motif observed in the structure of the peptide, as well as the extra pattern of internal hydrogen bonding at its N-terminus, can be involved in stabilization of the conformation of the ZipA-bound peptide.
1F47|||DA7S|||||||||
1F47|||FA11A|||[hydrophobic]|||---1f47-mosyak2000.pdf|||Finally, the solution of these structures resulted in mutational analysis of the FtsZ fragment, from which it became apparent that most critical interactions on the FtsZ side are provided by a small cluster of the deeply buried hydrophobic side chains (Ile374, Phe377 and Leu378).
1F47|||FA11A|||[hydrophobic]|||---1f47-mosyak2000.pdf|||In the FtsZ peptide, among the side chains buried upon interaction with ZipA/M185 (Figure 2A), there are four (Tyr371, Ile374, Leu378, Gln381) that project across and two (Leu372, Phe377) that are oriented down into the cavity. Ile374, Phe377 and Leu378 are deeply buried and account for 38.2% of the total contacts.
1F47|||FA11A|||[hydrophobic]|||---1f47-mosyak2000.pdf|||[note] Same as F377Overall this analysis identified four most disruptive alanine mutants: three at hydrophobic residues (Ile372, Phe377 and Leu378), which form extensive well-packed hydrophobic contacts with ZipA/M185,
1F47|||FA11A|||||||||
1F47|||IA8A|||[hydrophobic]|||---1f47-mosyak2000.pdf|||Five of these buried side chains (Tyr371, Leu372, Ile374, Phe377 and Leu378) are in direct contact with ZipA/M185, but only three of them (Ile374, Phe377 and Leu378) were found to account for virtually all the binding affinity, as each of these mutants individually caused a 48- to 70-fold reduction in binding. Consistent with this, these highly conserved residues (Figure 3B) are deeply or almost completely buried in hydrophobic pockets (with 80-94% of the surface area buried for each residue) near the center of the contact interface (Figure 2A).
1F47|||IA8A|||[hydrophobic]|||---1f47-mosyak2000.pdf|||[note] Same as Ile 374Finally, the solution of these structures resulted in mutational analysis of the FtsZ fragment, from which it became apparent that most critical interactions on the FtsZ side are provided by a small cluster of the deeply buried hydrophobic side chains (Ile374, Phe377 and Leu378).
1F47|||IA8A|||||||||
1F47|||LA12A|||[hydrophobic]|||---1f47-mosyak2000.pdf|||Five of these buried side chains (Tyr371, Leu372, Ile374, Phe377 and Leu378) are in direct contact with ZipA/M185, but only three of them (Ile374, Phe377 and Leu378) were found to account for virtually all the binding affinity, as each of these mutants individually caused a 48- to 70-fold reduction in binding. Consistent with this, these highly conserved residues (Figure 3B) are deeply or almost completely buried in hydrophobic pockets (with 80-94% of the surface area buried for each residue) near the center of the contact interface (Figure 2A).
1F47|||LA12A|||[hydrophobic]|||---1f47-mosyak2000.pdf|||[note] Same as Leu378In ZipA/M185, these 11 residues have the most extensively buried side chains and contribute 78% of the total contacts. In the FtsZ peptide, among the side chains buried upon interaction with ZipA/M185 (Figure 2A), there are four (Tyr371, Ile374, Leu378, Gln381) that project across and two (Leu372, Phe377) that are oriented down into the cavity. Ile374, Phe377 and Leu378 are deeply buried and account for 38.2% of the total contacts.
1F47|||LA12A|||||||||
1F47|||LA6A|||[hbond]|||---1f47-mosyak2000.pdf|||[note] same as Leu372These two hydrogen bonds are made between main-chain carbonyl or nitrogen atoms of peptide residues Asp370 and Leu372, and those of ZipA/M185 residues Lys250 and Met248 (insert 4 in Figure 2A). The formation of hydrogen bonds, which involve only main-chain atoms of the interacting molecules, provides a component to the ZipA-FtsZ interaction that depends less on the sequence and more on the overall folding and represents a common finding in receptor-ligand interactions (Schreuder et al., 1997).
1F47|||LA6A|||[hydrophobic]|||---1f47-mosyak2000.pdf|||Five of these buried side chains (Tyr371, Leu372, Ile374, Phe377 and Leu378) are in direct contact with ZipA/M185, but only three of them (Ile374, Phe377 and Leu378) were found to account for virtually all the binding affinity, as each of these mutants individually caused a 48- to 70-fold reduction in binding. Consistent with this, these highly conserved residues (Figure 3B) are deeply or almost completely buried in hydrophobic pockets (with 80-94% of the surface area buried for each residue) near the center of the contact interface (Figure 2A). Mutants at less conservative positions (Tyr371 and Leu372) cause 4- to 5-fold reductions in binding or, as in the case of Gln381, do not affect the binding at all.
1F47|||LA6A|||||||||
1F47|||QA15A|||[no mechanism]|||---1f47-mosyak2000.pdf|||[note] Same as Gln381Mutants at less conservative positions (Tyr371 and Leu372) cause 4- to 5-fold reductions in binding or, as in the case of Gln381, do not affect the binding at all. These contact side chains are located toward the periphery of the interface and contribute less to the total contacts. An alanine replacement of Gln381 appears to be isofunctional, as this residue interacts with ZipA/M185 through the innermost aliphatic portion of its side chain.
1F47|||QA15A|||||||||
1F47|||YA5A|||[hydrophobic]|||---1f47-mosyak2000.pdf|||Although the overall structure of ZipA/M185 is unchanged in this complex, small but significant local changes do occur; in pairwise superposition, r.m.s.d. is 0.93 Å for the Cα atoms of the uncomplexed and complexed molecules (Figure 2B). Such changes are restricted to the binding site. In particular, the intercalation of peptide residue Tyr371 into the hydrophobic volume of the cavity is accompanied by a slight displacement (∼0.8 Å) of the β6-α3 loop toward the peptide. Upon this rearrangement, the side chain of Arg305 is swung out of the cavity and into solvent, such that the guanidinium group of Arg305 is optimally positioned to be stacked on the Tyr371 ring (3.2 Å).
1F47|||YA5A|||[hydrophobic]|||---1f47-mosyak2000.pdf|||[note] Same as TYR371Mutants at less conservative positions (Tyr371 and Leu372) cause 4- to 5-fold reductions in binding or, as in the case of Gln381, do not affect the binding at all. These contact side chains are located toward the periphery of the interface and contribute less to the total contacts.
1F47|||YA5A|||||||||
1FCC|||DC40A|||[hbond]|||----1FCC-s0969-21262900157-5.pdf|||The third and last interface region, III (Fig. 3c), includes the protein G residues Asn35 (situated at the C-terminal part of the Qo-helix), Glu42 and Trp43 (at the N terminus of the third -strand), and Asp40, located in the loop region that connects the o-helix and the third -strand. The carbonyl oxygen of Val39 also contributes to Fc binding. Residues from Fc that are part of the interface in this region are His433 and Asn434, and the main-chain oxygen of Tyr436. The side chain of His433 cannot maintain its original conformation due to the proximity of residues from protein G. Instead the electron-density maps suggest two possible conformations. Rotation around the X1 torsion angle by -120 ° would bring the His433 side chain within hydrogen-bonding distance of Asp40, a residue with well-defined density but no hydro- gen-bonding partner in the current model. When fitted within its strongest density feature, a rotation of the X1 torsion angle by -120 ° brings the His433 NS1 atom (or possibly its NE2 atom by rotating around X2 by 180 ° ) within hydrogen-bonding distance of both the 061 and N82 atoms of Asn35. Furthermore, the N82 atom of Asn35 is in close proximity to the main-chain carbonyl oxygen of Tyr436, and its 081 atom interacts with the N82 atom of Asn434.
1FCC|||EC42A|||[hbond]|||----1FCC-s0969-21262900157-5.pdf|||As discussed above, the carboxyl group of the Glu42 side chain forms a hydrogen bond with theside chain of Gln311.
1FCC|||EC42A|||[hbond]|||----1FCC-s0969-21262900157-5.pdf|||Asn434 of Fc seems to play a crucial role in binding to protein G. In addition to forming a hydrogen bond to Asn35, its N82 atom forms a hydrogen bond with the main-chain carbonyl oxygen of Val39. The 081 atom of Asn434 is also hydrogen bonded to the Nel atom of Trp43. The ring system of Trp43 is flanked on both sides; on the one side by the side chain of Val54 and on the other by the Cy and C8 atoms of Lys31. Glu42 is situated at the beginning of the third -strand and its OE1 atom is 2.7 A away from the NE2 atom of Gln311. There are other possible hydrogen bonds in this region: the 082 atom of Asn434 is situated 3.6 A from the main-chain nitrogen atom of Gly41, and the main-chain nitrogen atom of Asn434 is situated 3.6 A from the carboxyl group of Asp40. The many interactions involving residue Asn434 in Fc clearly imply that it is vital for the protein-protein interface; it is located at the centre of acomplicated network of interactions between mostly polar and charged residues.
1FCC|||KC28A|||[hbond]|||----1FCC-s0969-21262900157-5.pdf|||The first interface region, I (Fig. 3a), is a large hydrogen-bonding network comprising four charged and three polar residues. This network involves residues Lys28 and Gln32 of protein G, both situated in the centre of the ao-helix but separated by three residues and therefore exposed on the same side of the helix. Participating residues of Fc are Lys248, Glu380, Glu382, Ser426 and Gln438. Lys28 bridges between the carboxyl groups of Glu380 and Glu382, both of which form additional hydrogen bonds to other residues of Fc.
1FCC|||KC31A|||[hbond-internal] [salt bridge]|||----1FCC-s0969-21262900157-5.pdf|||The second region of the interface, II (Fig. 3b), includes two charged residues from protein G, Glu27 and Lys31 [An Internal salt bridge]. These two residues are also situated in the central part of the a-helix and are separated by three residues. Their side chains extend from the opposite side of the helix relative to those of Lys28 and Gln32. Glu27 forms a salt link to Lys31 and forms hydrogen bonds with the main-chain nitrogen atoms of Ile253 and Ser254, and probably also with the side-chain hydroxyl group of Ser254. Little or no electron density is observed for the Ser254 side chain, but Glu27 is the only possible hydrogen-bonding partner for this residue. The distance between the Ser254 Oy atom and the OE1 atom of Glu27 is 3.2 A. Lys31 does not interact with any residue in Fc directly. Its N5 atom is situated 3.5 A away from the carbonyl oxygen of Leu251 so that a hydrogen bond between these two atoms seems possible. In any case, Lys31 is part of the interface through a salt link to Glu27.
1FCC|||NC35A|||[hbond]|||----1FCC-s0969-21262900157-5.pdf|||Asn434 of Fc seems to play a crucial role in binding to protein G. In addition to forming a hydrogen bond to Asn35, its N82 atom forms a hydrogen bond with the main-chain carbonyl oxygen of Val39.
1FCC|||NC35A|||[hbond]|||----1FCC-s0969-21262900157-5.pdf|||The third and last interface region, III (Fig. 3c), includes the protein G residues Asn35 (situated at the C-terminal part of the Qo-helix), Glu42 and Trp43 (at the N terminus of the third -strand), and Asp40, located in the loop region that connects the o-helix and the third -strand. The carbonyl oxygen of Val39 also contributes to Fc binding. Residues from Fc that are part of the interface in this region are His433 and Asn434, and the main-chain oxygen of Tyr436. The side chain of His433 cannot maintain its original conformation due to the proximity of residues from protein G. Instead the electron-density maps suggest two possible conformations. Rotation around the X1 torsion angle by -120 ° would bring the His433 side chain within hydrogen-bonding distance of Asp40, a residue with well-defined density but no hydro- gen-bonding partner in the current model. When fitted within its strongest density feature, a rotation of the X1 torsion angle by -120 ° brings the His433 NS1 atom (or possibly its NE2 atom by rotating around X2 by 180 ° ) within hydrogen-bonding distance of both the 061 and N82 atoms of Asn35. Furthermore, the N82 atom of Asn35 is in close proximity to the main-chain carbonyl oxygen of Tyr436, and its 081 atom interacts with the N82 atom of Asn434.
1FCC|||NC35A|||[hbond]|||---1fcc-000.pdf|||The second knob-into-hole interaction is formed by the protrusion of N434 from the surface of the Fc into a hole in B1 bordered by N35, D36, D40, E42, and W43. The indole nitrogen of W43 forms a hydrogen bond with N434. Of all the bordering residues forming the hole on B1, the W43A mutant has the most profound effect on the interaction (580-fold increase in Kd), presumably as a direct consequence of this interaction. Of the other residues, only N35A significantly affects binding (50- fold increase in Kd). Interestingly, it makes a hydrogen bond with H433 on the hFc.
1FCC|||TC25A|||[not documented]||||||
1FCC|||WC43A|||[hbond]|||----1FCC-s0969-21262900157-5.pdf|||Asn434 of Fc seems to play a crucial role in binding to protein G. In addition to forming a hydrogen bond to Asn35, its N82 atom forms a hydrogen bond with the main-chain carbonyl oxygen of Val39. The 081 atom of Asn434 is also hydrogen bonded to the Nel atom of Trp43. The ring system of Trp43 is flanked on both sides; on the one side by the side chain of Val54 and on the other by the Cy and C8 atoms of Lys31.
1FFW|||AA103V|||[not documented]|||---1ffe-002.pdf---1ffe-002.pdf|||CheYA103v was investigated and shown to be defective in binding CheAl-233 (Swanson et al., 1995).
1FFW|||AA103V|||[note]|||---1ffe-002.pdf|||Breaks function. Hypothesis: Probably hydrophobic (See Figure 1, 1ffw-001.pdf), this amino acid is in a hydrophobic pocket, and probably increasing it’s size to valine creates steric hindrance.
1FFW|||AA90V|||[not documented]||||||
1FFW|||CB213A|||[no mechanism]|||---1ffw-001.pdf|||and the remaining four mutations (H181A, D202A, D207A, and C213A) had no significant effect on the affinity of CheA for CheY.
1FFW|||DB207A|||[no mechanism]|||---1ffw-001.pdf|||and the remaining four mutations (H181A, D202A, D207A, and C213A) had no significant effect on the affinity of CheA for CheY.
1FFW|||EB171A|||[not documented]|||-- ---1ffw-001.pdf|||predicted role but no annotated role.A different method for in silico analysis of protein-protein binding interfaces was devised by Rajamani et al. (37). When applied to a CheY-P2 crystal structure, this method identified F214 as the key “anchor residue” in the binding interface. Such an anchor residue can be found in many protein-protein interfaces; each anchor serves as a key organizing center around which other “latch” interactions are assembled via induced-fit conformational changes, presumably after the anchor has been situated properly. From this perspective, one can think of P2 residue F214 being maintained in a ready-to-bind conformation that fits into an accommodating recognition surface on CheY, and this promotes several latch interactions (involving CheY lysine side chains interacting with P2 glutamate side chains). Among the predicted P2 latch sites are the side chains of E171 and E217 in P2 (37). Our results indicate that one of the latches (E171) makes a small contribution to the binding energy, as does E178, a possible alternative latch residue (we did not examine E217 in this study).
1FFW|||EB178A|||[hbond]|||---1ffw-s090744490001492x.pdf|||Hydrogen bond formed between Tyr106 (CheY) and E178 (P2)  -- -see figure 3.
1FFW|||FB214A|||[hydrophobic]|||---1ffwe-001.pdf|||From Figure 1c:Cluster analysis diagram (40) of proposed CheY-P2 contact positions generated using the AquaProt Web server at the Weizmann Institute (39) (http://bioinfo.weizmann.ac.il/aquaprot/) to analyze the P2-CheY interface (subunits A and C of PDB structure 1EAY). CheY residues are shown in red-outlined rectangles, and P2 residues are shown in blue-outlined ovals. Black lines represent proposed van der Waals contacts, blue lines represent H bonds, green lines represent favorable electrostatic interactions, and red lines indicate aromatic bonding interactions; for interactions involving backbone atoms, the arrows point toward the residues that provide the backbone atoms.(The figure indicates that F214 is involved in intermolecular hydrophobic interactions with I95, G105, A103, S104, and Y106.  It is clearly in a hydrophobic pocket.  There may also be a ring stacking interaction with Y106.)
1FFW|||HB181A|||[hbond]|||---1ffw-s090744490001492x.pdf|||Hydrogen bond formed between Tyr106 (CheY) and H181(P2)  -- -see figure 3.
1FFW|||IB216A|||[hbond]|||---1ffwe-001.pdf|||From Figure 1c:Cluster analysis diagram (40) of proposed CheY-P2 contact positions generated using the AquaProt Web server at the Weizmann Institute (39) (http://bioinfo.weizmann.ac.il/aquaprot/) to analyze the P2-CheY interface (subunits A and C of PDB structure 1EAY). CheY residues are shown in red-outlined rectangles, and P2 residues are shown in blue-outlined ovals. Black lines represent proposed van der Waals contacts, blue lines represent H bonds, green lines represent favorable electrostatic interactions, and red lines indicate aromatic bonding interactions; for interactions involving backbone atoms, the arrows point toward the residues that provide the backbone atoms. The figure indicates that I216 has only a backbone hydrogen bond with K126 from CheY.
1FFW|||YA106W|||[hbond] [hbond-waterMediated] [hydrophobic]|||- 1ffw-s090744490001492x.pdf|||The same residues contribute to the protein±protein interface in all crystal forms (Welch et al., 1998; McEvoy et al., 1998; this work). The network of interactions is identical in all CheY±P2 complexes solved in this study and the surface complementarity (Lawrence & Colman, 1993) at the interface region is excellent, Sc = 0.74. The five water molecules bridging residues of CheY to residues of P2 in the high-resolution native structure (Fig. 3) are also found in the CheY±P2 complexes soaked with acetyl phosphate and with imidodiphosphate. One of these water molecules is hydrogen bonded to the phenol group of the functionally important Tyr106 (Zhu et al., 1996, 1997). Tyr106 was observed as a two state conformer in isolated CheY (Volz & Matsumura, 1991), with one rotamer inside and the other outside the protein core. The second rotamer is selected in the CheY±P2 complex, where the phenol group interacts with residues Glu178 and His181 from the P2 domain (Fig. 3).
1FSS|||AB12S|||[hydrophobic]|||---1fss-s0969-21262900273-8.pdf|||see table 3 -- one hydrophobic interactions
1FSS|||HB29R HB29K|||[hbond-internal]|||---1fss-s0969-21262900273-8.pdf|||Arg27 appears to play a role in orienting or stabilizing the Pro-cis-Pro turn in finger II: its NE atom is within hydrogen-bonding distance of the carbonyl oxygen atoms of His29 and Pro31, whereas its guanidino Nql1 atom forms a hydrogen bond with the carbonyl oxygen of Pro30.
1FSS|||HB29R HB29K|||[hbond]|||---1fss-s0969-21262900273-8.pdf|||Region B also contains a crystal packing artifact between AChE and FAS, namely the formation of a zinc-binding site (zinc being part of the crystallization liquor) in which the zinc ion is coordinated by Asp285 in AChE, His29 in FAS, and Glu49 from a symmetry-related copy of the AChE molecule. It is possible that the histidine and the aspartate would form an additional side-chain to side-chain hydrogen bond under physiological conditions (in the absence of zinc). --- intermolecular hbond, also intermolecular ion coordination.
1FSS|||KB32R|||[NO Hbonds]|||---1fss-s0969-21262900273-8.pdf|||Of the basic residues in FAS, the amino group of Lys32 has no apparent hydrogen-bonding interactions.
1FSS|||KB32R|||[electrostatic]|||---1fss-s0969-21262900273-8.pdf|||We have identified several critical basic residues within the FAS molecule. Their key roles are in agreement with earlier predictions made on the basis of the 3D structure of FAS-I coupled with the effects of chemical modifications on the toxin's biological activity. Thus, both acetylation of Lys32 and Lys51, and modification of Argll and Arg27, greatly reduced the potency of FAS.
1FSS|||KB32R|||[vanDerWaals]|||---1fss-s0969-21262900273-8.pdf|||We have identified several critical basic residues within the FAS molecule. Their key roles are in agreement with earlier predictions made on the basis of the 3D structure of FAS-I coupled with the effects of chemical modifications on the toxin's biological activity. Thus, both acetylation of Lys32 and Lys51, and modification of Argll and Arg27, greatly reduced the potency of FAS [25,30]. Of these four basic residues, Argl 1 and Arg27 occur only rarely in other three-fingered toxins. As detailed above (see Table 3), three of these residues make important contacts in the AChE/FAS complex: Argl 1 in FAS with Asn85 and Val71; Arg27 with Trp279; and Lys32 with Tyr334. Arg27 also stabilizes the turn 29-31 in FAS.
1FSS|||LB35W|||[info]|||---1fss-000.pdf|||Three Fas mutants (M33W, V34N, and L35R) remained unfolded and were hence excluded from further experiments (Figure S1).
1FSS|||MB33F MB33Y MB33L MB33Q|||[hydrophobic]|||---1fss-s0969-21262900273-8.pdf|||The most striking hydrophobic interaction is the stacking between the side chains of Met33 in FAS and Trp279 in AChE (Fig. 3b): the Sb-Ce moiety of Met33 stacks parallel to the indole ring of the tryptophan, with the sulfur atom positioned roughly above the six-membered ring and the methyl group above the five-membered ring. Although such stacking interactions are rare, they are not unknown. For instance, in AChE itself, Met83 stacks in a similar way with Trp84 in the anionic site. A search of the PDB using SPASM (GJK, unpublished program) revealed other proteins in which a methionine and a tryptophan residue interact in a similar way. Examples include glucose oxidase (Trpl31-Met268; PDB entry 1GAL), guinea fowl egg-white lysozyme (Trp28-Met105; PDB entry 1HHL), renin (Trp299-Metl94; PDB entry RNE), and deoxy-hemoglobin (Trpl30-Metl 14; PDB entry 2HBG).
1FSS|||MB33F MB33Y MB33L MB33Q|||[info]|||---1fss-000.pdf|||Eight mutations were found to enhance koff for tAChE (T8V/T9I, T9I, H29R, M33L, M33Q, N47F, N47W, and N47R)
1FSS|||MB33F MB33Y MB33L MB33Q|||[info]|||---1fss-000.pdf|||However, three Fas mutants (M33W, V34N, and L35R) remained unfolded and were hence excluded from further experiments (Figure S1).
1FSS|||NB47F NB47W NB47R|||[not documented] [info] [Symmetry contacts are not “real contacts”]||||||The symmetry contacts between AChE and FAS-II (in addition to those involving the zinc ion mentioned earlier) involve a few hydrophobic and polar interactions between a limited set of residues: Glu49, Pro50, Arg174, Met175, Gln178 and Gly214 in AChE, and His29, Gly44, Asp45, Asp46 and Asn47 in FAS-II.
1FSS|||RB11K|||[electrostatic]|||---1fss-s0969-21262900273-8.pdf|||We have identified several critical basic residues within the FAS molecule. Their key roles are in agreement with earlier predictions made on the basis of the 3D structure of FAS-I coupled with the effects of chemical modifications on the toxin's biological activity. Thus, both acetylation of Lys32 and Lys51, and modification of Argll and Arg27, greatly reduced the potency of FAS [25,30]. Of these four basic residues, Argl 1 and Arg27 occur only rarely in other three-fingered toxins. As detailed above (see Table 3), three of these residues make important contacts in the AChE/FAS complex: Argl 1 in FAS with Asn85 and Val71; Arg27 with Trp279; and Lys32 with Tyr334.
1FSS|||RB11K|||[hbond]|||---1fss-s0969-21262900273-8.pdf|||Three of the four arginine residues (Argl 1, Arg27 and Arg37) form hydrogen bonds with atoms in AChE.
1FSS|||RB11K|||[vanDerWaals]|||---1fss-s0969-21262900273-8.pdf|||of the seven residues in FAS-II that lose the most accessible surface area upon complex formation and excludes Thr8, which is found in 32 non-FAS toxin sequences. The seven residues, in descending order of surface loss, are numbers 11, 9, 61, 8, 30, 33 and 27 (see Table 3).
1FSS|||RB11K||||||---1fss-s0969-21262900273-8.pdf|||Five acidic residues from AChE (Glu73, Glu82, Asp276, Asp285 and Asp342) and five basic residues from FAS-II (Argl 1, Arg24, Arg27, Arg37 and Lys32) are found at the interface
1FSS|||RB27Y RB27F RB27M|||[electrostatic]|||---1fss-s0969-21262900273-8.pdf|||We have identified several critical basic residues within the FAS molecule. Their key roles are in agreement with earlier predictions made on the basis of the 3D structure of FAS-I coupled with the effects of chemical modifications on the toxin's biological activity. Thus, both acetylation of Lys32 and Lys51, and modification of Argll and Arg27, greatly reduced the potency of FAS.
1FSS|||RB27Y RB27F RB27M|||[hbond-internal]|||---1fss-s0969-21262900273-8.pdf|||Arg27 appears to play a role in orienting or stabilizing the Pro-cis-Pro turn in finger II: its NE atom is within hydrogen-bonding distance of the carbonyl oxygen atoms of His29 and Pro31, whereas its guanidino Nql1 atom forms a hydrogen bond with the carbonyl oxygen of Pro30.
1FSS|||RB27Y RB27F RB27M|||[hbond]|||---1fss-s0969-21262900273-8.pdf|||Three of the four arginine residues (Argl 1, Arg27 and Arg37) form hydrogen bonds with atoms in AChE.
1FSS|||TB8V|||[hbond] [hydrophobic]|||---1fss-s0969-21262900273-8.pdf|||Interestingly, one residue in FAS, Thr8, interacts both with Val71 (in region A) and Asp276 (in region B) (see Figs 2, 3a and 3b).-- see table 3 also  Multiple hydrophobic interactions and hbonds.
1FSS|||TB9I TB9N|||[hydrophobic]|||---1fss-s0969-21262900273-8.pdf|||see table 3 -- Multiple hydrophobic interactions
1FSS|||VB34T|||[hbond]|||---1fss-s0969-21262900273-8.pdf|||see table 3 -- one hbond
1FSS|||VB34T|||[info]|||---1fss-000.pdf|||Three Fas mutants (M33W, V34N, and L35R) remained unfolded and were hence excluded from further experiments (Figure S1).
1FY8|||DE194N|||[hbond] [salt bridge]|||--- 1fy8-ps.44101.pdf|||However,the Asp194Asn mutation increases the activity of trypsinogen constructs (Pasternak etal. 1998).
1FY8|||DE194N|||[hbond] [salt bridge]|||--- 1fy8-ps.44101.pdf|||The amino group of the new N-terminal Ile16 binds in a pocket,forming a salt bridge with the carboxylate of Asp194 (Fig. 3). These interactions stabilize the segments that form the S1 binding site and the oxyanion hole of the trypsin active site,as well as part of the S2 site. Not surprisingly,destabilization of this structure by the substitution of Ile16 with smaller residues or by the substitution of Asp194 with Asn impairs the protease activity of trypsin (Hedstrom et al. 1996).
1GC1|||DC63A|||[not documented]||||||
1GC1|||EC85A|||[not documented]||||||
1GC1|||HC27A|||[not documented]||||||
1GC1|||KC29A|||[not documented]||||||
1GC1|||KC35A|||[not documented]||||||
1GC1|||KC46A|||[not documented]||||||
1GC1|||LC44A|||[not documented]||||||
1GC1|||NC32A|||[not documented]||||||
1GC1|||NC52A|||[not documented]||||||
1GC1|||QC25A|||[not documented]||||||
1GC1|||QC33A|||[not documented]||||||
1GC1|||QC40A|||[not documented]||||||
1GC1|||QC64A|||[not documented]||||||
1GC1|||RC59A|||[hbond] [salt bridge]|||----1gc1-31405.pdf|||Arg 59 interacts with Asp 368 and Val 430. The carboxylate group of Asp 368 makes double hydrogen-bonds with the guanidinium Nh atoms of Arg 59, but it also hydrogen-bonds back to the backbone NH group of residue 44 and it appears to be optimally positioned to receive a CH...O hydrogen bond (3.20 A ̊) from the Phe 43 ring.
1GC1|||RC59A||||||----1gc1-31405.pdf|||Arg 59 suffers less loss of solvent-accessible surface upon gp120binding but is highly sensitive to mutation.
1GC1|||SC23A|||[not documented]||||||
1GC1|||SC23A||||||	---1gc1-31405.pdf|||
1GC1|||SC42A|||[not documented]||||||
1GC1|||SC60A|||[not documented]||||||
1GC1|||TC45A|||[not documented]||||||
1GCQ|||AC632G|||[hbond]|||---1gcq-000.pdf|||Finally, to investigate the role of the n-Src loop in GrbS binding, we mutated Ala632 to glycine. Ala632 is located at the tip of the n-Src loop, and its polypeptide backbone and methyl group both closely contact the GrbS residues at the side of the valley. The mutation resulted in an affinity decrease of ~10-fold. This large decrease might be caused not only by the loss of the side chain interactions, but also by the change of the backbone conformation around Ala632 to the forms unsuitable for GrbS binding as a result of the glycine replacement.
1GCQ|||AC632G|||[hbond]|||---1gcq-000.pdf|||On another side wall, three hydrogen bonds are formed between the polypeptide backbone ofAla632 and the side chains of Gln162 and Arg179.
1GCQ|||GC611V|||[hydrophobic] [low impact]|||---1gcq-000.pdf|||Among the VavS residues at the VavS±GrbS B interface, Pro608 and Gly611 are in the closest contact with GrbS B. The mutation of each residue to alanine or valine was expected to reduce the binding af®nity, if the VavS±GrbS B interface has physiological significance. The Pro608Alamutation would remove the side chain interactions at the P+2 site of GrbS…. However, both mutants retained binding affinities similar to that of wild-type VavS.
1GCQ|||PC595A|||[hydrophobic]|||---1gcq-000.pdf|||On the other hand, the side chain interaction of Pro595 with the GrbS residues is less tight than that of Pro657, and its mutation was relatively tolerable.
1GCQ|||PC608A|||[hydrophobic] [low impact]|||---1gcq-000.pdf|||Among the VavS residues at the VavS±GrbS B interface, Pro608 and Gly611 are in the closest contact with GrbS B. The mutation of each residue to alanine or valine was expected to reduce the binding affinity, if the VavS±GrbS B interface has physiological significance. The Pro608Alamutation would remove the side chain interactions at the P+2 site of GrbS…. However, both mutants retained binding affinities similar to that of wild-type VavS.
1GCQ|||PC609A|||[hydrophobic] [low impact]|||---1gcq-000.pdf|||Next, although the side chain of Pro609 does not face toward the GrbS residues, this residue is one of the key residues at the interface. The anchorage of its pyrrolidine ring in the hydrophobic pocket on VavS appears to support the backbone conformation around the residues interacting with GrbS, Pro607, Pro608, Pro610 and Gly611, from the back (Figure 3). However, the alanine substitution of Pro609 barely affected the binding affinity, as also found with the mutations of Pro608 and Gly611.
1GCQ|||PC657A|||[hydrophobic]|||---1gcq-000.pdf|||The large decrease (~9-fold) in the affinity caused by the Pro657Ala mutation agrees well with the tight interactions of its pyrrolidine ring with Phe165 and Tyr209 of GrbS.
1GCQ|||WC637Y|||[hbond]|||---1gcq-000.pdf|||First, since Trp637 is the major component at the bottom of the GrbS-binding valley, replacement of its side chain by a smaller one is supposed to abolish the interdomain interactions. In addition, the importance of Trp637 for supporting one of the side walls is emphasized, because it forms a hydrogen bond with the polypeptide backbone of His634 via its side chain (Figure 6A). As expected, the substitution of Trp637 for tyrosine caused a large decrease (~40-fold) in the binding af®nity.
1GUA|||EA37A|||[hbond][hydrophobic]|||--1gua-nsb0896-723.pdf|||Fig 3. Schematic view of the complex interface showing hydrogen bonds (dotted lines) and their distances. Residues involved in polar interactions are coloured blue, those in hydrophobic contacts orange (contact area 1) and yellow (contact area 2).
1GUA|||EA37A|||[salt bridge]|||--1gua-nsb0896-723.pdf|||On further refinement an additional interaction was found involving a salt bridge between the side chains of Arg 59 of RafRBD and Glu 37 of RaplA-not observed in the structure reported
1GUA|||KB65A|||[contact]|||--1gua-000.pdf|||Table 2. Arg41 Lys65 sc-sc,sc-mc
1GUA|||KB84A|||[hbond][polar]|||--1gua-nsb0896-723.pdf|||Fig 3. Schematic view of the complex interface showing hydrogen bonds (dotted lines) and their distances. Residues involved in polar interactions are coloured blue, those in hydrophobic contacts orange (contact area 1) and yellow (contact area 2).
1GUA|||KB84A|||[note]|||--1gua-nsb0896-723.pdf|||Table 2. 280 fold compared to wt
1GUA|||KB84A|||[note]|||--1gua-nsb0896-723.pdf|||Tight salt bridge with Glu31 and weak salt bridge with Asp33
1GUA|||KB84A|||[salt bridge]|||--1gua-nsb0896-723.pdf|||The major difference from the previously reported wild-type interface!, apart from changes due to the aforementioned Arg 59-Glu 37 salt bridge, are the additional interactions of Lys 84 from RafRBD which makes a tight and a weak salt bridge with Glu 31 and Asp 33, respectively, on the mutant Rap. Lys 84 also interacts with the carbonyl of Glu 31 through two water molecules
1GUA|||KB87A|||[not documented]||||||
1GUA|||NB64A|||[hbond][polar]|||--1gua-nsb0896-723.pdf|||Fig 3. Schematic view of the complex interface showing hydrogen bonds (dotted lines) and their distances. Residues involved in polar interactions are coloured blue, those in hydrophobic contacts orange (contact area 1) and yellow (contact area 2).
1GUA|||NB64A|||[note]|||--1gua-nsb0896-723.pdf|||Table 2. 8.3 fold compared to wt
1GUA|||QB66A|||[hbond][polar]|||--1gua-nsb0896-723.pdf|||Fig 3. Schematic view of the complex interface showing hydrogen bonds (dotted lines) and their distances. Residues involved in polar interactions are coloured blue, those in hydrophobic contacts orange (contact area 1) and yellow (contact area 2).
1GUA|||RB59A|||[hbond][polar]|||--1gua-nsb0896-723.pdf|||Fig 3. Schematic view of the complex interface showing hydrogen bonds (dotted lines) and their distances. Residues involved in polar interactions are coloured blue, those in hydrophobic contacts orange (contact area 1) and yellow (contact area 2).
1GUA|||RB59A|||[note]|||--1gua-nsb0896-723.pdf|||Table 2. 67 fold compared to wt
1GUA|||RB59A|||[salt bridge]|||--1gua-nsb0896-723.pdf|||On further refinement an additional interaction was found involving a salt bridge between the side chains of Arg 59 of RafRBD and Glu 37 of RaplA-not observed in the structure reported
1GUA|||SA39A|||[hbond][polar]|||--1gua-nsb0896-723.pdf|||Fig 3. Schematic view of the complex interface showing hydrogen bonds (dotted lines) and their distances. Residues involved in polar interactions are coloured blue, those in hydrophobic contacts orange (contact area 1) and yellow (contact area 2).
1GUA|||TB68A|||[hbond][polar]|||--1gua-nsb0896-723.pdf|||Fig 3. Schematic view of the complex interface showing hydrogen bonds (dotted lines) and their distances. Residues involved in polar interactions are coloured blue, those in hydrophobic contacts orange (contact area 1) and yellow (contact area 2).
1GUA|||VB69A|||[hbond][hydrophobic]|||--1gua-nsb0896-723.pdf|||Fig 3. Schematic view of the complex interface showing hydrogen bonds (dotted lines) and their distances. Residues involved in polar interactions are coloured blue, those in hydrophobic contacts orange (contact area 1) and yellow (contact area 2).
1GUA|||VB88A|||[hydrophobic]|||--1gua-nsb0896-723.pdf|||Fig 3. Schematic view of the complex interface showing hydrogen bonds (dotted lines) and their distances. Residues involved in polar interactions are coloured blue, those in hydrophobic contacts orange (contact area 1) and yellow (contact area 2).
1H9D|||GB61A|||[not documented]||||||
1H9D|||LB103A|||[hbond]|||--1h9d-000.pdf|||Fig 6. Hydrogen bonds are displayed as yellow dotted lines.
1H9D|||NB104A|||[hbond]|||--1h9d-000.pdf|||Fig 6. Hydrogen bonds are displayed as yellow dotted lines.
1H9D|||QB67A|||[not documented]||||||
1H9D|||RB3A|||[not documented]||||||
1H9D|||VB4A|||[not documented]||||||
1IAR|||EA9Q|||[electrostatic]|||--1iar-000.pdf|||A 1.5- to 2-fold reduction in on-rate occurred in alanine or glutamine variants E9Q, T13A, K77A, R81A, K84A, R85A, R88AyQ, and W91A (Table 1). With the exception of T13A, only substitutions of charged, mostly basic, residues produced a significant on-rate effect. The on-rate of variant E19A was consistently found to be faster than that of IL-4.
1IAR|||FA82A|||[not documented]|||--1iar-000.pdf|||The analyzed charge variants exhibited a pattern of changes in koff confirming and overlapping with that of the alanine or glutamine variants. All positions where alanine substitutions increased the koff also yielded faster dissociation rate constants after charged residue substitutions. The only exception was position Thr-13. Remarkably, variant T13D and also F82D exhibited a 3- to 4-fold reduced koff. The substituted acidic residue therefore stabilized the complex with IL4-BP. At the position of Thr-6, where alanine substitution had no effect, a faster off-rate constant was obtained in the charge variant. Variant T6D dissociated with an off-rate 8-fold faster than IL-4. The increase in off-rate observed with the charge variants R81E, K84D, R85D, and W91D was 3- to 5-fold and thus more pronounced than that of the corresponding alanine variants. The increased off-rates probably result from an electrostatic repulsion at the contact site with the receptor rather than from a loss in binding function of the original residue. These changes were generally quite low, however. From this observation it might be concluded that also in alanine or glutamine variants repulsive forces due to uncompensated charged receptor side chains appear to be negligible.
1IAR|||FA82D|||[not documented]|||--1iar-000.pdf|||The analyzed charge variants exhibited a pattern of changes in koff confirming and overlapping with that of the alanine or glutamine variants. All positions where alanine substitutions increased the koff also yielded faster dissociation rate constants after charged residue substitutions. The only exception was position Thr-13. Remarkably, variant T13D and also F82D exhibited a 3- to 4-fold reduced koff. The substituted acidic residue therefore stabilized the complex with IL4-BP. At the position of Thr-6, where alanine substitution had no effect, a faster off-rate constant was obtained in the charge variant. Variant T6D dissociated with an off-rate 8-fold faster than IL-4. The increase in off-rate observed with the charge variants R81E, K84D, R85D, and W91D was 3- to 5-fold and thus more pronounced than that of the corresponding alanine variants. The increased off-rates probably result from an electrostatic repulsion at the contact site with the receptor rather than from a loss in binding function of the original residue. These changes were generally quite low, however. From this observation it might be concluded that also in alanine or glutamine variants repulsive forces due to uncompensated charged receptor side chains appear to be negligible.
1IAR|||IA5A|||[not documented]|||--1iar-000.pdf|||In two further alanine variants the off-rate constant was increased 14-fold (N89A) and 7-fold (I5A).
1IAR|||IA5R|||[not documented]|||--1iar-000.pdf|||In two further alanine variants the off-rate constant was increased 14-fold (N89A) and 7-fold (I5A).
1IAR|||KA12E|||[electrostatic]|||--1iar-000.pdf|||Charge variants at the basic positions of helix C exhibited a larger decrease in on-rate than the corresponding alanine variants. The replacement of a basic residue by an acidic residue of opposite charge in variants K77E, R81E, K84D, and R85D was paralleled by a 3- to 5-fold reduced on-rate. Charge variants T6D, K12D, and T13D on helix A showed an about 2-fold lower kon than IL-4.
1IAR|||KA12S|||[electrostatic]|||--1iar-000.pdf|||Charge variants at the basic positions of helix C exhibited a larger decrease in on-rate than the corresponding alanine variants. The replacement of a basic residue by an acidic residue of opposite charge in variants K77E, R81E, K84D, and R85D was paralleled by a 3- to 5-fold reduced on-rate. Charge variants T6D, K12D, and T13D on helix A showed an about 2-fold lower kon than IL-4.
1IAR|||NA89A|||[not documented]||||||In two further alanine variants the off-rate constant was increased 14-fold (N89A) and 7-fold (I5A).
1IAR|||QA78A|||[not documented]||||||
1IAR|||QA78E|||[not documented]||||||
1IAR|||QA8A|||[not documented]||||||
1IAR|||QA8R|||[not documented]||||||
1IAR|||RA53Q|||[electrostatic]|||--1iar-000.pdf|||A 3-fold higher off-rate was found in variants T13A, R53Q, and W91A. A marginal but significant increase in koff occurred in IL-4 variants R81A, K84A, and R85A. R53Q was the only variant with an amino acid substitution located on helix B. An estimate of the cumulative effect of the substitutions in all these variants yielded an increase in koff by a factor of about 1 3 109.
1IAR|||RA81A|||[electrostatic]|||--1iar-000.pdf|||In previous experiments, a 4- to 5-fold decrease in the kon of IL-4 had been observed when the salt concentration was increased form 150 mM to 0.7 M NaCl (28). This negative salt effect was found to be only 2- to 3-fold for the kon of variants R81E, K84D, and R85D (data not shown). In none of the variants was the off-rate constant altered by salt. Thus, both high ionic strength of the medium and the loss of charges in the IL-4 protein weakened electrostatic steering during IL-4y IL4-BP association. It is possible that a kon in the range of 1 to 2 3 106 M21zs21 is a limit value attainable in the absence of electrostatic attraction (see ref. 33).
1IAR|||RA81E|||[electrostatic]|||--1iar-000.pdf|||In previous experiments, a 4- to 5-fold decrease in the kon of IL-4 had been observed when the salt concentration was increased form 150 mM to 0.7 M NaCl (28). This negative salt effect was found to be only 2- to 3-fold for the kon of variants R81E, K84D, and R85D (data not shown). In none of the variants was the off-rate constant altered by salt. Thus, both high ionic strength of the medium and the loss of charges in the IL-4 protein weakened electrostatic steering during IL-4y IL4-BP association. It is possible that a kon in the range of 1 to 2 3 106 M21zs21 is a limit value attainable in the absence of electrostatic attraction (see ref. 33).
1IAR|||RA85A|||[electrostatic]|||--1iar-000.pdf|||A marginal but significant increase in koff occurred in IL-4 variants R81A, K84A, and R85A. R53Q was the only variant with an amino acid substitution located on helix B. An estimate of the cumulative effect of the substitutions in all these variants yielded an increase in koff by a factor of about 1 3 109.
1IAR|||RA85A|||[electrostatic]|||--1iar-000.pdf|||Charge variants at the basic positions of helix C exhibited a larger decrease in on-rate than the corresponding alanine variants. The replacement of a basic residue by an acidic residue of opposite charge in variants K77E, R81E, K84D, and R85D was paralleled by a 3- to 5-fold reduced on-rate. Charge variants T6D, K12D, and T13D on helix A showed an about 2-fold lower kon than IL-4.
1IAR|||RA85E|||[electrostatic]|||--1iar-000.pdf|||A marginal but significant increase in koff occurred in IL-4 variants R81A, K84A, and R85A. R53Q was the only variant with an amino acid substitution located on helix B. An estimate of the cumulative effect of the substitutions in all these variants yielded an increase in koff by a factor of about 1 3 109.
1IAR|||RA85E|||[electrostatic]|||--1iar-000.pdf|||Charge variants at the basic positions of helix C exhibited a larger decrease in on-rate than the corresponding alanine variants. The replacement of a basic residue by an acidic residue of opposite charge in variants K77E, R81E, K84D, and R85D was paralleled by a 3- to 5-fold reduced on-rate. Charge variants T6D, K12D, and T13D on helix A showed an about 2-fold lower kon than IL-4.
1IAR|||RA88A|||[electrostatic]|||--1iar-000.pdf|||A 1.5- to 2-fold reduction in on-rate occurred in alanine or glutamine variants E9Q, T13A, K77A, R81A, K84A, R85A, R88AyQ, and W91A (Table 1). With the exception of T13A, only substitutions of charged, mostly basic, residues produced a significant on-rate effect. The on-rate of variant E19A was consistently found to be faster than that of IL-4.
1IAR|||RA88Q|||[electrostatic]|||--1iar-000.pdf|||A 1.5- to 2-fold reduction in on-rate occurred in alanine or glutamine variants E9Q, T13A, K77A, R81A, K84A, R85A, R88AyQ, and W91A (Table 1). With the exception of T13A, only substitutions of charged, mostly basic, residues produced a significant on-rate effect. The on-rate of variant E19A was consistently found to be faster than that of IL-4.
1IAR|||TA13A|||[not documented]|||--1iar-000.pdf|||A 3-fold higher off-rate was found in variants T13A, R53Q, and W91A.
1IAR|||TA13D|||[electrostatic]|||--1iar-000.pdf|||Charge variants at the basic positions of helix C exhibited a larger decrease in on-rate than the corresponding alanine variants. The replacement of a basic residue by an acidic residue of opposite charge in variants K77E, R81E, K84D, and R85D was paralleled by a 3- to 5-fold reduced on-rate. Charge variants T6D, K12D, and T13D on helix A showed an about 2-fold lower kon than IL-4.
1IAR|||TA6A||||||--1iar-000.pdf|||Charge variants at the basic positions of helix C exhibited a larger decrease in on-rate than the corresponding alanine variants. The replacement of a basic residue by an acidic residue of opposite charge in variants K77E, R81E, K84D, and R85D was paralleled by a 3- to 5-fold reduced on-rate. Charge variants T6D, K12D, and T13D on helix A showed an about 2-fold lower kon than IL-4.
1IAR|||TA6D||||||--1iar-000.pdf|||Charge variants at the basic positions of helix C exhibited a larger decrease in on-rate than the corresponding alanine variants. The replacement of a basic residue by an acidic residue of opposite charge in variants K77E, R81E, K84D, and R85D was paralleled by a 3- to 5-fold reduced on-rate. Charge variants T6D, K12D, and T13D on helix A showed an about 2-fold lower kon than IL-4.
1IAR|||WA91A|||[low impact]|||--1iar-000.pdf|||A 1.5- to 2-fold reduction in on-rate occurred in alanine or glutamine variants E9Q, T13A, K77A, R81A, K84A, R85A, R88AyQ, and W91A (Table 1). With the exception of T13A, only substitutions of charged, mostly basic, residues produced a significant on-rate effect. The on-rate of variant E19A was consistently found to be faster than that of IL-4.
1IAR|||WA91A|||[low impact]|||--1iar-000.pdf|||A 3-fold higher off-rate was found in variants T13A, R53Q, and W91A.
1IAR|||WA91A|||[not documented]|||--1iar-000.pdf|||The increase in off-rate observed with the charge variants R81E, K84D, R85D, and W91D was 3- to 5-fold and thus more pronounced than that of the corresponding alanine variants.
1IAR|||WA91D|||[low impact]|||--1iar-000.pdf|||A 1.5- to 2-fold reduction in on-rate occurred in alanine or glutamine variants E9Q, T13A, K77A, R81A, K84A, R85A, R88AyQ, and W91A (Table 1). With the exception of T13A, only substitutions of charged, mostly basic, residues produced a significant on-rate effect. The on-rate of variant E19A was consistently found to be faster than that of IL-4.
1IAR|||WA91D|||[low impact]|||--1iar-000.pdf|||A 3-fold higher off-rate was found in variants T13A, R53Q, and W91A.
1IAR|||WA91D|||[not documented]|||--1iar-000.pdf|||The increase in off-rate observed with the charge variants R81E, K84D, R85D, and W91D was 3- to 5-fold and thus more pronounced than that of the corresponding alanine variants.
1JRH|||DH54A|||[hbond]|||--1jrh-jmbi.1997.1336.pdf|||Table 3. K52 NZ D54 OD2 2.8
1JRH|||DH56A|||[hbond]|||--1jrh-jmbi.1997.1336.pdf|||Table 3. K52 NZ D56 OD2 2.8
1JRH|||DL28A|||[not documented]|||--1jrh-jmbi.1997.1336.pdf|||
1JRH|||EI55A|||[not documented]|||--1jrh-jmbi.1997.1336.pdf|||
1JRH|||EI55P|||[not documented]|||--1jrh-jmbi.1997.1336.pdf|||
1JRH|||EL27A|||[not documented]|||--1jrh-jmbi.1997.1336.pdf|||
1JRH|||GI50A|||[hbond]|||--1jrh-jmbi.1997.1336.pdf|||Table 3. G50 O G100 N 3.2, G50 O R95 NH2 3.3
1JRH|||KI47A|||[hbond]|||--1jrh-jmbi.1997.1336.pdf|||Table 3. K47 NZ W92 O 2.8
1JRH|||KI47M|||[hbond]|||--1jrh-jmbi.1997.1336.pdf|||Table 3. K47 NZ W92 O 2.8
1JRH|||KI52A|||[hbond-internal]|||--1jrh-jmbi.1997.1336.pdf|||Additional hydrogen bonding interactions are also indicated between the carboxamide oxy-gen of AsnI79 (EF loop) and the main-chain NH groups of ValI51 and LysI52 of the CC0 loop aswell as between the carboxamide groups of AsnI79 and AsnI48.
1JRH|||KI52A|||[hbond]||||||Table 3. K52 NZ D54 OD2 2.8, K52 NZ D56 OD2 2.8
1JRH|||KI52M|||[hbond-internal]|||--1jrh-jmbi.1997.1336.pdf|||Additional hydrogen bonding interactions are also indicated between the carboxamide oxy-gen of AsnI79 (EF loop) and the main-chain NH groups of ValI51 and LysI52 of the CC0 loop aswell as between the carboxamide groups of AsnI79 and AsnI48.
1JRH|||KI52M|||[hbond]||||||Table 3. K52 NZ D54 OD2 2.8, K52 NZ D56 OD2 2.8
1JRH|||KI98A|||[not documented]|||--1jrh-jmbi.1997.1336.pdf|||
1JRH|||NI53A|||[hbond]|||--1jrh-jmbi.1997.1336.pdf|||Table 3. N53 O T94 N 2.9, N53 ND2 T94 O 3.3, N53 ND2 Y91O 3.2
1JRH|||NI79A|||[hbond-internal]|||--1jrh-jmbi.1997.1336.pdf|||Additional hydrogen bonding interactions are also indicated between the carboxamide oxy-gen of AsnI79 (EF loop) and the main-chain NH groups of ValI51 and LysI52 of the CC0 loop aswell as between the carboxamide groups of AsnI79 and AsnI48.
1JRH|||RH95A|||[hbond]|||--1jrh-jmbi.1997.1336.pdf|||Table 3. G50 O R95 NH2 3.3, V51 O R95 NH1 2.9
1JRH|||RI84A|||[not documented]|||--1jrh-jmbi.1997.1336.pdf|||
1JRH|||SI54A|||[hbond]|||--1jrh-jmbi.1997.1336.pdf|||Table 3. S54 O S93 OG 3.2
1JRH|||SL93A|||[hbond]|||--1jrh-jmbi.1997.1336.pdf|||Table 3. S54 O S93 OG 3.2
1JRH|||TL94A|||[hbond]|||--1jrh-jmbi.1997.1336.pdf|||Table 3. N53 O T94 N 2.9, N53 ND2 T94 O 3.3
1JRH|||VI51A|||[hbond-internal]|||--1jrh-jmbi.1997.1336.pdf|||Additional hydrogen bonding interactions are also indicated between the carboxamide oxy-gen of AsnI79 (EF loop) and the main-chain NH groups of ValI51 and LysI52 of the CC0 loop aswell as between the carboxamide groups of AsnI79 and AsnI48.
1JRH|||VI51A|||[hbond]||||||Table 3. V51 O R95 NH1 2.9, V51 O H100B NE2 3.0
1JRH|||WH52A|||[vanDerWaals]|||--1jrh-jmbi.1997.1336.pdf|||In addition, many aromatic resi-dues located in the interface contribute to van der Waals contacts between the antigen and the anti-body (®lled bars in Figure 6). Indeed, 13 aromatic side-chains are situated at the interface, four in VL (TyrL30, TyrL91, TrpL92, TrpL96), six in VH (TyrH32, TrpH52, TrpH53, TyrH58, TyrH99, HisH100B) and three in the receptor (TyrI49, TrpI56, TrpI82).
1JRH|||WH53A|||[vanDerWaals]|||--1jrh-jmbi.1997.1336.pdf|||In addition, many aromatic resi-dues located in the interface contribute to van der Waals contacts between the antigen and the anti-body (®lled bars in Figure 6). Indeed, 13 aromatic side-chains are situated at the interface, four in VL (TyrL30, TyrL91, TrpL92, TrpL96), six in VH (TyrH32, TrpH52, TrpH53, TyrH58, TyrH99, HisH100B) and three in the receptor (TyrI49, TrpI56, TrpI82).
1JRH|||WI56F|||[vanDerWaals]|||--1jrh-jmbi.1997.1336.pdf|||In addition, many aromatic resi-dues located in the interface contribute to van der Waals contacts between the antigen and the anti-body (®lled bars in Figure 6). Indeed, 13 aromatic side-chains are situated at the interface, four in VL (TyrL30, TyrL91, TrpL92, TrpL96), six in VH (TyrH32, TrpH52, TrpH53, TyrH58, TyrH99, HisH100B) and three in the receptor (TyrI49, TrpI56, TrpI82).
1JRH|||WI56Y|||[vanDerWaals]|||--1jrh-jmbi.1997.1336.pdf|||In addition, many aromatic resi-dues located in the interface contribute to van der Waals contacts between the antigen and the anti-body (®lled bars in Figure 6). Indeed, 13 aromatic side-chains are situated at the interface, four in VL (TyrL30, TyrL91, TrpL92, TrpL96), six in VH (TyrH32, TrpH52, TrpH53, TyrH58, TyrH99, HisH100B) and three in the receptor (TyrI49, TrpI56, TrpI82).
1JRH|||WI82A|||[vanDerWaals]|||--1jrh-jmbi.1997.1336.pdf|||In addition, many aromatic resi-dues located in the interface contribute to van der Waals contacts between the antigen and the anti-body (®lled bars in Figure 6). Indeed, 13 aromatic side-chains are situated at the interface, four in VL (TyrL30, TyrL91, TrpL92, TrpL96), six in VH (TyrH32, TrpH52, TrpH53, TyrH58, TyrH99, HisH100B) and three in the receptor (TyrI49, TrpI56, TrpI82).
1JRH|||WI82F|||[vanDerWaals]|||--1jrh-jmbi.1997.1336.pdf|||In addition, many aromatic resi-dues located in the interface contribute to van der Waals contacts between the antigen and the anti-body (®lled bars in Figure 6). Indeed, 13 aromatic side-chains are situated at the interface, four in VL (TyrL30, TyrL91, TrpL92, TrpL96), six in VH (TyrH32, TrpH52, TrpH53, TyrH58, TyrH99, HisH100B) and three in the receptor (TyrI49, TrpI56, TrpI82).
1JRH|||WI82Y|||[vanDerWaals]|||--1jrh-jmbi.1997.1336.pdf|||In addition, many aromatic resi-dues located in the interface contribute to van der Waals contacts between the antigen and the anti-body (®lled bars in Figure 6). Indeed, 13 aromatic side-chains are situated at the interface, four in VL (TyrL30, TyrL91, TrpL92, TrpL96), six in VH (TyrH32, TrpH52, TrpH53, TyrH58, TyrH99, HisH100B) and three in the receptor (TyrI49, TrpI56, TrpI82).
1JRH|||WL92A|||[hbond]||||||Table 3. K47 NZ W92 O 2.8
1JRH|||WL92A|||[vanDerWaals]|||--1jrh-jmbi.1997.1336.pdf|||In addition, many aromatic resi-dues located in the interface contribute to van der Waals contacts between the antigen and the anti-body (®lled bars in Figure 6). Indeed, 13 aromatic side-chains are situated at the interface, four in VL (TyrL30, TyrL91, TrpL92, TrpL96), six in VH (TyrH32, TrpH52, TrpH53, TyrH58, TyrH99, HisH100B) and three in the receptor (TyrI49, TrpI56, TrpI82).
1JRH|||WL96A|||[vanDerWaals]|||--1jrh-jmbi.1997.1336.pdf|||In addition, many aromatic resi-dues located in the interface contribute to van der Waals contacts between the antigen and the anti-body (®lled bars in Figure 6). Indeed, 13 aromatic side-chains are situated at the interface, four in VL (TyrL30, TyrL91, TrpL92, TrpL96), six in VH (TyrH32, TrpH52, TrpH53, TyrH58, TyrH99, HisH100B) and three in the receptor (TyrI49, TrpI56, TrpI82).
1JRH|||YH32A|||[hbond]||||||Table 3. D76 OD1 Y32 OH 3.1, D76 OD2 Y32 OH 3.1
1JRH|||YH32A|||[vanDerWaals]|||--1jrh-jmbi.1997.1336.pdf|||
1JRH|||YH32A|||[vanDerWaals]|||--1jrh-jmbi.1997.1336.pdf|||In addition, many aromatic resi-dues located in the interface contribute to van der Waals contacts between the antigen and the anti-body (®lled bars in Figure 6). Indeed, 13 aromatic side-chains are situated at the interface, four in VL (TyrL30, TyrL91, TrpL92, TrpL96), six in VH (TyrH32, TrpH52, TrpH53, TyrH58, TyrH99, HisH100B) and three in the receptor (TyrI49, TrpI56, TrpI82).
1JRH|||YH58A|||[vanDerWaals]|||--1jrh-jmbi.1997.1336.pdf|||In addition, many aromatic resi-dues located in the interface contribute to van der Waals contacts between the antigen and the anti-body (®lled bars in Figure 6). Indeed, 13 aromatic side-chains are situated at the interface, four in VL (TyrL30, TyrL91, TrpL92, TrpL96), six in VH (TyrH32, TrpH52, TrpH53, TyrH58, TyrH99, HisH100B) and three in the receptor (TyrI49, TrpI56, TrpI82).
1JRH|||YH99A|||[hbond]||||||Table 3. S78 O Y99 OH 2.7
1JRH|||YH99A|||[vanDerWaals]|||--1jrh-jmbi.1997.1336.pdf|||In addition, many aromatic resi-dues located in the interface contribute to van der Waals contacts between the antigen and the anti-body (®lled bars in Figure 6). Indeed, 13 aromatic side-chains are situated at the interface, four in VL (TyrL30, TyrL91, TrpL92, TrpL96), six in VH (TyrH32, TrpH52, TrpH53, TyrH58, TyrH99, HisH100B) and three in the receptor (TyrI49, TrpI56, TrpI82).
1JRH|||YI49A|||[hbond]||||||Table 3. Y49 OH G100 O 2.5, Y49 OH H100B ND1 3.1
1JRH|||YI49A|||[vanDerWaals]|||--1jrh-jmbi.1997.1336.pdf|||In addition, many aromatic resi-dues located in the interface contribute to van der Waals contacts between the antigen and the anti-body (®lled bars in Figure 6). Indeed, 13 aromatic side-chains are situated at the interface, four in VL (TyrL30, TyrL91, TrpL92, TrpL96), six in VH (TyrH32, TrpH52, TrpH53, TyrH58, TyrH99, HisH100B) and three in the receptor (TyrI49, TrpI56, TrpI82).
1JRH|||YI49F|||[hbond]|||--1jrh-jmbi.1997.1336.pdf|||Table 3. Y49 OH G100 O 2.5, Y49 OH H100B ND1 3.1
1JRH|||YL30A|||[vanDerWaals]|||--1jrh-jmbi.1997.1336.pdf|||In addition, many aromatic resi-dues located in the interface contribute to van der Waals contacts between the antigen and the anti-body (®lled bars in Figure 6). Indeed, 13 aromatic side-chains are situated at the interface, four in VL (TyrL30, TyrL91, TrpL92, TrpL96), six in VH (TyrH32, TrpH52, TrpH53, TyrH58, TyrH99, HisH100B) and three in the receptor (TyrI49, TrpI56, TrpI82).
1JRH|||YL91A|||[hbond]||||||Table 3. N53 ND2 Y91O 3.2
1JRH|||YL91A|||[vanDerWaals]|||--1jrh-jmbi.1997.1336.pdf|||In addition, many aromatic resi-dues located in the interface contribute to van der Waals contacts between the antigen and the anti-body (®lled bars in Figure 6). Indeed, 13 aromatic side-chains are situated at the interface, four in VL (TyrL30, TyrL91, TrpL92, TrpL96), six in VH (TyrH32, TrpH52, TrpH53, TyrH58, TyrH99, HisH100B) and three in the receptor (TyrI49, TrpI56, TrpI82).
1JRH||||||[hbond]||||||
1JTD 1JTG|||DB131A|||||||||
1JTD 1JTG|||DB163A|||||||||
1JTD 1JTG|||DB163K|||||||||
1JTD 1JTG|||DB167A|||||||||
1JTD 1JTG|||DB170A|||||||||
1JTD 1JTG|||DB206A|||||||||
1JTD 1JTG|||DB49A|||[hbond][salt bridge]|||--1jtg-007.pdf|||Within loop 1, Asp49 forms two salt bridges and two hydrogen bonds with four conserved TEM-1 residues that are essential for enzyme activity: Ser130, Lys234, Ser235, and Arg244.
1JTD 1JTG|||DB52A|||[steric]|||---1jtd-001.pdf|||Trp-53 is located on a BLIP-II loop that sterically blocks the -lactamase active site with the help of BLIP-II residues Asn-50 and Asp-52. Trp-53, however, makes only limited side chain contacts with one or two residues of b-lactamase, and yet the BLIP-II D53A substitution exhibits greatly decreased binding affinity for b-lactamases (Fig. 6C).
1JTD 1JTG|||DB52A|||[steric]|||---1jtd-nsb1001-848-SAME-AS-1JTG.pdf|||A superposition of the TEM-1-penicillin G complex13 with the TEM-1-BLIP-II complex revealed that the side chains of Asn 50 and Asp 52 of BLIP-II would sterically clash with a bound substrate (Fig. 2a), indicating a competitive mode of inhibition.
1JTD 1JTG|||EA104A|||[high impact]||||||The TEM-1 Q99A, N100A, E110A, V216A, and M272A substitutions modestly affect dissociation rates while the L102A, E104A, Y105A, P107A, K111A, and M129A substitutions result in large increases in dissociation rate and no substitutions significantly decrease the dissociation rate
1JTD 1JTG|||EA104A|||[note]|||--1jtd-000.pdf|||(2 fold reduction in catalytic activity)
1JTD 1JTG|||EA104K EA104A EA104D|||[high impact]|||--|||The TEM-1 Q99A, N100A, E110A, V216A, and M272A substitutions modestly affect dissociation rates while the L102A, E104A, Y105A, P107A, K111A, and M129A substitutions result in large increases in dissociation rate and no substitutions significantly decrease the dissociation rate
1JTD 1JTG|||EA104K EA104A EA104D|||[info]|||---1jtg-000.pdf|||significant changes in the inhibitory profile were observed when E104K was used as the target b-lactamase. Wild-type BLIP inhibited E104K approximately 1000-fold worse than for TEM-1, suggesting that the interactions made between BLIP and Glu-104 are critical for wild-type levels of activity.
1JTD 1JTG|||EA104K EA104A EA104D|||[note]|||--1jtd-000.pdf|||(2 fold reduction in catalytic activity)
1JTD 1JTG|||EA104K EA104A EA104D|||[salt bridge] [hbond]|||----1jtd-000.pdf|||TEM-1 E104 forms a salt bridge with BLIP K74 that is buried upon complex formation.16
1JTD 1JTG|||EA110A|||[hbond]|||---1jtd-nsb1001-848-SAME-AS-1JTG.pdf|||BLIP-II binds primarily via its apical face to the protruding loop-helix region (residues 98-114) of TEM-1 (Fig. 2a) using predominantly hydrophobic contacts (2,187 Å2 of buried solvent accessible area)16. Aromatic residues at the apical β-turns of BLIP-II form a nearly circular arrangement of hydrophobic surface atoms, which is interrupted by Asn 304 on blade 1 near the groove-like depression (Fig. 2b). However, insertion of Glu 104 and Tyr 105 side chains from the TEM-1 loop-helix region into the groove-like depression completes a ring of nonpolar atoms at the TEM-1-BLIP-II interface. This arrangement of nonpolar atoms surrounds and likely enhances a central type-A carboxy-late-carboxylate hydrogen bonding interaction17 between Glu 110 of TEM-1 and Glu 268 from blade 7 of BLIP-II.
1JTD 1JTG|||EA110A|||[low impact]||||||The TEM-1 Q99A, N100A, E110A, V216A, and M272A substitutions modestly affect dissociation rates while the L102A, E104A, Y105A, P107A, K111A, and M129A substitutions result in large increases in dissociation rate and no substitutions significantly decrease the dissociation rate
1JTD 1JTG|||EA110A|||[note]|||--1jtd-000.pdf|||(2 fold reduction in catalytic activity)
1JTD 1JTG|||EA110V EA110G EA110A|||[info]|||----1jtd-000.pdf|||The TEM-1 N100A, E110A, K111A, and V216A substitutions are interesting in that they signifi-cantly increase binding affinity for BLIP suggesting the wild type TEM-1 residue at these positions is detrimental for binding (Table III).
1JTD 1JTG|||EA110V EA110G EA110A|||[low impact]||||||The TEM-1 Q99A, N100A, E110A, V216A, and M272A substitutions modestly affect dissociation rates while the L102A, E104A, Y105A, P107A, K111A, and M129A substitutions result in large increases in dissociation rate and no substitutions significantly decrease the dissociation rate
1JTD 1JTG|||EA110V EA110G EA110A|||[note]|||--1jtd-000.pdf|||(2 fold reduction in catalytic activity)
1JTD 1JTG|||EA168G EA168A|||||||||
1JTD 1JTG|||EA239K|||||||||
1JTD 1JTG|||EB268A|||[hbond]|||---1jtd-nsb1001-848-SAME-AS-1JTG.pdf|||BLIP-II binds primarily via its apical face to the protruding loop-helix region (residues 98-114) of TEM-1 (Fig. 2a) using predominantly hydrophobic contacts (2,187 Å2 of buried solvent accessible area)16. Aromatic residues at the apical β-turns of BLIP-II form a nearly circular arrangement of hydrophobic surface atoms, which is interrupted by Asn 304 on blade 1 near the groove-like depression (Fig. 2b). However, insertion of Glu 104 and Tyr 105 side chains from the TEM-1 loop-helix region into the groove-like depression completes a ring of nonpolar atoms at the TEM-1-BLIP-II interface. This arrangement of nonpolar atoms surrounds and likely enhances a central type-A carboxy-late-carboxylate hydrogen bonding interaction17 between Glu 110 of TEM-1 and Glu 268 from blade 7 of BLIP-II.
1JTD 1JTG|||EB31A|||||||||
1JTD 1JTG|||EB73M EB73A|||[hbond]|||---1jtd-nsb1001-848-SAME-AS-1JTG.pdf--1jtg-007.pdf|||Similar to the TEM-1-BLIP-II interface, a circular arrangement of nonpolar atoms at the TEM-1-BLIP interface surrounds a central hydrogen bonding interaction between Glu 73 of BLIP and the peptide nitrogens of Tyr 105 and Ser 106 on TEM-1 (Fig. 3b).[]Glu73 is fully buried inside the interface and makes hydrogen bonds with Glu104, Tyr105, and Ser106 of TEM-1. Removal of the Glu73 side chain, however, does not affect binding affinity to TEM-1
1JTD 1JTG|||FB142A|||[low impact]|||---1jtg-000.pdf|||Interestingly, wild-type BLIP, D49A, and the F142A BLIP mutant each inhibited G238S at similar levels to that which they inhibited wild-type TEM-1 b-lactamase. According to the crystal structure, the only contact made with Gly-238 of TEM-1 is by Phe-142. The fact that no change in the inhibition profile was observed between the b-lactamase enzymes suggests that this contact between Gly-238 and Phe-142 is not critical for BLIP binding and inhibition.
1JTD 1JTG|||FB209A|||||||||
1JTD 1JTG|||FB230A|||||||||
1JTD 1JTG|||FB36A|||[steric]|||----1jtd-000.pdf|||Also, TEM-1 residue M129 contacts BLIP residue F36 and the F36A substitution was previously shown to result in a 68-fold loss in affinity for TEM-1.
1JTD 1JTG|||FB74A|||||||||
1JTD 1JTG|||GA238S|||[low impact]|||---1jtg-000.pdf|||Interestingly, wild-type BLIP, D49A, and the F142A BLIP mutant each inhibited G238S at similar levels to that which they inhibited wild-type TEM-1 b-lactamase. According to the crystal structure, the only contact made with Gly-238 of TEM-1 is by Phe-142. The fact that no change in the inhibition profile was observed between the b-lactamase enzymes suggests that this contact between Gly-238 and Phe-142 is not critical for BLIP binding and inhibition.
1JTD 1JTG|||GB141A|||||||||
1JTD 1JTG|||GB48A|||||||||
1JTD 1JTG|||HB148A|||||||||
1JTD 1JTG|||HB41A|||||||||
1JTD 1JTG|||IB229A|||||||||
1JTD 1JTG|||KA111A|||[high impact]||||||The TEM-1 Q99A, N100A, E110A, V216A, and M272A substitutions modestly affect dissociation rates while the L102A, E104A, Y105A, P107A, K111A, and M129A substitutions result in large increases in dissociation rate and no substitutions significantly decrease the dissociation rate
1JTD 1JTG|||KA111A|||[note]|||--1jtd-000.pdf|||(2 fold reduction in catalytic activity)
1JTD 1JTG|||KA111N  KA111A|||[hbond]||||||Similarly, TEM-1 K111 forms a hydrogen bond with BLIP S39 and the S39A substitution does not affect binding affinity.
1JTD 1JTG|||KA111N  KA111A|||[high impact]||||||The TEM-1 Q99A, N100A, E110A, V216A, and M272A substitutions modestly affect dissociation rates while the L102A, E104A, Y105A, P107A, K111A, and M129A substitutions result in large increases in dissociation rate and no substitutions significantly decrease the dissociation rate
1JTD 1JTG|||KA111N  KA111A|||[info]|||----1jtd-000.pdf|||The TEM-1 N100A, E110A, K111A, and V216A substitutions are interesting in that they signifi-cantly increase binding affinity for BLIP suggesting the wild type TEM-1 residue at these positions is detrimental for binding (Table III).
1JTD 1JTG|||KA111N  KA111A|||[note]|||--1jtd-000.pdf|||(2 fold reduction in catalytic activity)
1JTD 1JTG|||KA234A|||[hbond][salt bridge]|||--1jtg-007.pdf|||Within loop 1, Asp49 forms two salt bridges and two hydrogen bonds with four conserved TEM-1 residues that are essential for enzyme activity: Ser130, Lys234, Ser235, and Arg244.
1JTD 1JTG|||KB74A|||[salt bridge] [hbond]|||----1jtd-000.pdf|||TEM-1 E104 forms a salt bridge with BLIP K74 that is buried upon complex formation.16  In a previous study it was found that the BLIP K74A substitution results in a 92-fold decrease in binding affinity for TEM-1 and therefore the TEM-1 E104 and BLIP K74 hotspots match across the interface (Table IV).
1JTD 1JTG|||LA102A|||[high impact]||||||The TEM-1 Q99A, N100A, E110A, V216A, and M272A substitutions modestly affect dissociation rates while the L102A, E104A, Y105A, P107A, K111A, and M129A substitutions result in large increases in dissociation rate and no substitutions significantly decrease the dissociation rate
1JTD 1JTG|||LA102A|||[high impact]||||||The TEM-1 Q99A, N100A, E110A, V216A, and M272A substitutions modestly affect dissociation rates while the L102A, E104A, Y105A, P107A, K111A, and M129A substitutions result in large increases in dissociation rate and no substitutions significantly decrease the dissociation rate
1JTD 1JTG|||LA102A|||[note]|||--1jtd-000.pdf|||(2 fold reduction in catalytic activity)
1JTD 1JTG|||LA102A|||[note]|||--1jtd-000.pdf|||(2 fold reduction in catalytic activity)
1JTD 1JTG|||MA129A|||[high impact]||||||The TEM-1 Q99A, N100A, E110A, V216A, and M272A substitutions modestly affect dissociation rates while the L102A, E104A, Y105A, P107A, K111A, and M129A substitutions result in large increases in dissociation rate and no substitutions significantly decrease the dissociation rate
1JTD 1JTG|||MA129A|||[high impact]||||||The TEM-1 Q99A, N100A, E110A, V216A, and M272A substitutions modestly affect dissociation rates while the L102A, E104A, Y105A, P107A, K111A, and M129A substitutions result in large increases in dissociation rate and no substitutions significantly decrease the dissociation rate
1JTD 1JTG|||MA129A|||[note]|||--1jtd-000.pdf|||(2 fold reduction in catalytic activity)
1JTD 1JTG|||MA129A|||[note]|||--1jtd-000.pdf|||(2 fold reduction in catalytic activity)
1JTD 1JTG|||MA129A|||[steric]|||----1jtd-000.pdf|||Also, TEM-1 residue M129 contacts BLIP residue F36 and the F36A substitution was previously shown to result in a 68-fold loss in affinity for TEM-1.
1JTD 1JTG|||MA129A|||[steric]|||----1jtd-000.pdf|||In addition, the M129 TEM-1 hotspot residue for BLIP also contacts BLIP residue Y50 and theY50A substitution increases binding affinity for TEM-1.4
1JTD 1JTG|||MA270A|||[not documented]||||||
1JTD 1JTG|||MA270A|||||||||
1JTD 1JTG|||NA100A|||[info]|||----1jtd-000.pdf|||The TEM-1 N100A, E110A, K111A, and V216A substitutions are interesting in that they signifi-cantly increase binding affinity for BLIP suggesting the wild type TEM-1 residue at these positions is detrimental for binding (Table III).
1JTD 1JTG|||NA100A|||[low impact]||||||The TEM-1 Q99A, N100A, E110A, V216A, and M272A substitutions modestly affect dissociation rates while the L102A, E104A, Y105A, P107A, K111A, and M129A substitutions result in large increases in dissociation rate and no substitutions significantly decrease the dissociation rate
1JTD 1JTG|||NA100A|||[low impact]||||||The TEM-1 Q99A, N100A, E110A, V216A, and M272A substitutions modestly affect dissociation rates while the L102A, E104A, Y105A, P107A, K111A, and M129A substitutions result in large increases in dissociation rate and no substitutions significantly decrease the dissociation rate
1JTD 1JTG|||NA100A|||[note]|||--1jtd-000.pdf|||(2 fold reduction in catalytic activity)
1JTD 1JTG|||NA100A|||[note]|||--1jtd-000.pdf|||(2 fold reduction in catalytic activity)
1JTD 1JTG|||NB112A|||||||||
1JTD 1JTG|||NB304A|||||||||
1JTD 1JTG|||NB50A|||[steric]|||---1jtd-001.pdf|||Trp-53 is located on a BLIP-II loop that sterically blocks the -lactamase active site with the help of BLIP-II residues Asn-50 and Asp-52. Trp-53, however, makes only limited side chain contacts with one or two residues of -lactamase, and yet the BLIP-II D53A substitution exhibits greatly decreased binding affinity for -lactamases (Fig. 6C).
1JTD 1JTG|||NB50A|||[steric]|||---1jtd-nsb1001-848-SAME-AS-1JTG.pdf|||A superposition of the TEM-1-penicillin G complex13 with the TEM-1-BLIP-II complex revealed that the side chains of Asn 50 and Asp 52 of BLIP-II would sterically clash with a bound substrate (Fig. 2a), indicating a competitive mode of inhibition.
1JTD 1JTG|||PA107A|||[high impact]||||||The TEM-1 Q99A, N100A, E110A, V216A, and M272A substitutions modestly affect dissociation rates while the L102A, E104A, Y105A, P107A, K111A, and M129A substitutions result in large increases in dissociation rate and no substitutions significantly decrease the dissociation rate
1JTD 1JTG|||PA107A|||[note]|||--1jtd-000.pdf|||(2 fold reduction in catalytic activity)
1JTD 1JTG|||PA107Q PA107A|||[high impact]||||||The TEM-1 Q99A, N100A, E110A, V216A, and M272A substitutions modestly affect dissociation rates while the L102A, E104A, Y105A, P107A, K111A, and M129A substitutions result in large increases in dissociation rate and no substitutions significantly decrease the dissociation rate
1JTD 1JTG|||PA107Q PA107A|||[note]|||--1jtd-000.pdf|||(2 fold reduction in catalytic activity)
1JTD 1JTG|||QA99A|||||||||
1JTD 1JTG|||QA99A|||||||||
1JTD 1JTG|||RA240Y|||||||||
1JTD 1JTG|||RA243A|||[salt bridge]|||--1jtg-001.pdf|||In this binding unit Asp49 on BLIP forms four interactions with four conserved residues lining the active site pocket of TEM; two hydrogen bonds with S235 and S130, respectively, and two salt bridges with R243 and K234,
1JTD 1JTG|||RB144A|||||||||
1JTD 1JTG|||RB160A|||[hbond]|||----1jtd-000.pdf|||TEM-1 residue N100 is at the edge of the interface of the complex and makes a main chain hydrogen bond to the side chain of BLIP R160 and a more distant side chain contact with BLIP W150 (Table IV). It is unclear why this alanine substitution reduces the dissociation rate. The mutant would retain the main chain bond to BLIP R160 but lose the interaction with W150.
1JTD 1JTG|||RB286A|||||||||
1JTD 1JTG|||SA130A|||[hbond][salt bridge]|||--1jtg-007.pdf|||Within loop 1, Asp49 forms two salt bridges and two hydrogen bonds with four conserved TEM-1 residues that are essential for enzyme activity: Ser130, Lys234, Ser235, and Arg244.
1JTD 1JTG|||SA235A|||[hbond][salt bridge]|||--1jtg-007.pdf|||Within loop 1, Asp49 forms two salt bridges and two hydrogen bonds with four conserved TEM-1 residues that are essential for enzyme activity: Ser130, Lys234, Ser235, and Arg244.
1JTD 1JTG|||SB113A|||[low impact]|||----1jtd-000.pdf|||TEM-1 E110 is buried in the interface and forms hydrogen bonds with the hydroxyl groups of BLIP S71 and S113. The BLIP S71A and S113A substitutions do not alter binding affinity and so this region does not contribute to affinity of the complex and removal of the E110 side chain may facilitate new interactions in the interface.
1JTD 1JTG|||SB169A|||||||||
1JTD 1JTG|||SB35A|||||||||
1JTD 1JTG|||SB39A|||[low impact]|||----1jtd-000.pdf|||Similarly, TEM-1 K111 forms a hydrogen bond with BLIP S39 and the S39A substitution does not affect binding affinity.
1JTD 1JTG|||SB71A|||[low impact]|||----1jtd-000.pdf|||TEM-1 E110 is buried in the interface and forms hydrogen bonds with the hydroxyl groups of BLIP S71 and S113. The BLIP S71A and S113A substitutions do not alter binding affinity and so this region does not contribute to affinity of the complex and removal of the E110 side chain may facilitate new interactions in the interface.
1JTD 1JTG|||TB140K|||||||||
1JTD 1JTG|||TB57A|||||||||
1JTD 1JTG|||VA103A|||||||||
1JTD 1JTG|||VA216A|||[high impact]||||||The TEM-1 Q99A, N100A, E110A, V216A, and M272A substitutions modestly affect dissociation rates while the L102A, E104A, Y105A, P107A, K111A, and M129A substitutions result in large increases in dissociation rate and no substitutions significantly decrease the dissociation rate
1JTD 1JTG|||VA216A|||[info]|||----1jtd-000.pdf|||The TEM-1 N100A, E110A, K111A, and V216A substitutions are interesting in that they signifi-cantly increase binding affinity for BLIP suggesting the wild type TEM-1 residue at these positions is detrimental for binding (Table III).
1JTD 1JTG|||VA216A|||[low impact]||||||The TEM-1 Q99A, N100A, E110A, V216A, and M272A substitutions modestly affect dissociation rates while the L102A, E104A, Y105A, P107A, K111A, and M129A substitutions result in large increases in dissociation rate and no substitutions significantly decrease the dissociation rate
1JTD 1JTG|||VA216A|||[note]|||--1jtd-000.pdf|||(2 fold reduction in catalytic activity)
1JTD 1JTG|||VA216A|||[note]|||--1jtd-000.pdf|||(2 fold reduction in catalytic activity)
1JTD 1JTG|||WB112A|||||||||
1JTD 1JTG|||WB150A|||[hbond]|||----1jtd-000.pdf|||TEM-1 residue N100 is at the edge of the interface of the complex and makes a main chain hydrogen bond to the side chain of BLIP R160 and a more distant side chain contact with BLIP W150 (Table IV). It is unclear why this alanine substitution reduces the dissociation rate. The mutant would retain the main chain bond to BLIP R160 but lose the interaction with W150.
1JTD 1JTG|||WB152A|||||||||
1JTD 1JTG|||WB162A|||||||||
1JTD 1JTG|||WB269A|||||||||
1JTD 1JTG|||WB53A|||[steric]|||---1jtd-001.pdf|||Trp-53 is located on a BLIP-II loop that sterically blocks the -lactamase active site with the help of BLIP-II residues Asn-50 and Asp-52. Trp-53, however, makes only limited side chain contacts with one or two residues of -lactamase, and yet the BLIP-II D53A substitution exhibits greatly decreased binding affinity for -lactamases (Fig. 6C).
1JTD 1JTG|||YA105A|||[hbond]|||---1jtd-nsb1001-848-SAME-AS-1JTG.pdf|||Similar to the TEM-1-BLIP-II interface, a circular arrangement of nonpolar atoms at the TEM-1-BLIP interface surrounds a central hydrogen bonding interaction between Glu 73 of BLIP and the peptide nitrogens of Tyr 105 and Ser 106 on TEM-1 (Fig. 3b).
1JTD 1JTG|||YA105A|||[hbond]|||--1jtg-007.pdf|||Glu73 is fully buried inside the interface and makes hydrogen bonds with Glu104, Tyr105, and Ser106 of TEM-1. Removal of the Glu73 side chain, however, does not affect binding affinity to TEM-1
1JTD 1JTG|||YA105A|||[high impact]|||--|||The TEM-1 Q99A, N100A, E110A, V216A, and M272A substitutions modestly affect dissociation rates while the L102A, E104A, Y105A, P107A, K111A, and M129A substitutions result in large increases in dissociation rate and no substitutions significantly decrease the dissociation rate
1JTD 1JTG|||YA105A|||[high impact]||||||The TEM-1 Q99A, N100A, E110A, V216A, and M272A substitutions modestly affect dissociation rates while the L102A, E104A, Y105A, P107A, K111A, and M129A substitutions result in large increases in dissociation rate and no substitutions significantly decrease the dissociation rate
1JTD 1JTG|||YA105A|||[hydrophobic]|||---1jtd-nsb1001-848-SAME-AS-1JTG.pdf|||BLIP-II binds primarily via its apical face to the protruding loop-helix region (residues 98-114) of TEM-1 (Fig. 2a) using predominantly hydrophobic contacts (2,187 Å2 of buried solvent accessible area)16. Aromatic residues at the apical β-turns of BLIP-II form a nearly circular arrangement of hydrophobic surface atoms, which is interrupted by Asn 304 on blade 1 near the groove-like depression (Fig. 2b). However, insertion of Glu 104 and Tyr 105 side chains from the TEM-1 loop-helix region into the groove-like depression completes a ring of nonpolar atoms at the TEM-1-BLIP-II interface. This arrangement of nonpolar atoms surrounds and likely enhances a central type-A carboxy-late-carboxylate hydrogen bonding interaction17 between Glu 110 of TEM-1 and Glu 268 from blade 7 of BLIP-II.
1JTD 1JTG|||YA105A|||[note]|||--1jtd-000.pdf|||(2 fold reduction in catalytic activity)
1JTD 1JTG|||YA105A|||[note]|||--1jtd-000.pdf|||(2 fold reduction in catalytic activity)
1JTD 1JTG|||YB113A|||||||||
1JTD 1JTG|||YB143A|||||||||
1JTD 1JTG|||YB191A|||||||||
1JTD 1JTG|||YB208A|||||||||
1JTD 1JTG|||YB248A|||||||||
1JTD 1JTG|||YB50A|||[steric]|||----1jtd-000.pdf|||In addition, the M129 TEM-1 hotspot residue for BLIP also contacts BLIP residue Y50 and theY50A substitution increases binding affinity for TEM-1.4
1JTD 1JTG|||YB50A|||[steric]|||----1jtd-000.pdf|||Interestingly, TEM-1 V216 has its closest interaction with BLIP Y50 and previous results have shown that the BLIP Y50A substitution increases binding affinity for TEM-1 by 50-fold.4 Therefore, the creation of extra space in this region allows for a tighter interaction between BLIPand TEM-1.
1JTD 1JTG|||YB51A|||||||||
1JTD 1JTG|||YB53A|||||||||
1JTD 1JTG|||YB73A|||||||||
1K8R|||DA33A|||[polar contact]|||--1k8r-s0969-21262900674-8.pdf|||These polar interactions involve residues almost exclusively from switch I, particularly Asp33, Glu37, Asp38, Ser39, and Arg41; these same residues are also involved in the interaction with the Raf kinase.
1K8R|||DA33A|||[salt bridge]||||||The side chain of Lys101Byr at the C-terminal end of helix 1 is in an orientation where a salt bridge may be formed with Asp33 or Asp38.As discussed above, Asp33 and Asp38 are both partners for Lys101Byr, located on the C-terminal end of helix 1 in the RBD.
1K8R|||DA38A|||[note]||||||the negative charge seems to play a major role, since the D38N and D38A mutants show a somewhat smaller effect with 25- and 18-fold reduction, respectively.
1K8R|||DA38A|||[polar contact]|||--1k8r-s0969-21262900674-8.pdf|||These polar interactions involve residues almost exclusively from switch I, particularly Asp33, Glu37, Asp38, Ser39, and Arg41; these same residues are also involved in the interaction with the Raf kinase.
1K8R|||DA38A|||[salt bridge]||||||The side chain of Lys101Byr at the C-terminal end of helix 1 is in an orientation where a salt bridge may be formed with Asp33 or Asp38.As discussed above, Asp33 and Asp38 are both partners for Lys101Byr, located on the C-terminal end of helix 1 in the RBD.
1K8R|||DA38E|||[note]||||||the negative charge seems to play a major role, since the D38N and D38A mutants show a somewhat smaller effect with 25- and 18-fold reduction, respectively.
1K8R|||DA38E|||[polar contact]|||--1k8r-s0969-21262900674-8.pdf|||These polar interactions involve residues almost exclusively from switch I, particularly Asp33, Glu37, Asp38, Ser39, and Arg41; these same residues are also involved in the interaction with the Raf kinase.
1K8R|||DA38E|||[salt bridge]||||||The side chain of Lys101Byr at the C-terminal end of helix 1 is in an orientation where a salt bridge may be formed with Asp33 or Asp38.As discussed above, Asp33 and Asp38 are both partners for Lys101Byr, located on the C-terminal end of helix 1 in the RBD.
1K8R|||DA38N|||[note]||||||the negative charge seems to play a major role, since the D38N and D38A mutants show a somewhat smaller effect with 25- and 18-fold reduction, respectively.
1K8R|||DA38N|||[polar contact]|||--1k8r-s0969-21262900674-8.pdf|||These polar interactions involve residues almost exclusively from switch I, particularly Asp33, Glu37, Asp38, Ser39, and Arg41; these same residues are also involved in the interaction with the Raf kinase.
1K8R|||DA38N|||[salt bridge]||||||The side chain of Lys101Byr at the C-terminal end of helix 1 is in an orientation where a salt bridge may be formed with Asp33 or Asp38.As discussed above, Asp33 and Asp38 are both partners for Lys101Byr, located on the C-terminal end of helix 1 in the RBD.
1K8R|||EA37A|||[polar contact]|||--1k8r-s0969-21262900674-8.pdf|||These polar interactions involve residues almost exclusively from switch I, particularly Asp33, Glu37, Asp38, Ser39, and Arg41; these same residues are also involved in the interaction with the Raf kinase.
1K8R|||EA37A|||[salt bridge]||||||Arg74Byr in strand 1 forms a salt bridge with the carboxylate group of Glu37.
1K8R|||KB101A|||[salt bridge]|||--1k8r-s0969-21262900674-8.pdf|||The side chain of Lys101Byr at the C-terminal end of helix 1 is in an orientation where a salt bridge may be formed with Asp33 or Asp38.As discussed above, Asp33 and Asp38 are both partners for Lys101Byr, located on the C-terminal end of helix 1 in the RBD.
1K8R|||QB81A|||[not documented]||||||
1K8R|||QB81A|||[note]|||--1k8r-s0969-21262900674-8.pdf|||mutation of Gln81Byr reduces the affinity a mod-erate 20-fold.
1K8R|||RA41A|||[note]|||--1k8r-s0969-21262900674-8.pdf|||In contrast, Arg 41, which is highly conserved within the Ras subfam-ily, has a modest contribution to the interaction with Byr2, with a 7-fold reduction of affinity observed for the R41A mutant.
1K8R|||RA41A|||[polar contact]||||||These polar interactions involve residues almost exclusively from switch I, particularly Asp33, Glu37, Asp38, Ser39, and Arg41; these same residues are also involved in the interaction with the Raf kinase.
1K8R|||RB160A|||[contact]|||--1k8r-s0969-21262900674-8.pdf|||Interestingly, Arg160Byr from the C-terminal helix moderately contrib-utes to binding and is in the structure in proximity to Asp54 of Ras.
1K8R|||RB83A|||[polar contact]|||--1k8r-s0969-21262900674-8.pdf|||The guanidinium group of Arg83Byr is in close proximity of the effector loop main chain region, allowing a polar contact with the carbonyl oxygen of Ser39.
1K8R|||YA40C|||[interaction]||||||First, in the classical effector region,three residues play an important role for the interaction with Byr2, i.e., Asp33, Asp38, and Tyr40.
1K8R|||YA40C|||[note]|||--1k8r-s0969-21262900674-8.pdf|||Large effect on binding affinity
1K8R|||YA40F|||[interaction]||||||First, in the classical effector region,three residues play an important role for the interaction with Byr2, i.e., Asp33, Asp38, and Tyr40.
1K8R|||YA40F|||[note]|||--1k8r-s0969-21262900674-8.pdf|||Large effect on binding affinity
1KIP 1KIQ 1KIR|||AB32Y|||[hbond]|||--- 1kip-000.pdf|||The side chain of VHTyr32 makes a long potential hydrogen bond (3.5 Å) with the side chain of lysozyme residue Lys116 and, like VLTyr50, is involved in a solvent network that bridges antigen and antibody. Mutation to Ala disrupts the solvent network but does not affect the conformation or temperature factors of Lys116HEL (Figure 5B, Table 4). The VHY32A mutant binds lysozyme with only about 4-fold lower affinity than that of the WT Fv. In this case the large ∆∆H (17.9 kJ‚mol-1) is almost fully compensated by the entropic term resulting in the small decrease in affinity (Table 3).
1KIP 1KIQ 1KIR|||AB32Y|||[supporting info, adjacent amino acids add stability]|||--- 1kip-000.pdf|||There are two side chains in the vicinity of the mutation whose mobilities are affected by the VHY32A mutation. When VHTyr32 is truncated to Ala, VHArg99 loses stabilizing contacts with VHTyr32 and becomes more mobile, as indicated by an increase in the mean temperature factor of side chain atoms from 28 to 40 Å2 (Table 4). A conformational change in VHArg99,resulting in a maximum atomic displacement of 1.1 Å from the WT structure, accompanies the temperature factor increase. In contrast, the mean temperature factor of a neighboring side chain, VHPhe27, decreases (from 16 to 9 Å2) while the shifts in atomic positions for this side chain are smaller (<0.5 Å).
1KIP 1KIQ 1KIR|||FB101Y|||[hbond]|||--- 1kip-000.pdf|||Tyr101 of D1.3 VH is situated near the center of the Fv-HEL interface and makes two hydrogen bonds with HEL: VHTyr101 Oη‚‚‚Oδ1 Asp119HEL (2.7 Å) and VHTyr101 Oη‚‚‚N Gln121HEL (3.0 Å). The effective substitution of the Tyr hydroxyl group by a hydrogen atom to give the Phe mutant results in small local atomic shifts. The largest atomic displacement (0.5 Å) in the interface compared to WT occurs at Asp119HEL Oδ1 - an atom involved in one of the above-mentioned hydrogen bonds. In contrast to the other mutants, there are no increases in temperature factors for atoms in the vicinity of the mutation (Table 4). The calorimetric dataindicate that the unfavorable enthalpy change resulting from the loss of two interface hydrogen bonds is strongly compensated by a favorable entropy change (Table 3). This complex exhibits the largest ∆∆H, 31 kJ‚mol-1, and the largest ∆(T∆S), 20 kJ‚mol-1 , of the three mutant complexes. It is important to note that there is no space for a water molecule to insert into the interface when the OH group of Tyr101 is replaced by H. Significantly, the structure shows that the side chain of Asp119HEL is not left with its hydrogen-bonding potential unsatisfied in the mutant. Instead, Asp119HEL forms an intramolecular hydrogen bond with Gln121HEL N (3.2 Å). In the WT structure, the corresponding distance is 3.8 Å, which is too long to be a hydrogen bond.
1KIP 1KIQ 1KIR|||SA50Y|||[hbond] [info on adjacent contacts]|||--- 1kip-000.pdf|||Two of the structures presented here, VLY50S and VHY32A, bound to HEL, also exhibit alterations in local solvent structure compared to WT. In both cases the solvent rearrangements are localized, and their effects do not extend far beyond the vicinity of the mutation. In VLY50S, the direct hydrogen bond to HEL in the WT structure is lost and replaced by solvent-mediated interactions (Figure 5A). A bridging water molecule substituting for a direct hydrogen bond was observed in an antibody-trisaccharide system (Bundle et al., 1994; Zdanov et al., 1994). Based on geometry criteria, namely, the hydrogen bond donor- acceptor distance and the relative orientation of the interact- ing groups, the VLY50S hydrogen bond with HEL would be classified as “strong”. However, ∆∆H for VLY50S compared to WT is only 9 kJ‚mol-1. Furthermore, as shown in Table 5, several van der Waals contacts are lost along with the hydrogen bond when VLTyr50 is substituted for Ser. Based on our analysis of the contribution of van der Waals contacts by VLTrp92 (Ysern et al., 1994), the lost contacts of Tyr50 could provide an additional ∼8 kJ‚mol-1.(Info overall relating to hydrogen bonding vs electrostatic interactions - very informative)With regard to the dielectric constant, it is pertinent that the hydrogen bonds between VHTyr101and HEL are buried in the interface of the complex while those from VLTyr50 and VHTyr32 are on the periphery (Figure 1). Thus, it is possible that the hydrogen bonds from VHTyr101 are elevated in strength compared to those from VLTyr50 and VHTyr32 due to a lower dielectric constant in the protein-protein interface compared to the periphery. However, such an effect is likely to be small since the FvD1.3-HEL interface is predominantly made up of polar residues, is highly solvated, and, therefore, should have a dielectric constant much closer to that of the solvent-exposed surface. It is unlikely that this protein-protein interface has electrostatic properties similar to that of a hydrophobic interior of a folded globular protein where the low dielectric constant would magnify the strength of hydrogen bonds.
1KIP 1KIQ 1KIR|||SA50Y|||[hbond]|||--- 1kip-000.pdf|||Summary: Hbond gets removed and replaced with water mediated h-bonds.Tyr50 of the antibody VL domain makes one direct hydrogen bond to an Asp side chain of the lysozyme antigen (FvD1.3 Tyr50 Oη‚‚‚Oδ2 Asp18HEL, 2.7 Å) and also participates in the interface water network. When VLTyr50 is mutated to Ser, this direct hydrogen bond is replaced by solvent-mediated interactions to the HEL side chain (VLSer50 Oγ‚‚‚H2O‚‚‚ H2O‚‚‚Oδ1 Asp18HEL). These two bridging water molecules occupy some of the volume that was taken up by the VLTyr50 side chain in the WT structure (Figure 5A). Several neighboring water molecules are in positions that correspond closely to those of the WT structure while others are not observed in the crystal structure probably because of the lower resolution of this structure compared to the WT crystal structure. Conformational changes in the vicinity of the mutation are largest at HEL side chains Asp18 and Asn19sthe residues that are in closest contact to VLTyr50 of FvD1.3 in the WT structure (Figure 5A).
1KNE|||AA25F|||[hbond]|||--1kne-000.pdf|||Figure 1.
1KNE|||AA25F|||[low impact][cross-strand interaction]||||||A25F, A25L, and A25T all have similar binding affinities to the wt histone tail as that of the native chromodomain, with A25T providing slightly tighter binding, consistent with both its β-sheet propensity and pairing preferences
1KNE|||AA25K|||[hbond]|||--1kne-000.pdf|||Figure 1.
1KNE|||AA25K|||[high impact][charge-charge repulsion][cross-strand interaction]||||||Indeed, we found that the A25K mutant was universally destabilizing with all of the histone tails investigated (Table 1). Several possible explan- ations can account for the decrease in binding affinity of A25K. First, the incorporation of a basic residue into the chromodomain may result in weakened binding to an already basic histone tail peptide due to charge−charge repulsion.
1KNE|||AA25L|||[hbond]|||--1kne-000.pdf|||Figure 1.
1KNE|||AA25L|||[low impact][cross-strand interaction]||||||A25F, A25L, and A25T all have similar binding affinities to the wt histone tail as that of the native chromodomain, with A25T providing slightly tighter binding, consistent with both its β-sheet propensity and pairing preferences
1KNE|||AA25T|||[hbond]|||--1kne-000.pdf|||Figure 1.
1KNE|||AA25T|||[high impact][cross-strand interaction]||||||A25F, A25L, and A25T all have similar binding affinities to the wt histone tail as that of the native chromodomain, with A25T providing slightly tighter binding, consistent with both its β-sheet propensity and pairing preferences
1KNE|||DA62F|||[hbond]|||--1kne-000.pdf|||Figure 1.
1KNE|||DA62F|||[high impact][cross-strand interaction]||||||D62F and D62K exhibit measurably tighter binding, whereas D62I and D62T exhibit weaker binding
1KNE|||DA62I|||[hbond]|||--1kne-000.pdf|||Figure 1.
1KNE|||DA62I|||[low impact][cross-strand interaction]||||||D62F and D62K exhibit measurably tighter binding, whereas D62I and D62T exhibit weaker binding
1KNE|||DA62K|||[hbond]|||--1kne-000.pdf|||Figure 1.
1KNE|||DA62K|||[high impact][cross-strand interaction]||||||D62F and D62K exhibit measurably tighter binding, whereas D62I and D62T exhibit weaker binding
1KNE|||DA62T|||[hbond]|||--1kne-000.pdf|||Figure 1.
1KNE|||DA62T|||[low impact][cross-strand interaction]||||||D62F and D62K exhibit measurably tighter binding, whereas D62I and D62T exhibit weaker binding
1KNE|||TP6F|||[hbond]|||--1kne-000.pdf|||Figure 1.
1KNE|||TP6F|||[low impact][cross-strand interaction]||||||the small impact of these mutations is surprising given the sequence-selective nature of histone−chromodomain interactions and suggests that T6 plays only a minor role in controlling sequence selectivity. The T6K histone tail mutant is the only mutant at this position that results in improved binding to the native chromodomain.
1KNE|||TP6I|||[hbond]|||--1kne-000.pdf|||Figure 1.
1KNE|||TP6I|||[low impact][cross-strand interaction]||||||the small impact of these mutations is surprising given the sequence-selective nature of histone−chromodomain interactions and suggests that T6 plays only a minor role in controlling sequence selectivity. The T6K histone tail mutant is the only mutant at this position that results in improved binding to the native chromodomain.
1KNE|||TP6K|||[hbond]|||--1kne-000.pdf|||Figure 1.
1KNE|||TP6K|||[high impact][electrostatic][cross-strand interaction]||||||The T6K histone tail mutant is the only mutant at this position that results in improved binding to the native Chromodomain. This introduces both an Ala− Lys interaction in the NHB position and a Lys−Asp interaction in the HB position. Complementary charged residues in a β- sheet are known to have a favorable side chain interaction in the HB site of a β-sheet,17 although Ala−Lys interactions have been found to be unfavorable in the NHB site.
1KNE|||TP6L|||[hbond]|||--1kne-000.pdf|||Figure 1.
1KNE|||TP6L|||[low impact][cross-strand interaction]||||||the small impact of these mutations is surprising given the sequence-selective nature of histone−chromodomain interactions and suggests that T6 plays only a minor role in controlling sequence selectivity. The T6K histone tail mutant is the only mutant at this position that results in improved binding to the native chromodomain.
1KTZ|||DB118A|||[not documented]|||--1ktz-nsb766.pdf|||
1KTZ|||DB32A|||[hbond]|||--1ktz-nsb766.pdf|||The ligand fingertips each contribute a single positively charged amino acid, Arg 25 and Arg 94, that is involved in the formation of hydrogen-bonded ion pairs with ecTβR2 residues Glu 119 and Asp 32, respectively (Fig. 3a-c).
1KTZ|||DB32N|||[hbond]|||--1ktz-nsb766.pdf|||The ligand fingertips each contribute a single positively charged amino acid, Arg 25 and Arg 94, that is involved in the formation of hydrogen-bonded ion pairs with ecTβR2 residues Glu 119 and Asp 32, respectively (Fig. 3a-c).
1KTZ|||EB119A|||[hbond]|||--1ktz-nsb766.pdf|||The ligand fingertips each contribute a single positively charged amino acid, Arg 25 and Arg 94, that is involved in the formation of hydrogen-bonded ion pairs with ecTβR2 residues Glu 119 and Asp 32, respectively (Fig. 3a-c).
1KTZ|||EB119Q|||[hbond]|||--1ktz-nsb766.pdf|||The ligand fingertips each contribute a single positively charged amino acid, Arg 25 and Arg 94, that is involved in the formation of hydrogen-bonded ion pairs with ecTβR2 residues Glu 119 and Asp 32, respectively (Fig. 3a-c).
1KTZ|||EB55A|||[not documented]|||--1ktz-nsb766.pdf|||
1KTZ|||FB30A|||[hydrophobic]|||--1ktz-nsb766.pdf|||ecTβR2 residues Leu 27 and Phe 30 in β-strand 1, and Ile 50, Thr 51 and Ile 53 in β-strand 4 form a convex hydrophobic ridge that inserts into the concave cleft formed by TGF-β3 residues Trp 32 from fingers 1-2, and Tyr 90, Tyr 91 and Val 92 from fin-gers 3-4 (Fig. 3a).
1KTZ|||IB50A|||[hydrophobic]||||||ecTβR2 residues Leu 27 and Phe 30 in β-strand 1, and Ile 50, Thr 51 and Ile 53 in β-strand 4 form a convex hydrophobic ridge that inserts into the concave cleft formed by TGF-β3 residues Trp 32 from fingers 1-2, and Tyr 90, Tyr 91 and Val 92 from fin-gers 3-4 (Fig. 3a).
1KTZ|||IB50A|||[note]|||--1ktz-nsb766.pdf|||Among the interfacial residues in ecTβR2, all are identical in the human, rat and chicken TβR2 sequences, except for conservative replacements that occur at positions 49 and 50 (Fig. 2a).
1KTZ|||IB53A|||[hydrophobic]|||--1ktz-nsb766.pdf|||ecTβR2 residues Leu 27 and Phe 30 in β-strand 1, and Ile 50, Thr 51 and Ile 53 in β-strand 4 form a convex hydrophobic ridge that inserts into the concave cleft formed by TGF-β3 residues Trp 32 from fingers 1-2, and Tyr 90, Tyr 91 and Val 92 from fin-gers 3-4 (Fig. 3a).
1KTZ|||LB27A|||[hydrophobic]|||--1ktz-nsb766.pdf|||ecTβR2 residues Leu 27 and Phe 30 in β-strand 1, and Ile 50, Thr 51 and Ile 53 in β-strand 4 form a convex hydrophobic ridge that inserts into the concave cleft formed by TGF-β3 residues Trp 32 from fingers 1-2, and Tyr 90, Tyr 91 and Val 92 from fin-gers 3-4 (Fig. 3a).
1KTZ|||RA25A|||[hbond]|||--1ktz-nsb766.pdf|||The ligand fingertips each contribute a single positively charged amino acid, Arg 25 and Arg 94, that is involved in the formation of hydrogen-bonded ion pairs with ecTβR2 residues Glu 119 and Asp 32, respectively (Fig. 3a-c).
1KTZ|||RA25K|||[hbond]|||--1ktz-nsb766.pdf|||The ligand fingertips each contribute a single positively charged amino acid, Arg 25 and Arg 94, that is involved in the formation of hydrogen-bonded ion pairs with ecTβR2 residues Glu 119 and Asp 32, respectively (Fig. 3a-c).
1KTZ|||RA94A|||[hbond]|||--1ktz-nsb766.pdf|||The ligand fingertips each contribute a single positively charged amino acid, Arg 25 and Arg 94, that is involved in the formation of hydrogen-bonded ion pairs with ecTβR2 residues Glu 119 and Asp 32, respectively (Fig. 3a-c).
1KTZ|||RA94K|||[hbond]|||--1ktz-nsb766.pdf|||The ligand fingertips each contribute a single positively charged amino acid, Arg 25 and Arg 94, that is involved in the formation of hydrogen-bonded ion pairs with ecTβR2 residues Glu 119 and Asp 32, respectively (Fig. 3a-c).
1KTZ|||SB49A|||[not documented] [note]|||--1ktz-nsb766.pdf|||Among the interfacial residues in ecTβR2, all are identical in the human, rat and chicken TβR2 sequences, except for conservative replacements that occur at positions 49 and 50 (Fig. 2a).
1KTZ|||SB52A|||[not documented]|||--1ktz-nsb766.pdf|||
1KTZ|||SB52L|||[not documented]|||--1ktz-nsb766.pdf|||
1KTZ|||TB51A|||[hydrophobic]|||--1ktz-nsb766.pdf|||ecTβR2 residues Leu 27 and Phe 30 in β-strand 1, and Ile 50, Thr 51 and Ile 53 in β-strand 4 form a convex hydrophobic ridge that inserts into the concave cleft formed by TGF-β3 residues Trp 32 from fingers 1-2, and Tyr 90, Tyr 91 and Val 92 from fin-gers 3-4 (Fig. 3a).
1KTZ|||VA92I|||[hydrophobic]|||--1ktz-nsb766.pdf|||The hydrophobic cavity formed by TGF-β3 residues Trp 32, Tyr 90 and Val 92 is structurally conserved in other ligands of the TGF-β superfamily1-6 and is filled only par-tially by Ile 53 of ecTβR2.
1KTZ|||VB77A|||[not documented]|||--1ktz-nsb766.pdf|||
1LFD|||DA51A|||[hbond]|||--1lfd-nsb0698-422.pdf|||Fig 2 b) Schematic representation of the interactions between the switch I region of Ras and RalGDS-RID. Only the side chain interactions are shown. The salt bridges are shown in dotted lines, while the hydrogen bonds are shown in dashed lines. The hydrophobic interactions are indicated by the uninterrupted lines.
1LFD|||DA51K|||[hbond]|||--1lfd-nsb0698-422.pdf|||Fig 2 b) Schematic representation of the interactions between the switch I region of Ras and RalGDS-RID. Only the side chain interactions are shown. The salt bridges are shown in dotted lines, while the hydrogen bonds are shown in dashed lines. The hydrophobic interactions are indicated by the uninterrupted lines.
1LFD|||DA56A|||[salt bridge]|||--1lfd-nsb0698-422.pdf|||Fig 2 b) Schematic representation of the interactions between the switch I region of Ras and RalGDS-RID. Only the side chain interactions are shown. The salt bridges are shown in dotted lines, while the hydrogen bonds are shown in dashed lines. The hydrophobic interactions are indicated by the uninterrupted lines.
1LFD|||DB233A|||[not documented]||||||
1LFD|||EB237A|||[not documented]||||||
1LFD|||IA18A|||[hydrophobic]|||--1lfd-nsb0698-422.pdf|||Fig 2 b) Schematic representation of the interactions between the switch I region of Ras and RalGDS-RID. Only the side chain interactions are shown. The salt bridges are shown in dotted lines, while the hydrogen bonds are shown in dashed lines. The hydrophobic interactions are indicated by the uninterrupted lines.
1LFD|||KA32A|||[hbond-waterMediated]|||--1lfd-nsb0698-422.pdf|||Fig 2 b) Schematic representation of the interactions between the switch I region of Ras and RalGDS-RID. Only the side chain interactions are shown. The salt bridges are shown in dotted lines, while the hydrogen bonds are shown in dashed lines. The hydrophobic interactions are indicated by the uninterrupted lines.
1LFD|||KA52A|||[salt bridge][hbond][hbond-waterMediated]|||--1lfd-nsb0698-422.pdf|||Fig 2 b) Schematic representation of the interactions between the switch I region of Ras and RalGDS-RID. Only the side chain interactions are shown. The salt bridges are shown in dotted lines, while the hydrogen bonds are shown in dashed lines. The hydrophobic interactions are indicated by the uninterrupted lines.
1LFD|||MA30K|||[not documented]||||||
1LFD|||NA27A|||[not documented]||||||
1LFD|||NA27K|||[not documented]||||||
1LFD|||NA29A|||[not documented]||||||
1LFD|||NA54K|||[hbond]|||--1lfd-nsb0698-422.pdf|||Fig 2 b) Schematic representation of the interactions between the switch I region of Ras and RalGDS-RID. Only the side chain interactions are shown. The salt bridges are shown in dotted lines, while the hydrogen bonds are shown in dashed lines. The hydrophobic interactions are indicated by the uninterrupted lines.
1LFD|||QB225A|||[not documented]||||||
1LFD|||RA20A|||[salt bridge]|||--1lfd-nsb0698-422.pdf|||Fig 2 b) Schematic representation of the interactions between the switch I region of Ras and RalGDS-RID. Only the side chain interactions are shown. The salt bridges are shown in dotted lines, while the hydrogen bonds are shown in dashed lines. The hydrophobic interactions are indicated by the uninterrupted lines.
1LFD|||RB241A|||[not documented]||||||
1LFD|||SA33A|||[not documented]||||||
1LFD|||SB239A|||[not documented]||||||
1LFD|||YA31A|||[hbond]|||--1lfd-nsb0698-422.pdf|||Fig 2 b) Schematic representation of the interactions between the switch I region of Ras and RalGDS-RID. Only the side chain interactions are shown. The salt bridges are shown in dotted lines, while the hydrogen bonds are shown in dashed lines. The hydrophobic interactions are indicated by the uninterrupted lines.
1LFD|||YA31F|||[hbond]|||--1lfd-nsb0698-422.pdf|||Fig 2 b) Schematic representation of the interactions between the switch I region of Ras and RalGDS-RID. Only the side chain interactions are shown. The salt bridges are shown in dotted lines, while the hydrogen bonds are shown in dashed lines. The hydrophobic interactions are indicated by the uninterrupted lines.
1LFD|||YB240A|||[not documented]||||||
1LFD|||YB240F|||[not documented]||||||
1MHP|||GH100M, GH100F, GH100S, GH100L|||[not documented]||||||
1MHP|||GH53N, GH53S, GH53A|||[not documented]||||||
1MHP|||GH54Y, GH54T, GH54I|||[not documented]||||||
1MHP|||GL92Q, GL92S|||[not documented]||||||
1MHP|||HL31K, HL31W, HL31R|||[not documented]||||||
1MHP|||HL31K, HL31W, HL31R|||[note]|||----1mhp-s0022-28362900203-1.pdf|||Probably electrostatic
1MHP|||LL49K, LL49F, LL49W|||[not documented]||||||
1MHP|||NL30Y, NL30W, NL30V|||[not documented]||||||
1MHP|||RH31Q|||[not documented]||||||
1MHP|||SH52M|||[not documented]||||||
1MHP|||SL91Q, SL91T|||[not documented]||||||
1MHP|||TH33V, TH33N|||[not documented]||||||
1MHP|||TH50V|||[not documented]||||||
1MHP|||TH50V|||[note]|||----1mhp-s0022-28362900203-1.pdf|||The H3 loop has a tight b-hairpin-like conformation that is stabilized by internal H-bonds as well as two aromatic residues (Tyr104 and Phe105) that are packed against the light chain. Residue Thr50 of L2 adopts mainchain dihedral angles that fall in the disallowed regions of the Ramachadran diagram. The same observation for this residue has been made for other antibodies,25 which indicates that this is a natural characteristic of L2 loops.
1MHP|||YH58W, YH58Q, YH58E|||[electrostatic focusing]|||----1mhp-s0022-28362900203-1.pdf|||Arg222 from loop 2 of the I domain is located in the cleft formed between the heavy and light chain and is sandwiched between several antibody residues including Tyr58, Trp95 and Asn93 (Figures 2 and 3). This is the only residue out of the four mutated in the RDH I domain, that is involved in contacts with the Fab. It is therefore likely to be the only residue responsible for restoring the binding of the antibody after the mutagenesis.
1MHP|||YH58W, YH58Q, YH58E|||[hbond]|||----1mhp-s0022-28362900203-1.pdf|||The side-chains of His56 and Tyr58 from the H2 loop form H-bonds with main-chain atoms of loop 2 of the I domain.
1MHP|||YH59E|||[not documented]||||||
1MHP|||YH59E|||[note]|||----1mhp-s0022-28362900203-1.pdf|||A few residues from the L1 (Asn30) and L2 (Tyr48) loops appear to form minor Van der Waals contacts.NL30Y, NL30W, NL30V
1MI5|||AD95G|||[skipped]|||-Copy of 1mi5-s1074-76132900513-7.pdf|||TCR/pMHC
1MI5|||EE52A|||[skipped]|||-Copy of 1mi5-s1074-76132900513-7.pdf|||TCR/pMHC
1MI5|||GD96A|||[skipped]|||-Copy of 1mi5-s1074-76132900513-7.pdf|||TCR/pMHC
1MI5|||HD48A|||[skipped]|||-Copy of 1mi5-s1074-76132900513-7.pdf|||TCR/pMHC
1MI5|||LE96A|||[skipped]|||-Copy of 1mi5-s1074-76132900513-7.pdf|||TCR/pMHC
1MI5|||NE51A|||[skipped]|||-Copy of 1mi5-s1074-76132900513-7.pdf|||TCR/pMHC
1MI5|||QE50A|||[skipped]|||-Copy of 1mi5-s1074-76132900513-7.pdf|||TCR/pMHC
1MI5|||SD28A|||[skipped]|||-Copy of 1mi5-s1074-76132900513-7.pdf|||TCR/pMHC
1MI5|||SD52A|||[skipped]|||-Copy of 1mi5-s1074-76132900513-7.pdf|||TCR/pMHC
1MI5|||SD99A|||[skipped]|||-Copy of 1mi5-s1074-76132900513-7.pdf|||TCR/pMHC
1MI5|||SE31A|||[skipped]|||-Copy of 1mi5-s1074-76132900513-7.pdf|||TCR/pMHC
1MI5|||TD30A|||[skipped]|||-Copy of 1mi5-s1074-76132900513-7.pdf|||TCR/pMHC
1MI5|||TD51A|||[skipped]|||-Copy of 1mi5-s1074-76132900513-7.pdf|||TCR/pMHC
1MI5|||TD98A|||[skipped]|||-Copy of 1mi5-s1074-76132900513-7.pdf|||TCR/pMHC
1MI5|||VE30A|||[skipped]|||-Copy of 1mi5-s1074-76132900513-7.pdf|||TCR/pMHC
1MI5|||YD31A|||[skipped]|||-Copy of 1mi5-s1074-76132900513-7.pdf|||TCR/pMHC
1MLC|||NA32Y NA32G|||[not documented]||||||
1MLC|||NA92A|||[hbond]||||||Residues that show side-chain rotations are VL Asn92, which forms a hydrogen bond to HEL Thr47 O.
1MLC|||SB57A SB57V|||[hbond]|||---1mlc-0022-28362990046-9.pdf|||The decrease in temperature factors for the VL CDR2 loop of the free Fab is due to three hydrogen bonds from Fab atoms Gly57 N, Ser60 N and Set60 0 to a neighboring free Fab molecule in the crystal.
1MLC|||TB31W TB31V TB31A|||[hydrophobic]|||---1mlc-0022-28362990046-9.pdf|||Figure 7 shows two buried “holes” in the interface, one approximately 3 A in diameter situated in a hydrophobic environment defined by the side-chains of V, Trp33, V, Leu52, HEL Tyr53 and HEL Leu84, and a second larger hole. bounded by the main and side-chains of VH Thr31 (CDRI) and VH Leu52 (CDR2) and HEL residues Tyr53, Asp66 and Ser81.
1MLC|||TB58D|||[not documented]||||||
1NCA|||DH97K|||[salt bridge][hbond]|||---1nca-000.pdf|||Asp97 forms a salt link with NA critical contact Lys434; of the four mutants, D97K shows the largest reduction in binding to NA.
1NCA|||EH96D|||[no impact]|||----1nca-0022-28362990687-f.pdf|||Alongside this, the three residues H96 to H98 in CDR H3 form a ridge that matches a pocket on N9 lined by residues in the segments 367-372 and 400-403. The side-chain of AsnH98 protrudes from the surface and interdigitates between the side-chains of Thr401 and Trp403.
1NCA|||EH96D|||[no impact]|||---1nca-000.pdf|||NC41 residue Glu96 interacts with NA critical contact Ser368, yet E96D showed only a 2-fold reduction in binding to NA, apparently because the H bond can still form.
1NCA|||EH96D|||[no impact]|||---1nca-0022-28362990687-f.pdf|||Forms several hydrogen bonds with Neuraminidase amino acids.
1NCA|||NH31Q|||[no impact]|||----1nca-0022-28362990687-f.pdf|||Caption, Table 9.AsnH31 makes 2 hydrogen bonds with Asn400
1NCA|||NH31Q|||[no impact]|||---1nca-000.pdf (Abstract)|||Substitution N31Q had no effect on Ka.
1NCA|||NH98Q|||[salt bridge][hbond]|||----1nca-000.pdf|||A ridge in NC41 CDR H3 made of residues Glu96, Asp97, and Asn98 fits into a groove on the NA formed by residues 368-373 and 400-403 with NA residue Lys434 making a salt bridge with AspH97.
1P69 1P6A|||SA417P|||[error]|||---1p6a-000.pdf||| (increases binding) (BACKWARDS: P is wt, S is mutant)
1P69 1P6A|||SA417P|||[hbond]|||---1p6a-000.pdf|||The b-hydroxyl group of the serine residue introduced into the AB loop of Ad12 knob (P417S) is within hydrogen bonding distance of the O1 atom of CAR D1 residue Glu56 (Fig. 5b) and thus potentially could form an additional hydrogen bond within the knob-CAR D1 interface. No other conformational changes, with the exception of a rotation of the side chain of CAR D1 residue Asp54 at the C atom, were observed compared with the structure of the wild type binary complex, suggesting that the increase in affinity of this mutant may be a direct consequence of the serine residue at position 417.
1P69 1P6A|||YA489S|||[error]|||---1p6a-000.pdf|||(BACKWARDS: S is wt, Y is mutant)
1P69 1P6A|||YA489S|||[hbond]|||---1p6a-000.pdf|||Modeling of tyrosine at the corresponding position in Ad12 knob, Ser489, indicated that a tyrosine residue at this position could be accommodated in the Ad12 knob-CAR D1 interface and could form two additional hydrogen bonds with CAR D1.
1P69 1P6A|||YA489S|||[hbond]|||---1p6a-000.pdf|||The crystal structure of the Ad12 knob S489Y CAR D1 complex indicated that the extended length of the tyrosine residue side chain at residue 489 increased its potential to form additional hydrogen bonds with CAR D1 that cannot form by the corresponding serine residue in wild type Ad12 knob. The OH group of knob residue Tyr489 was within hydrogen bonding distance of the backbone oxygen and nitrogen atoms of CAR D1 residues Pro52 and Ala125 (Fig. 6b).
1PPF|||AI15C|||[conformational][electrostatic focusing]|||---1ppf-j.1460-2075.1986.tb04521|||The side chain of Alal5I (P4) runs parallel with Arg217. This would allow negatively charged residues at P4 and/or P5 to interact electrostatically in a favourable manner.
1PPF|||AI15D|||[conformational][electrostatic focusing]|||---1ppf-j.1460-2075.1986.tb04521|||The side chain of Alal5I (P4) runs parallel with Arg217. This would allow negatively charged residues at P4 and/or P5 to interact electrostatically in a favourable manner.
1PPF|||AI15E|||[conformational][electrostatic focusing]|||---1ppf-j.1460-2075.1986.tb04521|||The side chain of Alal5I (P4) runs parallel with Arg217. This would allow negatively charged residues at P4 and/or P5 to interact electrostatically in a favourable manner.
1PPF|||AI15F|||[conformational][electrostatic focusing]|||---1ppf-j.1460-2075.1986.tb04521|||The side chain of Alal5I (P4) runs parallel with Arg217. This would allow negatively charged residues at P4 and/or P5 to interact electrostatically in a favourable manner.
1PPF|||AI15G|||[conformational][electrostatic focusing]|||---1ppf-j.1460-2075.1986.tb04521|||The side chain of Alal5I (P4) runs parallel with Arg217. This would allow negatively charged residues at P4 and/or P5 to interact electrostatically in a favourable manner.
1PPF|||AI15H|||[conformational][electrostatic focusing]|||---1ppf-j.1460-2075.1986.tb04521|||The side chain of Alal5I (P4) runs parallel with Arg217. This would allow negatively charged residues at P4 and/or P5 to interact electrostatically in a favourable manner.
1PPF|||AI15I|||[conformational][electrostatic focusing]|||---1ppf-j.1460-2075.1986.tb04521|||The side chain of Alal5I (P4) runs parallel with Arg217. This would allow negatively charged residues at P4 and/or P5 to interact electrostatically in a favourable manner.
1PPF|||AI15K|||[conformational][electrostatic focusing]|||---1ppf-j.1460-2075.1986.tb04521|||The side chain of Alal5I (P4) runs parallel with Arg217. This would allow negatively charged residues at P4 and/or P5 to interact electrostatically in a favourable manner.
1PPF|||AI15L|||[conformational][electrostatic focusing]|||---1ppf-j.1460-2075.1986.tb04521|||The side chain of Alal5I (P4) runs parallel with Arg217. This would allow negatively charged residues at P4 and/or P5 to interact electrostatically in a favourable manner.
1PPF|||AI15M|||[conformational][electrostatic focusing]|||---1ppf-j.1460-2075.1986.tb04521|||The side chain of Alal5I (P4) runs parallel with Arg217. This would allow negatively charged residues at P4 and/or P5 to interact electrostatically in a favourable manner.
1PPF|||AI15N|||[conformational][electrostatic focusing]|||---1ppf-j.1460-2075.1986.tb04521|||The side chain of Alal5I (P4) runs parallel with Arg217. This would allow negatively charged residues at P4 and/or P5 to interact electrostatically in a favourable manner.
1PPF|||AI15P|||[conformational][electrostatic focusing]|||---1ppf-j.1460-2075.1986.tb04521|||The side chain of Alal5I (P4) runs parallel with Arg217. This would allow negatively charged residues at P4 and/or P5 to interact electrostatically in a favourable manner.
1PPF|||AI15Q|||[conformational][electrostatic focusing]|||---1ppf-j.1460-2075.1986.tb04521|||The side chain of Alal5I (P4) runs parallel with Arg217. This would allow negatively charged residues at P4 and/or P5 to interact electrostatically in a favourable manner.
1PPF|||AI15R|||[conformational][electrostatic focusing]|||---1ppf-j.1460-2075.1986.tb04521|||The side chain of Alal5I (P4) runs parallel with Arg217. This would allow negatively charged residues at P4 and/or P5 to interact electrostatically in a favourable manner.
1PPF|||AI15S|||[conformational][electrostatic focusing]|||---1ppf-j.1460-2075.1986.tb04521|||The side chain of Alal5I (P4) runs parallel with Arg217. This would allow negatively charged residues at P4 and/or P5 to interact electrostatically in a favourable manner.
1PPF|||AI15T|||[conformational][electrostatic focusing]|||---1ppf-j.1460-2075.1986.tb04521|||The side chain of Alal5I (P4) runs parallel with Arg217. This would allow negatively charged residues at P4 and/or P5 to interact electrostatically in a favourable manner.
1PPF|||AI15V|||[conformational][electrostatic focusing]|||---1ppf-j.1460-2075.1986.tb04521|||The side chain of Alal5I (P4) runs parallel with Arg217. This would allow negatively charged residues at P4 and/or P5 to interact electrostatically in a favourable manner.
1PPF|||AI15W|||[conformational][electrostatic focusing]|||---1ppf-j.1460-2075.1986.tb04521|||The side chain of Alal5I (P4) runs parallel with Arg217. This would allow negatively charged residues at P4 and/or P5 to interact electrostatically in a favourable manner.
1PPF|||AI15Y|||[conformational][electrostatic focusing]|||---1ppf-j.1460-2075.1986.tb04521|||The side chain of Alal5I (P4) runs parallel with Arg217. This would allow negatively charged residues at P4 and/or P5 to interact electrostatically in a favourable manner.
1PPF|||GI32E GI32D GI32M GI32L GI32I GI32V GI32T GI32H GI32W GI32Q GI32F GI32Y GI32N GI32P GI32C GI32A GI32R GI32S GI32K|||[not documented]|||-----1ppf-j.1460-2075.1986.tb04521.x|||(info)Only seven residues of the proteinase binding loop Prol4I(P5) to Tyr2OI(P2') are involved in specific, direct contacts with the enzyme. Quite weak van der Waals contacts are furthermore possible for Arg21I, Gly32I, Asn33I and Asn36I (mainly with the side chains of Phel92 and Leu 143 of HLE).
1PPF|||LI18W LI18E LI18Y LI18F LI18H LI18D LI18M LI18Q LI18A LI18R LI18S LI18T LI18C LI18N LI18V LI18I LI18P LI18K LI18G|||[Hydrophobic]|||--The crystal and molecular structure of the third domain of silver pheasant ovomucoid (OMSVP3) Wolfram BODE, Otto EPP, Robert HUBER, Michael LASKOWSKI, Jr and Wojciech ARDELT|||Three of these changes  occur at P2(17), Pl(18) and Pl'(19)  around the reactive site. The P3 to P2' residues run as follows: Cys-16, Thr-17, Met-18, Glu- 19, Tyr-20. Thus, in contrast to OMJPQ3, which is  a trypsin inhibitor because of a  lysine residue at its PI position,  the methionine of OMSVP3 determines its  preferred  inhibitory specificity towards  chymotrypsin, elastase and subtilisin [7]. OMTKY3 differs from OMSVP3 only by a leucine residue in the PI position resulting in almost identical binding constants.
1PPF|||LI18W LI18E LI18Y LI18F LI18H LI18D LI18M LI18Q LI18A LI18R LI18S LI18T LI18C LI18N LI18V LI18I LI18P LI18K LI18G|||[Steric]|||--- “Structure of the Complex of Streptomyces griseus Protease B and the Third Domain of the Turkey Ovomucoid Inhibitor at 1.8-A Resolution” by Randy J. Read, Masao Fujinaga, Anita R. Sielecki, and Michael N. G. James*|||The carbonyl oxygen of the PI residue, Leu-18I, is located in the oxyanion hole (Robertus et al., 1972) and accepts one strong hydrogen bond from Gly-193 N and a weaker one from Ser-195 N.Hydrogen-Bond and ShortContact Distances (A) in the Active Sites of Several Serine Protease ComplexesLeu-18I  N- - -Ser-214 O 3.6 3.1 3.0 2.8 3.4Leu-18I  O- - -Gly-193 N 2.6 2.8 2.8 3.1 2.9Leu-18I O- - -Ser-195 N 3.1 3.2 3.2 3.2 3.1Leu-18I C- - -Ser-195 O7 2.7 2.7 2.6 1.7 2.6Favourable main chain-main chain hydrogen bonds are formed in the enzymeiAhibitor interface between Cys16I N and Val216 0, between Cysl6I 0 and Val216 N, between Leul8I N and Ser214 0, bet2454 ween Leul8I 0 and Gly 193 N and Serl95 N, and between Tyr20I N and Phe4l 0.EI19H, EI19Y, EI19D, EI19F, EI19Q, EI19M, EI19N, EI19T, EI19S, EI19A, EI19C, EI19V, EI19L, EI19P, EI19K, EI19G, EI19R, EI19I, EI19WThe next step on the pathway to hydrolysis from the observed complex would be the completionof the nucleophilic attack of Ser-195 0’ on the carbonyl carbon of Leu-181 to form the tetrahedral intermediate. We have described previously the relative movements of enzyme andinhibitor that would be required to form the tetrahedral intermediate and some interactions that would hinder these movements (Fujinaga et al., 1982). Part of these interactions involve hydrogen bonds from the side-chain amide of Asn-331 to the carbonyl oxygen atoms of Thr-171 and Glu-19I that would oppose the movement of the carbonyl carbon of Leu- 18I toward Ser-195 0’. The position of this amide group is stabilized, in turn, by a hydrogen bond from Asn-361 NH to Asn-331 061. Thus, the central cy-helix serves as an anchor for the reactive bond.
1PPF|||LI18W LI18E LI18Y LI18F LI18H LI18D LI18M LI18Q LI18A LI18R LI18S LI18T LI18C LI18N LI18V LI18I LI18P LI18K LI18G|||[Steric]|||--The crystal and molecular structure of the third domain of silver pheasant ovomucoid (OMSVP3) Wolfram BODE, Otto EPP, Robert HUBER, Michael LASKOWSKI, Jr and Wojciech ARDELT--bode1986.pdf|||Three of these changes  occur at P2(17), Pl(18) and Pl'(19)  around the reactive site. The P3 to P2' residues run as follows: Cys-16, Thr-17, Met-18, Glu- 19, Tyr-20. Thus, in contrast to OMJPQ3, which is  a trypsin inhibitor because of a  lysine residue at its PI position,  the methionine of OMSVP3 determines its  preferred  inhibitory specificity towards  chymotrypsin, elastase and subtilisin [7]. OMTKY3 differs from OMSVP3 only by a leucine residue in the PI position resulting in almost identical binding constants.Figure 3 gives a view of the S 1-binding site showing the location of the P1 residue Leu181 between main chain segments 214-216 and 191-192 of the specificity pocket of HLE. As in the case of the porcine pancreatic elastase (PPE), the pocket is constricted towards its bottom by more bulky side chains of residues Val216, Vall90 and Asp226. Due to a smaller residue 213 (Ala) and due to a changed geometry of the loop 216-220, however, the entrance of the pocket seems to be more open. The back of this pocket, around Gly 189, is quite differently organized and contains several polar groups, including internally fixed solvent (water) molecules.
1PPF|||LI18W LI18E LI18Y LI18F LI18H LI18D LI18M LI18Q LI18A LI18R LI18S LI18T LI18C LI18N LI18V LI18I LI18P LI18K LI18G|||[hbond]|||--- “Structure of the Complex of Streptomyces griseus Protease B and the Third Domain of the Turkey Ovomucoid Inhibitor at 1.8-A Resolution” by Randy J. Read, Masao Fujinaga, Anita R. Sielecki, and Michael N. G. James*|||Antiparallel hydrogen bonds are observed also between the Pi Tyr-20i and Arg-41 in SGPB.Hydrogen-Bond and ShortContact Distances (A) in the Active Sites of Several Serine Protease ComplexesTyr-20I N- - -Arg-41 0 2.8Tyr-20I O- - -Arg-41 N 3.2Favourable main chain-main chain hydrogen bonds are formed in the enzymeiAhibitor interface between Cys16I N and Val216 0, between Cysl6I 0 and Val216 N, between Leul8I N and Ser214 0, bet2454 ween Leul8I 0 and Gly 193 N and Serl95 N, and between Tyr20I N and Phe4l 0.
1PPF|||LI18W LI18E LI18Y LI18F LI18H LI18D LI18M LI18Q LI18A LI18R LI18S LI18T LI18C LI18N LI18V LI18I LI18P LI18K LI18G|||[hbond]|||--- “Structure of the Complex of Streptomyces griseus Protease B and the Third Domain of the Turkey Ovomucoid Inhibitor at 1.8-A Resolution” by Randy J. Read, Masao Fujinaga, Anita R. Sielecki, and Michael N. G. James*|||The next step on the pathway to hydrolysis from the observed complex would be the completionof the nucleophilic attack of Ser-195 0’ on the carbonyl carbon of Leu-181 to form the tetrahedral intermediate. We have described previously the relative movements of enzyme andinhibitor that would be required to form the tetrahedral intermediate and some interactions that would hinder these movements (Fujinaga et al., 1982). Part of these interactions involve hydrogen bonds from the side-chain amide of Asn-331 to the carbonyl oxygen atoms of Thr-171 and Glu-19I that would oppose the movement of the carbonyl carbon of Leu- 18I toward Ser-195 0’. The position of this amide group is stabilized, in turn, by a hydrogen bond from Asn-361 NH to Asn-331 061. Thus, the central cy-helix serves as an anchorfor the reactive bond.Hydrogen-Bonding Distances (A) in OMTKY3Glu-19I O- - -Asn-331 N 3.0Glu-19I O - - -Glu-191 N 2.9Arg-21I N- - -Gly-321O 2.7YI20H, YI20M, YI20F, YI20R, YI20V, YI20T, YI20I, YI20D, YI20W, YI20E, YI20C, YI20A, YI20S, YI20L, YI20N, YI20Q, YI20K, YI20G, YI20P
1PPF|||LI18W LI18E LI18Y LI18F LI18H LI18D LI18M LI18Q LI18A LI18R LI18S LI18T LI18C LI18N LI18V LI18I LI18P LI18K LI18G|||[hydrophobic]|||---1cse-bateman2008.pdf|||SGPB, like chymotrypsin, prefers hydrophobic P1 side chains that are not branched at the b-carbon ~Bigler et al., 1993; Lu et al., 1997).  The association constants measured at pH 8.3 for SGPB: OMTKY3-Cys18I and SGPB:OMTKY3-Leu18I are the highest of all of the naturally occurring P1 amino acids, followed closely by SGPB:OMTKY3-Met18I ~Fig. 1!. Of these top three P1 variants, only the structure of SGPB:OMTKY3-Leu18I has been determined experimentally ~Fujinaga et al., 1982; Read et al., 1983; Huang et al., 1995!. The Leu at P1 fits beautifully into the S1 pocket of SGPB. This pocket is narrow at the top ~closest to the catalytic residue Ser195! and broadens gradually toward the bottom ~Fig. 3C!. The b-branched P1 residues are not complementary to this shape. The narrow top of the S1 pocket has to accommodate all of the atoms of the side chains ~Fig. 3!. The observed x1 angles for these b-branched residues are neither unfavourable nor unusual ~McGregor et al., 1987; Swindells et al., 1995! but the “tight fit” demands that the g-atoms of these residues point away from Pro192B-Asp194 to avoid steric clashes. In contrast, the bottom of the pocket is left relatively empty, unlike Leu18I whose side chain has van der Waals contacts with residues Gly215 and Ala192 at both sides of the S1 pocket ~Figs. 3, 4!. Cavities are rare in protein:protein recognition sites ~Janin & Chothia, 1990!, and complementarity involves close packing of the atoms between protein molecules. Eriksson et al. ~1992! have suggested that the destabi-lization of a protein in response to cavity creating mutations is directly proportional to the cavity size.
1PPF|||NI36E NI36D NI36R NI36W NI36F NI36Y NI36H NI36P NI36C NI36M NI36L NI36I NI36V NI36Q NI36T NI36A NI36S NI36G NI36K|||[not documented]|||-----1ppf-j.1460-2075.1986.tb04521.x|||(info)Only seven residues of the proteinase binding loop Prol4I(P5) to Tyr2OI(P2') are involved in specific, direct contacts with the enzyme. Quite weak van der Waals contacts are furthermore possible for Arg21I, Gly32I, Asn33I and Asn36I (mainly with the side chains of Phel92 and Leu 143 of HLE).
1PPF|||PI14A|||[hbond]|||---fujinaga1987.pdf|||Hydrogen bond and short contact distances (d) in the active sites of three serine proteinase protein complexesPro141 0.. Ser218 N 3.0
1PPF|||PI14C|||[hbond]|||---fujinaga1987.pdf|||Hydrogen bond and short contact distances (d) in the active sites of three serine proteinase protein complexesPro141 0.. Ser218 N 3.0
1PPF|||PI14D|||[hbond]|||---fujinaga1987.pdf|||Hydrogen bond and short contact distances (d) in the active sites of three serine proteinase protein complexesPro141 0.. Ser218 N 3.0
1PPF|||PI14E|||[hbond]|||---fujinaga1987.pdf|||Hydrogen bond and short contact distances (d) in the active sites of three serine proteinase protein complexesPro141 0.. Ser218 N 3.0
1PPF|||PI14F|||[hbond]|||---fujinaga1987.pdf|||Hydrogen bond and short contact distances (d) in the active sites of three serine proteinase protein complexesPro141 0.. Ser218 N 3.0
1PPF|||PI14G|||[hbond]|||---fujinaga1987.pdf|||Hydrogen bond and short contact distances (d) in the active sites of three serine proteinase protein complexesPro141 0.. Ser218 N 3.0
1PPF|||PI14H|||[hbond]|||---fujinaga1987.pdf|||Hydrogen bond and short contact distances (d) in the active sites of three serine proteinase protein complexesPro141 0.. Ser218 N 3.0
1PPF|||PI14I|||[hbond]|||---fujinaga1987.pdf|||Hydrogen bond and short contact distances (d) in the active sites of three serine proteinase protein complexesPro141 0.. Ser218 N 3.0
1PPF|||PI14K|||[hbond]|||---fujinaga1987.pdf|||Hydrogen bond and short contact distances (d) in the active sites of three serine proteinase protein complexesPro141 0.. Ser218 N 3.0
1PPF|||PI14L|||[hbond]|||---fujinaga1987.pdf|||Hydrogen bond and short contact distances (d) in the active sites of three serine proteinase protein complexesPro141 0.. Ser218 N 3.0
1PPF|||PI14M|||[hbond]|||---fujinaga1987.pdf|||Hydrogen bond and short contact distances (d) in the active sites of three serine proteinase protein complexesPro141 0.. Ser218 N 3.0
1PPF|||PI14N|||[hbond]|||---fujinaga1987.pdf|||Hydrogen bond and short contact distances (d) in the active sites of three serine proteinase protein complexesPro141 0.. Ser218 N 3.0
1PPF|||PI14Q|||[hbond]|||---fujinaga1987.pdf|||Hydrogen bond and short contact distances (d) in the active sites of three serine proteinase protein complexesPro141 0.. Ser218 N 3.0
1PPF|||PI14R|||[hbond]|||---fujinaga1987.pdf|||Hydrogen bond and short contact distances (d) in the active sites of three serine proteinase protein complexesPro141 0.. Ser218 N 3.0
1PPF|||PI14S|||[hbond]|||---fujinaga1987.pdf|||Hydrogen bond and short contact distances (d) in the active sites of three serine proteinase protein complexesPro141 0.. Ser218 N 3.0
1PPF|||PI14T|||[hbond]|||---fujinaga1987.pdf|||Hydrogen bond and short contact distances (d) in the active sites of three serine proteinase protein complexesPro141 0.. Ser218 N 3.0
1PPF|||PI14V|||[hbond]|||---fujinaga1987.pdf|||Hydrogen bond and short contact distances (d) in the active sites of three serine proteinase protein complexesPro141 0.. Ser218 N 3.0
1PPF|||PI14W|||[hbond]|||---fujinaga1987.pdf|||Hydrogen bond and short contact distances (d) in the active sites of three serine proteinase protein complexesPro141 0.. Ser218 N 3.0
1PPF|||PI14Y|||[hbond]|||---fujinaga1987.pdf|||Hydrogen bond and short contact distances (d) in the active sites of three serine proteinase protein complexesPro141 0.. Ser218 N 3.0
1PPF|||RI21H RI21P RI21A RI21I RI21C RI21D RI21F RI21G RI21T RI21W RI21N RI21Q RI21K RI21S RI21Y RI21M RI21V RI21E RI21L|||[Electrostatic] ||||||<not a strong enough statement>The three terminal atoms of the Arg-21I side chain have B factors of about 50 A’, and no associated density can be seen at the contour level used in the figure. As mentioned before, the N-terminal region of the inhibitor is disordered, and Figure 8C shows that there is very little electron density in this area. The extent of disorder can also be appreciated from the very high B factors of these residues (Figure 5)
1PPF|||RI21H RI21P RI21A RI21I RI21C RI21D RI21F RI21G RI21T RI21W RI21N RI21Q RI21K RI21S RI21Y RI21M RI21V RI21E RI21L|||[not documented] [hbond]||||||  <not a strong enough statement>Hydrogen-Bonding Distances (A) in OMTKY3Arg-21I N- - -Gly-321O 2.7
1PPF|||TI17A|||[conformational]|||--- read-et-al-2002.pdf|||The next step on the pathway to hydrolysis from the observed complex would be the completionof the nucleophilic attack of Ser-195 0’ on the carbonyl carbon of Leu-181 to form the tetrahedral intermediate. We have described previously the relative movements of enzyme andinhibitor that would be required to form the tetrahedral intermediate and some interactions that would hinder these movements (Fujinaga et al., 1982). Part of these interactions involve hydrogen bonds from the side-chain amide of Asn-331 to the carbonyl oxygen atoms of Thr-17 and Glu-19I that would oppose the movement of the carbonyl carbon of Leu- 18I toward Ser-195 0’. The position of this amide group is stabilized, in turn, by a hydrogen bond from Asn-361 NH to Asn-331 061. Thus, the central cy-helix serves as an anchor for the reactive bond.
1PPF|||TI17A|||[hbond]|||--- read-et-al-2002.pdf|||The next step on the pathway to hydrolysis from the observed complex would be the completionof the nucleophilic attack of Ser-195 0’ on the carbonyl carbon of Leu-18I to form the tetrahedral intermediate. We have described previously the relative movements of enzyme andinhibitor that would be required to form the tetrahedral intermediate and some interactions that would hinder these movements (Fujinaga et al., 1982). Part of these interactions involve hydrogen bonds from the side-chain amide of Asn-331 to the carbonyl oxygen atoms of Thr-17 and Glu-19I that would oppose the movement of the carbonyl carbon of Leu- 18I toward Ser-195 0’. The position of this amide group is stabilized, in turn, by a hydrogen bond from Asn-361 NH to Asn-331 061. Thus, the central cy-helix serves as an anchorfor the reactive bond.His-57 side-chain reorientation avoids close contact, as well as making H bonding to Ser-195 possibleHydrogen-Bonding Distances (A) in OMTKY3Thr-17I O- - -Am331 N  2.9ThI-17I O- - -Glu-191 O 2.5
1PPF|||TI17C|||[conformational]|||--- read-et-al-2002.pdf|||The next step on the pathway to hydrolysis from the observed complex would be the completionof the nucleophilic attack of Ser-195 0’ on the carbonyl carbon of Leu-181 to form the tetrahedral intermediate. We have described previously the relative movements of enzyme andinhibitor that would be required to form the tetrahedral intermediate and some interactions that would hinder these movements (Fujinaga et al., 1982). Part of these interactions involve hydrogen bonds from the side-chain amide of Asn-331 to the carbonyl oxygen atoms of Thr-17 and Glu-19I that would oppose the movement of the carbonyl carbon of Leu- 18I toward Ser-195 0’. The position of this amide group is stabilized, in turn, by a hydrogen bond from Asn-361 NH to Asn-331 061. Thus, the central cy-helix serves as an anchor for the reactive bond.
1PPF|||TI17C|||[hbond]|||--- read-et-al-2002.pdf|||The next step on the pathway to hydrolysis from the observed complex would be the completionof the nucleophilic attack of Ser-195 0’ on the carbonyl carbon of Leu-18I to form the tetrahedral intermediate. We have described previously the relative movements of enzyme andinhibitor that would be required to form the tetrahedral intermediate and some interactions that would hinder these movements (Fujinaga et al., 1982). Part of these interactions involve hydrogen bonds from the side-chain amide of Asn-331 to the carbonyl oxygen atoms of Thr-17 and Glu-19I that would oppose the movement of the carbonyl carbon of Leu- 18I toward Ser-195 0’. The position of this amide group is stabilized, in turn, by a hydrogen bond from Asn-361 NH to Asn-331 061. Thus, the central cy-helix serves as an anchorfor the reactive bond.His-57 side-chain reorientation avoids close contact, as well as making H bonding to Ser-195 possibleHydrogen-Bonding Distances (A) in OMTKY3Thr-17I O- - -Am331 N  2.9ThI-17I O- - -Glu-191 O 2.5
1PPF|||TI17D|||[conformational]|||--- read-et-al-2002.pdf|||The next step on the pathway to hydrolysis from the observed complex would be the completionof the nucleophilic attack of Ser-195 0’ on the carbonyl carbon of Leu-181 to form the tetrahedral intermediate. We have described previously the relative movements of enzyme andinhibitor that would be required to form the tetrahedral intermediate and some interactions that would hinder these movements (Fujinaga et al., 1982). Part of these interactions involve hydrogen bonds from the side-chain amide of Asn-331 to the carbonyl oxygen atoms of Thr-17 and Glu-19I that would oppose the movement of the carbonyl carbon of Leu- 18I toward Ser-195 0’. The position of this amide group is stabilized, in turn, by a hydrogen bond from Asn-361 NH to Asn-331 061. Thus, the central cy-helix serves as an anchor for the reactive bond.
1PPF|||TI17D|||[hbond]|||--- read-et-al-2002.pdf|||The next step on the pathway to hydrolysis from the observed complex would be the completionof the nucleophilic attack of Ser-195 0’ on the carbonyl carbon of Leu-18I to form the tetrahedral intermediate. We have described previously the relative movements of enzyme andinhibitor that would be required to form the tetrahedral intermediate and some interactions that would hinder these movements (Fujinaga et al., 1982). Part of these interactions involve hydrogen bonds from the side-chain amide of Asn-331 to the carbonyl oxygen atoms of Thr-17 and Glu-19I that would oppose the movement of the carbonyl carbon of Leu- 18I toward Ser-195 0’. The position of this amide group is stabilized, in turn, by a hydrogen bond from Asn-361 NH to Asn-331 061. Thus, the central cy-helix serves as an anchorfor the reactive bond.His-57 side-chain reorientation avoids close contact, as well as making H bonding to Ser-195 possibleHydrogen-Bonding Distances (A) in OMTKY3Thr-17I O- - -Am331 N  2.9ThI-17I O- - -Glu-191 O 2.5
1PPF|||TI17E TI17D TI17N TI17C TI17Y TI17I TI17M TI17G TI17V TI17W TI17A TI17P TI17L TI17S TI17Q TI17K TI17H TI17F TI17R|||[conformational]|||--- read-et-al-2002.pdf|||The next step on the pathway to hydrolysis from the observed complex would be the completionof the nucleophilic attack of Ser-195 0’ on the carbonyl carbon of Leu-181 to form the tetrahedral intermediate. We have described previously the relative movements of enzyme andinhibitor that would be required to form the tetrahedral intermediate and some interactions that would hinder these movements (Fujinaga et al., 1982). Part of these interactions involve hydrogen bonds from the side-chain amide of Asn-331 to the carbonyl oxygen atoms of Thr-17 and Glu-19I that would oppose the movement of the carbonyl carbon of Leu- 18I toward Ser-195 0’. The position of this amide group is stabilized, in turn, by a hydrogen bond from Asn-361 NH to Asn-331 061. Thus, the central cy-helix serves as an anchor for the reactive bond.
1PPF|||TI17E TI17D TI17N TI17C TI17Y TI17I TI17M TI17G TI17V TI17W TI17A TI17P TI17L TI17S TI17Q TI17K TI17H TI17F TI17R|||[hbond]|||--- read-et-al-2002.pdf|||The next step on the pathway to hydrolysis from the observed complex would be the completionof the nucleophilic attack of Ser-195 0’ on the carbonyl carbon of Leu-18I to form the tetrahedral intermediate. We have described previously the relative movements of enzyme andinhibitor that would be required to form the tetrahedral intermediate and some interactions that would hinder these movements (Fujinaga et al., 1982). Part of these interactions involve hydrogen bonds from the side-chain amide of Asn-331 to the carbonyl oxygen atoms of Thr-17 and Glu-19I that would oppose the movement of the carbonyl carbon of Leu- 18I toward Ser-195 0’. The position of this amide group is stabilized, in turn, by a hydrogen bond from Asn-361 NH to Asn-331 061. Thus, the central cy-helix serves as an anchorfor the reactive bond.His-57 side-chain reorientation avoids close contact, as well as making H bonding to Ser-195 possibleHydrogen-Bonding Distances (A) in OMTKY3Thr-17I O- - -Am331 N  2.9ThI-17I O- - -Glu-191 O 2.5
1PPF|||TI17E|||[conformational]|||--- read-et-al-2002.pdf|||The next step on the pathway to hydrolysis from the observed complex would be the completionof the nucleophilic attack of Ser-195 0’ on the carbonyl carbon of Leu-181 to form the tetrahedral intermediate. We have described previously the relative movements of enzyme andinhibitor that would be required to form the tetrahedral intermediate and some interactions that would hinder these movements (Fujinaga et al., 1982). Part of these interactions involve hydrogen bonds from the side-chain amide of Asn-331 to the carbonyl oxygen atoms of Thr-17 and Glu-19I that would oppose the movement of the carbonyl carbon of Leu- 18I toward Ser-195 0’. The position of this amide group is stabilized, in turn, by a hydrogen bond from Asn-361 NH to Asn-331 061. Thus, the central cy-helix serves as an anchor for the reactive bond.
1PPF|||TI17E|||[hbond]|||--- read-et-al-2002.pdf|||The next step on the pathway to hydrolysis from the observed complex would be the completionof the nucleophilic attack of Ser-195 0’ on the carbonyl carbon of Leu-18I to form the tetrahedral intermediate. We have described previously the relative movements of enzyme andinhibitor that would be required to form the tetrahedral intermediate and some interactions that would hinder these movements (Fujinaga et al., 1982). Part of these interactions involve hydrogen bonds from the side-chain amide of Asn-331 to the carbonyl oxygen atoms of Thr-17 and Glu-19I that would oppose the movement of the carbonyl carbon of Leu- 18I toward Ser-195 0’. The position of this amide group is stabilized, in turn, by a hydrogen bond from Asn-361 NH to Asn-331 061. Thus, the central cy-helix serves as an anchorfor the reactive bond.His-57 side-chain reorientation avoids close contact, as well as making H bonding to Ser-195 possibleHydrogen-Bonding Distances (A) in OMTKY3Thr-17I O- - -Am331 N  2.9ThI-17I O- - -Glu-191 O 2.5
1PPF|||TI17F|||[conformational]|||--- read-et-al-2002.pdf|||The next step on the pathway to hydrolysis from the observed complex would be the completionof the nucleophilic attack of Ser-195 0’ on the carbonyl carbon of Leu-181 to form the tetrahedral intermediate. We have described previously the relative movements of enzyme andinhibitor that would be required to form the tetrahedral intermediate and some interactions that would hinder these movements (Fujinaga et al., 1982). Part of these interactions involve hydrogen bonds from the side-chain amide of Asn-331 to the carbonyl oxygen atoms of Thr-17 and Glu-19I that would oppose the movement of the carbonyl carbon of Leu- 18I toward Ser-195 0’. The position of this amide group is stabilized, in turn, by a hydrogen bond from Asn-361 NH to Asn-331 061. Thus, the central cy-helix serves as an anchor for the reactive bond.
1PPF|||TI17F|||[hbond]|||--- read-et-al-2002.pdf|||The next step on the pathway to hydrolysis from the observed complex would be the completionof the nucleophilic attack of Ser-195 0’ on the carbonyl carbon of Leu-18I to form the tetrahedral intermediate. We have described previously the relative movements of enzyme andinhibitor that would be required to form the tetrahedral intermediate and some interactions that would hinder these movements (Fujinaga et al., 1982). Part of these interactions involve hydrogen bonds from the side-chain amide of Asn-331 to the carbonyl oxygen atoms of Thr-17 and Glu-19I that would oppose the movement of the carbonyl carbon of Leu- 18I toward Ser-195 0’. The position of this amide group is stabilized, in turn, by a hydrogen bond from Asn-361 NH to Asn-331 061. Thus, the central cy-helix serves as an anchorfor the reactive bond.His-57 side-chain reorientation avoids close contact, as well as making H bonding to Ser-195 possibleHydrogen-Bonding Distances (A) in OMTKY3Thr-17I O- - -Am331 N  2.9ThI-17I O- - -Glu-191 O 2.5
1PPF|||TI17G|||[conformational]|||--- read-et-al-2002.pdf|||The next step on the pathway to hydrolysis from the observed complex would be the completionof the nucleophilic attack of Ser-195 0’ on the carbonyl carbon of Leu-181 to form the tetrahedral intermediate. We have described previously the relative movements of enzyme andinhibitor that would be required to form the tetrahedral intermediate and some interactions that would hinder these movements (Fujinaga et al., 1982). Part of these interactions involve hydrogen bonds from the side-chain amide of Asn-331 to the carbonyl oxygen atoms of Thr-17 and Glu-19I that would oppose the movement of the carbonyl carbon of Leu- 18I toward Ser-195 0’. The position of this amide group is stabilized, in turn, by a hydrogen bond from Asn-361 NH to Asn-331 061. Thus, the central cy-helix serves as an anchor for the reactive bond.
1PPF|||TI17G|||[hbond]|||--- read-et-al-2002.pdf|||The next step on the pathway to hydrolysis from the observed complex would be the completionof the nucleophilic attack of Ser-195 0’ on the carbonyl carbon of Leu-18I to form the tetrahedral intermediate. We have described previously the relative movements of enzyme andinhibitor that would be required to form the tetrahedral intermediate and some interactions that would hinder these movements (Fujinaga et al., 1982). Part of these interactions involve hydrogen bonds from the side-chain amide of Asn-331 to the carbonyl oxygen atoms of Thr-17 and Glu-19I that would oppose the movement of the carbonyl carbon of Leu- 18I toward Ser-195 0’. The position of this amide group is stabilized, in turn, by a hydrogen bond from Asn-361 NH to Asn-331 061. Thus, the central cy-helix serves as an anchorfor the reactive bond.His-57 side-chain reorientation avoids close contact, as well as making H bonding to Ser-195 possibleHydrogen-Bonding Distances (A) in OMTKY3Thr-17I O- - -Am331 N  2.9ThI-17I O- - -Glu-191 O 2.5
1PPF|||TI17H|||[conformational]|||--- read-et-al-2002.pdf|||The next step on the pathway to hydrolysis from the observed complex would be the completionof the nucleophilic attack of Ser-195 0’ on the carbonyl carbon of Leu-181 to form the tetrahedral intermediate. We have described previously the relative movements of enzyme andinhibitor that would be required to form the tetrahedral intermediate and some interactions that would hinder these movements (Fujinaga et al., 1982). Part of these interactions involve hydrogen bonds from the side-chain amide of Asn-331 to the carbonyl oxygen atoms of Thr-17 and Glu-19I that would oppose the movement of the carbonyl carbon of Leu- 18I toward Ser-195 0’. The position of this amide group is stabilized, in turn, by a hydrogen bond from Asn-361 NH to Asn-331 061. Thus, the central cy-helix serves as an anchor for the reactive bond.
1PPF|||TI17H|||[hbond]|||--- read-et-al-2002.pdf|||The next step on the pathway to hydrolysis from the observed complex would be the completionof the nucleophilic attack of Ser-195 0’ on the carbonyl carbon of Leu-18I to form the tetrahedral intermediate. We have described previously the relative movements of enzyme andinhibitor that would be required to form the tetrahedral intermediate and some interactions that would hinder these movements (Fujinaga et al., 1982). Part of these interactions involve hydrogen bonds from the side-chain amide of Asn-331 to the carbonyl oxygen atoms of Thr-17 and Glu-19I that would oppose the movement of the carbonyl carbon of Leu- 18I toward Ser-195 0’. The position of this amide group is stabilized, in turn, by a hydrogen bond from Asn-361 NH to Asn-331 061. Thus, the central cy-helix serves as an anchorfor the reactive bond.His-57 side-chain reorientation avoids close contact, as well as making H bonding to Ser-195 possibleHydrogen-Bonding Distances (A) in OMTKY3Thr-17I O- - -Am331 N  2.9ThI-17I O- - -Glu-191 O 2.5
1PPF|||TI17I|||[conformational]|||--- read-et-al-2002.pdf|||The next step on the pathway to hydrolysis from the observed complex would be the completionof the nucleophilic attack of Ser-195 0’ on the carbonyl carbon of Leu-181 to form the tetrahedral intermediate. We have described previously the relative movements of enzyme andinhibitor that would be required to form the tetrahedral intermediate and some interactions that would hinder these movements (Fujinaga et al., 1982). Part of these interactions involve hydrogen bonds from the side-chain amide of Asn-331 to the carbonyl oxygen atoms of Thr-17 and Glu-19I that would oppose the movement of the carbonyl carbon of Leu- 18I toward Ser-195 0’. The position of this amide group is stabilized, in turn, by a hydrogen bond from Asn-361 NH to Asn-331 061. Thus, the central cy-helix serves as an anchor for the reactive bond.
1PPF|||TI17I|||[hbond]|||--- read-et-al-2002.pdf|||The next step on the pathway to hydrolysis from the observed complex would be the completionof the nucleophilic attack of Ser-195 0’ on the carbonyl carbon of Leu-18I to form the tetrahedral intermediate. We have described previously the relative movements of enzyme andinhibitor that would be required to form the tetrahedral intermediate and some interactions that would hinder these movements (Fujinaga et al., 1982). Part of these interactions involve hydrogen bonds from the side-chain amide of Asn-331 to the carbonyl oxygen atoms of Thr-17 and Glu-19I that would oppose the movement of the carbonyl carbon of Leu- 18I toward Ser-195 0’. The position of this amide group is stabilized, in turn, by a hydrogen bond from Asn-361 NH to Asn-331 061. Thus, the central cy-helix serves as an anchorfor the reactive bond.His-57 side-chain reorientation avoids close contact, as well as making H bonding to Ser-195 possibleHydrogen-Bonding Distances (A) in OMTKY3Thr-17I O- - -Am331 N  2.9ThI-17I O- - -Glu-191 O 2.5
1PPF|||TI17K|||[conformational]|||--- read-et-al-2002.pdf|||The next step on the pathway to hydrolysis from the observed complex would be the completionof the nucleophilic attack of Ser-195 0’ on the carbonyl carbon of Leu-181 to form the tetrahedral intermediate. We have described previously the relative movements of enzyme andinhibitor that would be required to form the tetrahedral intermediate and some interactions that would hinder these movements (Fujinaga et al., 1982). Part of these interactions involve hydrogen bonds from the side-chain amide of Asn-331 to the carbonyl oxygen atoms of Thr-17 and Glu-19I that would oppose the movement of the carbonyl carbon of Leu- 18I toward Ser-195 0’. The position of this amide group is stabilized, in turn, by a hydrogen bond from Asn-361 NH to Asn-331 061. Thus, the central cy-helix serves as an anchor for the reactive bond.
1PPF|||TI17K|||[hbond]|||--- read-et-al-2002.pdf|||The next step on the pathway to hydrolysis from the observed complex would be the completionof the nucleophilic attack of Ser-195 0’ on the carbonyl carbon of Leu-18I to form the tetrahedral intermediate. We have described previously the relative movements of enzyme andinhibitor that would be required to form the tetrahedral intermediate and some interactions that would hinder these movements (Fujinaga et al., 1982). Part of these interactions involve hydrogen bonds from the side-chain amide of Asn-331 to the carbonyl oxygen atoms of Thr-17 and Glu-19I that would oppose the movement of the carbonyl carbon of Leu- 18I toward Ser-195 0’. The position of this amide group is stabilized, in turn, by a hydrogen bond from Asn-361 NH to Asn-331 061. Thus, the central cy-helix serves as an anchorfor the reactive bond.His-57 side-chain reorientation avoids close contact, as well as making H bonding to Ser-195 possibleHydrogen-Bonding Distances (A) in OMTKY3Thr-17I O- - -Am331 N  2.9ThI-17I O- - -Glu-191 O 2.5
1PPF|||TI17L|||[conformational]|||--- read-et-al-2002.pdf|||The next step on the pathway to hydrolysis from the observed complex would be the completionof the nucleophilic attack of Ser-195 0’ on the carbonyl carbon of Leu-181 to form the tetrahedral intermediate. We have described previously the relative movements of enzyme andinhibitor that would be required to form the tetrahedral intermediate and some interactions that would hinder these movements (Fujinaga et al., 1982). Part of these interactions involve hydrogen bonds from the side-chain amide of Asn-331 to the carbonyl oxygen atoms of Thr-17 and Glu-19I that would oppose the movement of the carbonyl carbon of Leu- 18I toward Ser-195 0’. The position of this amide group is stabilized, in turn, by a hydrogen bond from Asn-361 NH to Asn-331 061. Thus, the central cy-helix serves as an anchor for the reactive bond.
1PPF|||TI17L|||[hbond]|||--- read-et-al-2002.pdf|||The next step on the pathway to hydrolysis from the observed complex would be the completionof the nucleophilic attack of Ser-195 0’ on the carbonyl carbon of Leu-18I to form the tetrahedral intermediate. We have described previously the relative movements of enzyme andinhibitor that would be required to form the tetrahedral intermediate and some interactions that would hinder these movements (Fujinaga et al., 1982). Part of these interactions involve hydrogen bonds from the side-chain amide of Asn-331 to the carbonyl oxygen atoms of Thr-17 and Glu-19I that would oppose the movement of the carbonyl carbon of Leu- 18I toward Ser-195 0’. The position of this amide group is stabilized, in turn, by a hydrogen bond from Asn-361 NH to Asn-331 061. Thus, the central cy-helix serves as an anchorfor the reactive bond.His-57 side-chain reorientation avoids close contact, as well as making H bonding to Ser-195 possibleHydrogen-Bonding Distances (A) in OMTKY3Thr-17I O- - -Am331 N  2.9ThI-17I O- - -Glu-191 O 2.5
1PPF|||TI17M|||[conformational]|||--- read-et-al-2002.pdf|||The next step on the pathway to hydrolysis from the observed complex would be the completionof the nucleophilic attack of Ser-195 0’ on the carbonyl carbon of Leu-181 to form the tetrahedral intermediate. We have described previously the relative movements of enzyme andinhibitor that would be required to form the tetrahedral intermediate and some interactions that would hinder these movements (Fujinaga et al., 1982). Part of these interactions involve hydrogen bonds from the side-chain amide of Asn-331 to the carbonyl oxygen atoms of Thr-17 and Glu-19I that would oppose the movement of the carbonyl carbon of Leu- 18I toward Ser-195 0’. The position of this amide group is stabilized, in turn, by a hydrogen bond from Asn-361 NH to Asn-331 061. Thus, the central cy-helix serves as an anchor for the reactive bond.
1PPF|||TI17M|||[hbond]|||--- read-et-al-2002.pdf|||The next step on the pathway to hydrolysis from the observed complex would be the completionof the nucleophilic attack of Ser-195 0’ on the carbonyl carbon of Leu-18I to form the tetrahedral intermediate. We have described previously the relative movements of enzyme andinhibitor that would be required to form the tetrahedral intermediate and some interactions that would hinder these movements (Fujinaga et al., 1982). Part of these interactions involve hydrogen bonds from the side-chain amide of Asn-331 to the carbonyl oxygen atoms of Thr-17 and Glu-19I that would oppose the movement of the carbonyl carbon of Leu- 18I toward Ser-195 0’. The position of this amide group is stabilized, in turn, by a hydrogen bond from Asn-361 NH to Asn-331 061. Thus, the central cy-helix serves as an anchorfor the reactive bond.His-57 side-chain reorientation avoids close contact, as well as making H bonding to Ser-195 possibleHydrogen-Bonding Distances (A) in OMTKY3Thr-17I O- - -Am331 N  2.9ThI-17I O- - -Glu-191 O 2.5
1PPF|||TI17N|||[conformational]|||--- read-et-al-2002.pdf|||The next step on the pathway to hydrolysis from the observed complex would be the completionof the nucleophilic attack of Ser-195 0’ on the carbonyl carbon of Leu-181 to form the tetrahedral intermediate. We have described previously the relative movements of enzyme andinhibitor that would be required to form the tetrahedral intermediate and some interactions that would hinder these movements (Fujinaga et al., 1982). Part of these interactions involve hydrogen bonds from the side-chain amide of Asn-331 to the carbonyl oxygen atoms of Thr-17 and Glu-19I that would oppose the movement of the carbonyl carbon of Leu- 18I toward Ser-195 0’. The position of this amide group is stabilized, in turn, by a hydrogen bond from Asn-361 NH to Asn-331 061. Thus, the central cy-helix serves as an anchor for the reactive bond.
1PPF|||TI17N|||[hbond]|||--- read-et-al-2002.pdf|||The next step on the pathway to hydrolysis from the observed complex would be the completionof the nucleophilic attack of Ser-195 0’ on the carbonyl carbon of Leu-18I to form the tetrahedral intermediate. We have described previously the relative movements of enzyme andinhibitor that would be required to form the tetrahedral intermediate and some interactions that would hinder these movements (Fujinaga et al., 1982). Part of these interactions involve hydrogen bonds from the side-chain amide of Asn-331 to the carbonyl oxygen atoms of Thr-17 and Glu-19I that would oppose the movement of the carbonyl carbon of Leu- 18I toward Ser-195 0’. The position of this amide group is stabilized, in turn, by a hydrogen bond from Asn-361 NH to Asn-331 061. Thus, the central cy-helix serves as an anchorfor the reactive bond.His-57 side-chain reorientation avoids close contact, as well as making H bonding to Ser-195 possibleHydrogen-Bonding Distances (A) in OMTKY3Thr-17I O- - -Am331 N  2.9ThI-17I O- - -Glu-191 O 2.5
1PPF|||TI17P|||[conformational]|||--- read-et-al-2002.pdf|||The next step on the pathway to hydrolysis from the observed complex would be the completionof the nucleophilic attack of Ser-195 0’ on the carbonyl carbon of Leu-181 to form the tetrahedral intermediate. We have described previously the relative movements of enzyme andinhibitor that would be required to form the tetrahedral intermediate and some interactions that would hinder these movements (Fujinaga et al., 1982). Part of these interactions involve hydrogen bonds from the side-chain amide of Asn-331 to the carbonyl oxygen atoms of Thr-17 and Glu-19I that would oppose the movement of the carbonyl carbon of Leu- 18I toward Ser-195 0’. The position of this amide group is stabilized, in turn, by a hydrogen bond from Asn-361 NH to Asn-331 061. Thus, the central cy-helix serves as an anchor for the reactive bond.
1PPF|||TI17P|||[hbond]|||--- read-et-al-2002.pdf|||The next step on the pathway to hydrolysis from the observed complex would be the completionof the nucleophilic attack of Ser-195 0’ on the carbonyl carbon of Leu-18I to form the tetrahedral intermediate. We have described previously the relative movements of enzyme andinhibitor that would be required to form the tetrahedral intermediate and some interactions that would hinder these movements (Fujinaga et al., 1982). Part of these interactions involve hydrogen bonds from the side-chain amide of Asn-331 to the carbonyl oxygen atoms of Thr-17 and Glu-19I that would oppose the movement of the carbonyl carbon of Leu- 18I toward Ser-195 0’. The position of this amide group is stabilized, in turn, by a hydrogen bond from Asn-361 NH to Asn-331 061. Thus, the central cy-helix serves as an anchorfor the reactive bond.His-57 side-chain reorientation avoids close contact, as well as making H bonding to Ser-195 possibleHydrogen-Bonding Distances (A) in OMTKY3Thr-17I O- - -Am331 N  2.9ThI-17I O- - -Glu-191 O 2.5
1PPF|||TI17Q|||[conformational]|||--- read-et-al-2002.pdf|||The next step on the pathway to hydrolysis from the observed complex would be the completionof the nucleophilic attack of Ser-195 0’ on the carbonyl carbon of Leu-181 to form the tetrahedral intermediate. We have described previously the relative movements of enzyme andinhibitor that would be required to form the tetrahedral intermediate and some interactions that would hinder these movements (Fujinaga et al., 1982). Part of these interactions involve hydrogen bonds from the side-chain amide of Asn-331 to the carbonyl oxygen atoms of Thr-17 and Glu-19I that would oppose the movement of the carbonyl carbon of Leu- 18I toward Ser-195 0’. The position of this amide group is stabilized, in turn, by a hydrogen bond from Asn-361 NH to Asn-331 061. Thus, the central cy-helix serves as an anchor for the reactive bond.
1PPF|||TI17Q|||[hbond]|||--- read-et-al-2002.pdf|||The next step on the pathway to hydrolysis from the observed complex would be the completionof the nucleophilic attack of Ser-195 0’ on the carbonyl carbon of Leu-18I to form the tetrahedral intermediate. We have described previously the relative movements of enzyme andinhibitor that would be required to form the tetrahedral intermediate and some interactions that would hinder these movements (Fujinaga et al., 1982). Part of these interactions involve hydrogen bonds from the side-chain amide of Asn-331 to the carbonyl oxygen atoms of Thr-17 and Glu-19I that would oppose the movement of the carbonyl carbon of Leu- 18I toward Ser-195 0’. The position of this amide group is stabilized, in turn, by a hydrogen bond from Asn-361 NH to Asn-331 061. Thus, the central cy-helix serves as an anchorfor the reactive bond.His-57 side-chain reorientation avoids close contact, as well as making H bonding to Ser-195 possibleHydrogen-Bonding Distances (A) in OMTKY3Thr-17I O- - -Am331 N  2.9ThI-17I O- - -Glu-191 O 2.5
1PPF|||TI17R|||[conformational]|||--- read-et-al-2002.pdf|||The next step on the pathway to hydrolysis from the observed complex would be the completionof the nucleophilic attack of Ser-195 0’ on the carbonyl carbon of Leu-181 to form the tetrahedral intermediate. We have described previously the relative movements of enzyme andinhibitor that would be required to form the tetrahedral intermediate and some interactions that would hinder these movements (Fujinaga et al., 1982). Part of these interactions involve hydrogen bonds from the side-chain amide of Asn-331 to the carbonyl oxygen atoms of Thr-17 and Glu-19I that would oppose the movement of the carbonyl carbon of Leu- 18I toward Ser-195 0’. The position of this amide group is stabilized, in turn, by a hydrogen bond from Asn-361 NH to Asn-331 061. Thus, the central cy-helix serves as an anchor for the reactive bond.
1PPF|||TI17R|||[hbond]|||--- read-et-al-2002.pdf|||The next step on the pathway to hydrolysis from the observed complex would be the completionof the nucleophilic attack of Ser-195 0’ on the carbonyl carbon of Leu-18I to form the tetrahedral intermediate. We have described previously the relative movements of enzyme andinhibitor that would be required to form the tetrahedral intermediate and some interactions that would hinder these movements (Fujinaga et al., 1982). Part of these interactions involve hydrogen bonds from the side-chain amide of Asn-331 to the carbonyl oxygen atoms of Thr-17 and Glu-19I that would oppose the movement of the carbonyl carbon of Leu- 18I toward Ser-195 0’. The position of this amide group is stabilized, in turn, by a hydrogen bond from Asn-361 NH to Asn-331 061. Thus, the central cy-helix serves as an anchorfor the reactive bond.His-57 side-chain reorientation avoids close contact, as well as making H bonding to Ser-195 possibleHydrogen-Bonding Distances (A) in OMTKY3Thr-17I O- - -Am331 N  2.9ThI-17I O- - -Glu-191 O 2.5
1PPF|||TI17S|||[conformational]|||--- read-et-al-2002.pdf|||The next step on the pathway to hydrolysis from the observed complex would be the completionof the nucleophilic attack of Ser-195 0’ on the carbonyl carbon of Leu-181 to form the tetrahedral intermediate. We have described previously the relative movements of enzyme andinhibitor that would be required to form the tetrahedral intermediate and some interactions that would hinder these movements (Fujinaga et al., 1982). Part of these interactions involve hydrogen bonds from the side-chain amide of Asn-331 to the carbonyl oxygen atoms of Thr-17 and Glu-19I that would oppose the movement of the carbonyl carbon of Leu- 18I toward Ser-195 0’. The position of this amide group is stabilized, in turn, by a hydrogen bond from Asn-361 NH to Asn-331 061. Thus, the central cy-helix serves as an anchor for the reactive bond.
1PPF|||TI17S|||[hbond]|||--- read-et-al-2002.pdf|||The next step on the pathway to hydrolysis from the observed complex would be the completionof the nucleophilic attack of Ser-195 0’ on the carbonyl carbon of Leu-18I to form the tetrahedral intermediate. We have described previously the relative movements of enzyme andinhibitor that would be required to form the tetrahedral intermediate and some interactions that would hinder these movements (Fujinaga et al., 1982). Part of these interactions involve hydrogen bonds from the side-chain amide of Asn-331 to the carbonyl oxygen atoms of Thr-17 and Glu-19I that would oppose the movement of the carbonyl carbon of Leu- 18I toward Ser-195 0’. The position of this amide group is stabilized, in turn, by a hydrogen bond from Asn-361 NH to Asn-331 061. Thus, the central cy-helix serves as an anchorfor the reactive bond.His-57 side-chain reorientation avoids close contact, as well as making H bonding to Ser-195 possibleHydrogen-Bonding Distances (A) in OMTKY3Thr-17I O- - -Am331 N  2.9ThI-17I O- - -Glu-191 O 2.5
1PPF|||TI17V|||[conformational]|||--- read-et-al-2002.pdf|||The next step on the pathway to hydrolysis from the observed complex would be the completionof the nucleophilic attack of Ser-195 0’ on the carbonyl carbon of Leu-181 to form the tetrahedral intermediate. We have described previously the relative movements of enzyme andinhibitor that would be required to form the tetrahedral intermediate and some interactions that would hinder these movements (Fujinaga et al., 1982). Part of these interactions involve hydrogen bonds from the side-chain amide of Asn-331 to the carbonyl oxygen atoms of Thr-17 and Glu-19I that would oppose the movement of the carbonyl carbon of Leu- 18I toward Ser-195 0’. The position of this amide group is stabilized, in turn, by a hydrogen bond from Asn-361 NH to Asn-331 061. Thus, the central cy-helix serves as an anchor for the reactive bond.
1PPF|||TI17V|||[hbond]|||--- read-et-al-2002.pdf|||The next step on the pathway to hydrolysis from the observed complex would be the completionof the nucleophilic attack of Ser-195 0’ on the carbonyl carbon of Leu-18I to form the tetrahedral intermediate. We have described previously the relative movements of enzyme andinhibitor that would be required to form the tetrahedral intermediate and some interactions that would hinder these movements (Fujinaga et al., 1982). Part of these interactions involve hydrogen bonds from the side-chain amide of Asn-331 to the carbonyl oxygen atoms of Thr-17 and Glu-19I that would oppose the movement of the carbonyl carbon of Leu- 18I toward Ser-195 0’. The position of this amide group is stabilized, in turn, by a hydrogen bond from Asn-361 NH to Asn-331 061. Thus, the central cy-helix serves as an anchorfor the reactive bond.His-57 side-chain reorientation avoids close contact, as well as making H bonding to Ser-195 possibleHydrogen-Bonding Distances (A) in OMTKY3Thr-17I O- - -Am331 N  2.9ThI-17I O- - -Glu-191 O 2.5
1PPF|||TI17W|||[conformational]|||--- read-et-al-2002.pdf|||The next step on the pathway to hydrolysis from the observed complex would be the completionof the nucleophilic attack of Ser-195 0’ on the carbonyl carbon of Leu-181 to form the tetrahedral intermediate. We have described previously the relative movements of enzyme andinhibitor that would be required to form the tetrahedral intermediate and some interactions that would hinder these movements (Fujinaga et al., 1982). Part of these interactions involve hydrogen bonds from the side-chain amide of Asn-331 to the carbonyl oxygen atoms of Thr-17 and Glu-19I that would oppose the movement of the carbonyl carbon of Leu- 18I toward Ser-195 0’. The position of this amide group is stabilized, in turn, by a hydrogen bond from Asn-361 NH to Asn-331 061. Thus, the central cy-helix serves as an anchor for the reactive bond.
1PPF|||TI17W|||[hbond]|||--- read-et-al-2002.pdf|||The next step on the pathway to hydrolysis from the observed complex would be the completionof the nucleophilic attack of Ser-195 0’ on the carbonyl carbon of Leu-18I to form the tetrahedral intermediate. We have described previously the relative movements of enzyme andinhibitor that would be required to form the tetrahedral intermediate and some interactions that would hinder these movements (Fujinaga et al., 1982). Part of these interactions involve hydrogen bonds from the side-chain amide of Asn-331 to the carbonyl oxygen atoms of Thr-17 and Glu-19I that would oppose the movement of the carbonyl carbon of Leu- 18I toward Ser-195 0’. The position of this amide group is stabilized, in turn, by a hydrogen bond from Asn-361 NH to Asn-331 061. Thus, the central cy-helix serves as an anchorfor the reactive bond.His-57 side-chain reorientation avoids close contact, as well as making H bonding to Ser-195 possibleHydrogen-Bonding Distances (A) in OMTKY3Thr-17I O- - -Am331 N  2.9ThI-17I O- - -Glu-191 O 2.5
1PPF|||TI17Y|||[conformational]|||--- read-et-al-2002.pdf|||The next step on the pathway to hydrolysis from the observed complex would be the completionof the nucleophilic attack of Ser-195 0’ on the carbonyl carbon of Leu-181 to form the tetrahedral intermediate. We have described previously the relative movements of enzyme andinhibitor that would be required to form the tetrahedral intermediate and some interactions that would hinder these movements (Fujinaga et al., 1982). Part of these interactions involve hydrogen bonds from the side-chain amide of Asn-331 to the carbonyl oxygen atoms of Thr-17 and Glu-19I that would oppose the movement of the carbonyl carbon of Leu- 18I toward Ser-195 0’. The position of this amide group is stabilized, in turn, by a hydrogen bond from Asn-361 NH to Asn-331 061. Thus, the central cy-helix serves as an anchor for the reactive bond.
1PPF|||TI17Y|||[hbond]|||--- read-et-al-2002.pdf|||The next step on the pathway to hydrolysis from the observed complex would be the completionof the nucleophilic attack of Ser-195 0’ on the carbonyl carbon of Leu-18I to form the tetrahedral intermediate. We have described previously the relative movements of enzyme andinhibitor that would be required to form the tetrahedral intermediate and some interactions that would hinder these movements (Fujinaga et al., 1982). Part of these interactions involve hydrogen bonds from the side-chain amide of Asn-331 to the carbonyl oxygen atoms of Thr-17 and Glu-19I that would oppose the movement of the carbonyl carbon of Leu- 18I toward Ser-195 0’. The position of this amide group is stabilized, in turn, by a hydrogen bond from Asn-361 NH to Asn-331 061. Thus, the central cy-helix serves as an anchorfor the reactive bond.His-57 side-chain reorientation avoids close contact, as well as making H bonding to Ser-195 possibleHydrogen-Bonding Distances (A) in OMTKY3Thr-17I O- - -Am331 N  2.9ThI-17I O- - -Glu-191 O 2.5
1QSE|||RC7V|||[skipped]|||-Copy of 1qse-s1074-76132980080-1.pdf|||TCR/pMHC
1R0R|||AI15C AI15D AI15E AI15F AI15G AI15H AI15I AI15K AI15L AI15M AI15N AI15P AI15Q AI15R AI15S AI15T AI15V AI15W AI15Y|||[conformational][electrostatic focusing]|||---bode1986.pdf|||The side chain of Alal5I (P4) runs parallel with Arg217. This would allow negatively charged residues at P4 and/or P5 to interact electrostatically in a favourable manner.
1R0R|||EI19A EI19C EI19D EI19F EI19G EI19H EI19I EI19K EI19L EI19M EI19N EI19P EI19Q EI19R EI19S EI19T EI19V EI19W EI19Y|||[hbond]|||--- “Structure of the Complex of Streptomyces griseus Protease B and the Third Domain of the Turkey Ovomucoid Inhibitor at 1.8-A Resolution” by Randy J. Read, Masao Fujinaga, Anita R. Sielecki, and Michael N. G. James*|||The next step on the pathway to hydrolysis from the observed complex would be the completionof the nucleophilic attack of Ser-195 0’ on the carbonyl carbon of Leu-181 to form the tetrahedral intermediate. We have described previously the relative movements of enzyme andinhibitor that would be required to form the tetrahedral intermediate and some interactions that would hinder these movements (Fujinaga et al., 1982). Part of these interactions involve hydrogen bonds from the side-chain amide of Asn-331 to the carbonyl oxygen atoms of Thr-171 and Glu-19I that would oppose the movement of the carbonyl carbon of Leu- 18I toward Ser-195 0’. The position of this amide group is stabilized, in turn, by a hydrogen bond from Asn-361 NH to Asn-331 061. Thus, the central cy-helix serves as an anchorfor the reactive bond.Hydrogen-Bonding Distances (A) in OMTKY3Glu-19I O- - -Asn-331 N 3.0Glu-19I O - - -Glu-191 N 2.9Arg-21I N- - -Gly-321O 2.7
1R0R|||EI19A EI19C EI19D EI19F EI19G EI19H EI19I EI19K EI19L EI19M EI19N EI19P EI19Q EI19R EI19S EI19T EI19V EI19W EI19Y|||[steric]|||--- “Structure of the Complex of Streptomyces griseus Protease B and the Third Domain of the Turkey Ovomucoid Inhibitor at 1.8-A Resolution” by Randy J. Read, Masao Fujinaga, Anita R. Sielecki, and Michael N. G. James*|||The next step on the pathway to hydrolysis from the observed complex would be the completionof the nucleophilic attack of Ser-195 0’ on the carbonyl carbon of Leu-181 to form the tetrahedral intermediate. We have described previously the relative movements of enzyme andinhibitor that would be required to form the tetrahedral intermediate and some interactions that would hinder these movements (Fujinaga et al., 1982). Part of these interactions involve hydrogen bonds from the side-chain amide of Asn-331 to the carbonyl oxygen atoms of Thr-171 and Glu-19I that would oppose the movement of the carbonyl carbon of Leu- 18I toward Ser-195 0’. The position of this amide group is stabilized, in turn, by a hydrogen bond from Asn-361 NH to Asn-331 061. Thus, the central cy-helix serves as an anchor for the reactive bond.
1R0R|||KI13A KI13C KI13D KI13E KI13F KI13G KI13H KI13I KI13L KI13M KI13N KI13P KI13Q KI13R KI13S KI13T KI13V KI13W KI13Y|||[hbond]|||-Structure of the Complex of Streptomyces griseus Protease B and the Third|||main-chain shift relieves bad contacts, while allowing H-bond formation.Hydrogen-Bonding Distances (A) in OMTKY3Lys-13I N- - -Asn-391N 3.1Lys-13I O- - -Am391N  3.2Hydrogen-Bond and ShortContact Distances (A) in the Active Sites of Several Serine Protease ComplexesLys-13I N- - -Tyr-17 1 O 2.9
1R0R|||LI18G LI18A LI18S LI18C LI18V LI18T LI18P LI18I LI18M LI18N LI18D LI18K LI18Q LI18E LI18H LI18F LI18R LI18Y LI18W|||[Steric]|||--The crystal and molecular structure of the third domain of silver pheasant ovomucoid (OMSVP3) Wolfram BODE, Otto EPP, Robert HUBER, Michael LASKOWSKI, Jr and Wojciech ARDELT|||Three of these changes  occur at P2(17), Pl(18) and Pl'(19)  around the reactive site. The P3 to P2' residues run as follows: Cys-16, Thr-17, Met-18, Glu- 19, Tyr-20. Thus, in contrast to OMJPQ3, which is  a trypsin inhibitor because of a  lysine residue at its PI position,  the methionine of OMSVP3 determines its  preferred  inhibitory specificity towards  chymotrypsin, elastase and subtilisin [7]. OMTKY3 differs from OMSVP3 only by a leucine residue in the PI position resulting in almost identical binding constants.
1R0R|||LI18G LI18A LI18S LI18C LI18V LI18T LI18P LI18I LI18M LI18N LI18D LI18K LI18Q LI18E LI18H LI18F LI18R LI18Y LI18W|||[Steric]|||--bode1986.pdf|||Figure 3 gives a view of the S 1-binding site showing the location of the P1 residue Leu181 between main chain segments 214-216 and 191-192 of the specificity pocket of HLE. As in the case of the porcine pancreatic elastase (PPE), the pocket is constricted towards its bottom by more bulky side chains of residues Val216, Vall90 and Asp226. Due to a smaller residue 213 (Ala) and due to a changed geometry of the loop 216-220, however, the entrance of the pocket seems to be more open. The back of this pocket, around Gly 189, is quite differently organized and contains several polar groups, including internally fixed solvent (water) molecules.
1R0R|||LI18G LI18A LI18S LI18C LI18V LI18T LI18P LI18I LI18M LI18N LI18D LI18K LI18Q LI18E LI18H LI18F LI18R LI18Y LI18W|||[hbond]|||--bode1986.pdf|||The carbonyl oxygen of the PI residue, Leu-18I, is located in the oxyanion hole (Robertus et al., 1972) and accepts one strong hydrogen bond from Gly-193 N and a weaker one from Ser-195 N.Hydrogen-Bond and ShortContact Distances (A) in the Active Sites of Several Serine Protease ComplexesLeu-18I  N- - -Ser-214 O 3.6 3.1 3.0 2.8 3.4Leu-18I  O- - -Gly-193 N 2.6 2.8 2.8 3.1 2.9Leu-18I O- - -Ser-195 N 3.1 3.2 3.2 3.2 3.1Leu-18I C- - -Ser-195 O7 2.7 2.7 2.6 1.7 2.6Favourable main chain-main chain hydrogen bonds are formed in the enzymeiAhibitor interface between Cys16I N and Val216 0, between Cysl6I 0 and Val216 N, between Leul8I N and Ser214 0, bet2454 ween Leul8I 0 and Gly 193 N and Serl95 N, and between Tyr20I N and Phe4l 0.
1R0R|||LI18G LI18A LI18S LI18C LI18V LI18T LI18P LI18I LI18M LI18N LI18D LI18K LI18Q LI18E LI18H LI18F LI18R LI18Y LI18W|||[hydrophobic]|||--The crystal and molecular structure of the third domain of silver pheasant ovomucoid (OMSVP3) Wolfram BODE, Otto EPP, Robert HUBER, Michael LASKOWSKI, Jr and Wojciech ARDELT--bode1986.pdf|||Three of these changes  occur at P2(17), Pl(18) and Pl'(19)  around the reactive site. The P3 to P2' residues run as follows: Cys-16, Thr-17, Met-18, Glu- 19, Tyr-20. Thus, in contrast to OMJPQ3, which is  a trypsin inhibitor because of a  lysine residue at its PI position,  the methionine of OMSVP3 determines its  preferred  inhibitory specificity towards  chymotrypsin, elastase and subtilisin [7]. OMTKY3 differs from OMSVP3 only by a leucine residue in the PI position resulting in almost identical binding constants.
1R0R|||PI14A PI14C PI14D PI14E PI14F PI14G PI14H PI14I PI14K PI14L PI14M PI14N PI14Q PI14R PI14S PI14T PI14V PI14W PI14Y|||[hbond]|||---fujinaga1987.pdf|||Hydrogen bond and short contact distances (d) in the active sites of three serine proteinase protein complexesPro141 0.. Ser218 N 3.0
1R0R|||RI21A RI21C RI21D RI21E RI21F RI21G RI21H RI21I RI21K RI21L RI21M RI21N RI21P RI21Q RI21S RI21T RI21V RI21W RI21Y|||[not documented]|||--- “Structure of the Complex of Streptomyces griseus Protease B and the Third Domain of the Turkey Ovomucoid Inhibitor at 1.8-A Resolution” by Randy J. Read, Masao Fujinaga, Anita R. Sielecki, and Michael N. G. James*|||Hydrogen-Bonding Distances (A) in OMTKY3Arg-21I N- - -Gly-321O 2.7The three terminal atoms of the Arg-21I side chain have B factors of about 50 A’, and no associated density can be seen at the contour level used in the figure. As mentioned before, the N-terminal region of the inhibitor is disordered, and Figure 8C shows that there is very little electron density in this area. The extent of disorder can also be appreciated from the very high B factors of these residues (Figure 5)
1R0R|||RI21A RI21C RI21D RI21E RI21F RI21G RI21H RI21I RI21K RI21L RI21M RI21N RI21P RI21Q RI21S RI21T RI21V RI21W RI21Y|||[note]|||--- “Structure of the Complex of Streptomyces griseus Protease B and the Third Domain of the Turkey Ovomucoid Inhibitor at 1.8-A Resolution” by Randy J. Read, Masao Fujinaga, Anita R. Sielecki, and Michael N. G. James*|||Not a strong enough statement to state hydrogen bond or electrostatic interaction
1R0R|||TI17A TI17C TI17D TI17E TI17F TI17G TI17H TI17I TI17K TI17L TI17M TI17N TI17P TI17Q TI17R TI17S TI17V TI17W TI17Y|||[conformational]|||--- “Structure of the Complex of Streptomyces griseus Protease B and the Third Domain of the Turkey Ovomucoid Inhibitor at 1.8-A Resolution” by Randy J. Read, Masao Fujinaga, Anita R. Sielecki, and Michael N. G. James*|||The next step on the pathway to hydrolysis from the observed complex would be the completionof the nucleophilic attack of Ser-195 0’ on the carbonyl carbon of Leu-181 to form the tetrahedral intermediate. We have described previously the relative movements of enzyme andinhibitor that would be required to form the tetrahedral intermediate and some interactions that would hinder these movements (Fujinaga et al., 1982). Part of these interactions involve hydrogen bonds from the side-chain amide of Asn-331 to the carbonyl oxygen atoms of Thr-17 and Glu-19I that would oppose the movement of the carbonyl carbon of Leu- 18I toward Ser-195 0’. The position of this amide group is stabilized, in turn, by a hydrogen bond from Asn-361 NH to Asn-331 061. Thus, the central cy-helix serves as an anchor for the reactive bond.
1R0R|||TI17A TI17C TI17D TI17E TI17F TI17G TI17H TI17I TI17K TI17L TI17M TI17N TI17P TI17Q TI17R TI17S TI17V TI17W TI17Y|||[hbond]|||--- “Structure of the Complex of Streptomyces griseus Protease B and the Third Domain of the Turkey Ovomucoid Inhibitor at 1.8-A Resolution” by Randy J. Read, Masao Fujinaga, Anita R. Sielecki, and Michael N. G. James*|||The next step on the pathway to hydrolysis from the observed complex would be the completionof the nucleophilic attack of Ser-195 0’ on the carbonyl carbon of Leu-18I to form the tetrahedral intermediate. We have described previously the relative movements of enzyme andinhibitor that would be required to form the tetrahedral intermediate and some interactions that would hinder these movements (Fujinaga et al., 1982). Part of these interactions involve hydrogen bonds from the side-chain amide of Asn-331 to the carbonyl oxygen atoms of Thr-17 and Glu-19I that would oppose the movement of the carbonyl carbon of Leu- 18I toward Ser-195 0’. The position of this amide group is stabilized, in turn, by a hydrogen bond from Asn-361 NH to Asn-331 061. Thus, the central cy-helix serves as an anchorfor the reactive bond.His-57 side-chain reorientation avoids close contact, as well as making H bonding to Ser-195 possibleHydrogen-Bonding Distances (A) in OMTKY3Thr-17I O- - -Am331 N  2.9ThI-17I O- - -Glu-191 O 2.5
1R0R|||YI20A YI20C YI20D YI20E YI20F YI20G YI20H YI20I YI20K YI20L YI20M YI20N YI20P YI20Q YI20R YI20S YI20T YI20V YI20W|||[hbond]|||--- “Structure of the Complex of Streptomyces griseus Protease B and the Third Domain of the Turkey Ovomucoid Inhibitor at 1.8-A Resolution” by Randy J. Read, Masao Fujinaga, Anita R. Sielecki, and Michael N. G. James*|||Antiparallel hydrogen bonds are observed also between the Pi Tyr-20i and Arg-41 in SGPB.Hydrogen-Bond and ShortContact Distances (A) in the Active Sites of Several Serine Protease ComplexesTyr-20I N- - -Arg-41 0 2.8Tyr-20I O- - -Arg-41 N 3.2Favourable main chain-main chain hydrogen bonds are formed in the enzymeiAhibitor interface between Cys16I N and Val216 0, between Cysl6I 0 and Val216 N, between Leul8I N and Ser214 0, bet2454 ween Leul8I 0 and Gly 193 N and Serl95 N, and between Tyr20I N and Phe4l 0.
1REW|||QC86A|||[Hydrophobic]|||-nsmb756.pdf|||The binding epitope of BMP-2 is highly hydrophobic, with almost 60% of the contact surface area of 1,150 Å2 provided by hydrophobic residues
1REW|||QC86A|||[Water mediated HBond]|||-nsmb756.pdf|||A further distinctive feature of the contact between BMP-2 and BRIA is the small number of water molecules in the interface. They are located in the core of the contact surrounding the functionally important hydrogen bonds between the receptor Gln86 (NE2, OE1) and BMP-2 Leu51 (N, O)All the water molecules form a hydrogen-bonding network with BRIA Gln86 and surrounding neighbors. Aside from their possible function in the formation and stabilization of the intermolecular bidentate hydrogen bonds between BMP-2 Leu51 and BRIA Gln86, these water molecules could also serve as mobile spatial building blocks to allow adaptation to different surface shapes of different binding partners.
1S0W|||AC1142F|||[salt bridge]|||-pnas.0407280102|||The structure of the single mutant F142A of BLIP (located at the center of C2) reveals a more complex picture (Fig. 3C). This structure shows a number of local perturbations around the mutated F142A residue. For example, TEM1 Y105 flips away from its place in C2 and takes on a new role as part of C4. Secondly, small but significant movements of both K74(BLIP) and E104(TEM1) result in an unraveling of this important salt bridge. The distance between these two residues is increased from 2.68 Å in the WT proteins to 4.45 Å in the F142A mutant (Fig. 3C). Overall, the whole organization of C2 seems to be affected by the F142A mutation.the F142A mutant structure seems to suggest that the energetic importance of F142 in stabilizing the complex is related to its role in structuring C2. The structure of the complex of TEM-WT with BLIP (F142A) provides a logical explanation for the chaotic energetic picture of this mutant, which is very much dependent on its environment
1S1Q|||DA46A|||[hbond]|||-1s1q-000.pdf|||Alanine substitutions of b-tongue residues (Val43, Asn45, Asp46) and a hydrophobic sheet residue (Phe88) signicantly reduced Tsg101 UEV binding to both p6±Ub and Ub alone (>3-fold) without affecting p6 binding.Figure 1. All of these side chains mediate direct interactions, except for UEV Asp46, whose carboxylate forms a hydrogen bonding interaction that stabilizes the -tongue conformation
1S1Q|||FA44A|||[not documented]|||-1s1q-000.pdf|||Alanine substitutions of b-tongue residues (Val43, Asn45, Asp46) and a hydrophobic sheet residue (Phe88) signicantly reduced Tsg101 UEV binding to both p6±Ub and Ub alone (>3-fold) without affecting p6 binding.
1S1Q|||FA88A|||[not documented]|||-1s1q-000.pdf|||Alanine substitutions of b-tongue residues (Val43, Asn45, Asp46) and a hydrophobic sheet residue (Phe88) signicantly reduced Tsg101 UEV binding to both p6±Ub and Ub alone (>3-fold) without affecting p6 binding.
1S1Q|||NA45A|||[steric]|||-1s1q-000.pdf|||Alanine substitutions of b-tongue residues (Val43, Asn45, Asp46) and a hydrophobic sheet residue (Phe88) signicantly reduced Tsg101 UEV binding to both p6±Ub and Ub alone (>3-fold) without affecting p6 binding.All of these side chains mediate direct interactions, except for UEV Asp46, whose carboxylate forms a hydrogen bonding interaction that stabilizes the -tongue conformation
1S1Q|||VA43A|||[steric]|||-1s1q-000.pdf|||Alanine substitutions of b-tongue residues (Val43, Asn45, Asp46) and a hydrophobic sheet residue (Phe88) signicantly reduced Tsg101 UEV binding to both p6±Ub and Ub alone (>3-fold) without affecting p6 binding.All of these side chains mediate direct interactions, except for UEV Asp46, whose carboxylate forms a hydrogen bonding interaction that stabilizes the -tongue conformation
1S1Q|||WA75A|||[not documented]|||-1s1q-000.pdf|||Substitution of Trp75, which is exposed on the hydrophobic surface, did not significantly affect the ubiquitin-binding activity of Tsg101 UEV. This was unexpected, as the indole N-H of Trp75 is significantly shifted during Ub titration.
1SBN|||RI45K|||[electrostatic]|||-1-s2.0-002228369190549L-main|||The carboxyl group of Glu156 (Ser156 in subtilisin is located in the active site cleft at a distance of 3.9 A to a Nq’-atom of the guanidinium group of Arg45. Weak electrostatic interactions between these groups could partly compensate for the positive charge of Arg45
1SBN|||RI45K|||[hbond]|||-1-s2.0-002228369190549L-main|||The number of close contacts ( <4 A) and possible hydrogen bonds between inhibitor and enzyme was compared (Table 3). Only 117 close contacts were found for the complex between R45NOV0, compared to 135 found in WTCARL. The seven possible hydrogen bonds between main-chain atoms were equivalent in both complexes. Significant differences in the interactions with the enzyme were observed for Gly40 (P6), Pro42 (P4) and Arg48 (P3’). Gly40, engaged in 15 close contacts with the subtilisin Carlsberg residues Gly128 to Ser130 and Tyrl04, does not substantially interact with subtilisin Novo. This is a consequence of the hinge movement of eglin in the proximity of Pro42, which moves Gly40 about 1.5 A away from the enzymeThe side-chain of Arg45 points into the large cleft formed by subtilisin segments Ser125 to Pro129, Va1165 to Tyr167 and Ala152 to Asn155 (Fig. 12). Its extended conformation lies nearly parallel to the stretch of Leu126 to Gly127. Only two possible hydrogen bonds (3.2 A) between the guanidinium group of Arg45 and subtilisin Novo (main-chain oxygen atoms of Gly127 and Gly128) were found. The guanidinium group forms an additional five hydrogen bonds with highly crossconnected solvent molecules, two of which are found in subtilisin Carlsberg. Two solvent molecules found in subtilisin Carlsberg (complexed with wild-type eglin) are replaced by the side-chain of Arg45. Arg45, forms hydrogen bonds with these solvent molecules and the carbonyl oxygen atom of Gly127.
1SBN|||RI45K|||[hydrophobic]|||--1-s2.0-002228369190549L-main|||The loss of these interactions is partly compensated by an increased number of interactions (20 instead of 13) of the P4 residue (Pro42) with the well-formed hydrophobic 54 pocket (Fig. 11). In particular, five additional contacts are found between Pro42 and Tyr104, which stacks on top of the pyrrolidine ring of Pro42. These hydrophobic interactions are almost as important for the reactivity of inhibitors with subtilisins as the Pl-Sl interactions (Powers et al., 1977; Hirono et al., 1984). The inhibitor segment Pro42 to Arg45 is favorably integrated as a central strand in a twisted three-stranded antiparallel P-sheet formed with the subtilisin segments Ser125 to Gly127 and GlylOO to Gly102, as was %lso observed for the complex with subtilisin Carlsberg.
1SGD|||DI18L|||[steric]|||-8535235.pdf|||The most significant difference between the two structures is the shift of the residues forming one side of the SI specificity pocket (Gly 21 5-Ser 21 7). This segment of polypeptide makes only a few direct contacts with the PI residue (the closest contact is 3.8 A between Gly 215 C" of SGPB and Leu 18 C*' of OMTKY3). In response to the binding of the inhibitor, this loop moves from the native position in a concerted manner closer to the side chain of Leu 18 of OMTKY3 as if drawn by it. The C atom of Gly 216 of SGPB makes the largest shift, 0.7 A toward the side chain of Leu 18 of OMTKY3. It should be noted that this conformational change in SGPB takes place only in the Leu" variant complex.
1SMF|||EI16A|||[not documented]|||-RCSB-main.pdf|||
1SMF|||II13A|||[hbond]|||-RCSB-main.pdf|||NH (Ile13I) forms a hydrogen bond to CO (Phe41)
1SMF|||SI12A|||[hbond]|||-RCSB-main.pdf|||All the hydrogen binding residues of the inhibitor arebelong to the primary binding segment, Cys9I-Thr10-Lys11I-Ser12I-Ile13I
1SMF|||TI10A|||[hbond]|||-RCSB-main.pdf|||
1TM1|||EI60A|||[Hbond] [Salt bridge]|||-1tm1-bi048797k-same-as-1tm7|||hydrogen bonds and a salt bridge between Glu-60 and Arg-62 and Arg-65.The hydrogen bonding and salt bridge network within the active site loop,which is a characteristic of potato inhibitor I family of inhibitors, is essential for the inhibitory activity of the protein.
1TM1|||EI60A|||[Hbond]|||-1tm1-bi048797k-same-as-1tm7|||Mutation of either Thr-58 or Glu-60 to alanine results in a decrease in stability of 0.7 f 0.1 kcalmol-’. These values reflect the loss of hydrogen bonds between the hydroxyl group of Thr-58 with Glu-60 and Arg-67
1TM1|||EI60S|||[Hbond] [Salt bridge]|||-1tm1-bi048797k-same-as-1tm7|||hydrogen bonds and a salt bridge between Glu-60 and Arg-62 and Arg-65.The hydrogen bonding and salt bridge network within the active site loop,which is a characteristic of potato inhibitor I family of inhibitors, is essential for the inhibitory activity of the protein.
1TM1|||EI60S|||[Hbond]|||-1tm1-bi048797k-same-as-1tm7|||Mutation of either Thr-58 or Glu-60 to alanine results in a decrease in stability of 0.7 f 0.1 kcalmol-’. These values reflect the loss of hydrogen bonds between the hydroxyl group of Thr-58 with Glu-60 and Arg-67
1TM1|||RI62A|||[Hbond] [Salt bridge]|||-1tm1-bi048797k-same-as-1tm7|||hydrogen bonds and a salt bridge between Glu-60 and Arg-62 and Arg-65.The hydrogen bonding and salt bridge network within the active site loop,which is a characteristic of potato inhibitor I family of inhibitors, is essential for the inhibitory activity of the protein.
1TM1|||RI62A|||[Hbond]|||-1tm1-bi048797k-same-as-1tm7|||
1TM1|||RI67A|||[HBond] [electrostatic]|||-1tm1-bi048797k-same-as-1tm7|||Two highly conserved arginine residues, Arg-65 and Arg-67, stabilize the reactive site loop through hydrogen-bonding and electrostatic interactions with Thr-58 and Glu-60
1TM1|||RI67C|||[HBond] [electrostatic]|||-1tm1-bi048797k-same-as-1tm7|||Two highly conserved arginine residues, Arg-65 and Arg-67, stabilize the reactive site loop through hydrogen-bonding and electrostatic interactions with Thr-58 and Glu-60
1TM1|||TI58A|||[Hbond]|||-1tm1-bi048797k-same-as-1tm7|||Mutation of either Thr-58 or Glu-60 to alanine results in a decrease in stability of 0.7 f 0.1 kcalmol-’. These values reflect the loss of hydrogen bonds between the hydroxyl group of Thr-58 with Glu-60 and Arg-67
1TM1|||TI58D|||[Hbond]|||-1tm1-bi048797k-same-as-1tm7|||Mutation of either Thr-58 or Glu-60 to alanine results in a decrease in stability of 0.7 f 0.1 kcalmol-’. These values reflect the loss of hydrogen bonds between the hydroxyl group of Thr-58 with Glu-60 and Arg-67
1TM1|||TI58P|||[Hbond]|||-1tm1-bi048797k-same-as-1tm7|||Mutation of either Thr-58 or Glu-60 to alanine results in a decrease in stability of 0.7 f 0.1 kcalmol-’. These values reflect the loss of hydrogen bonds between the hydroxyl group of Thr-58 with Glu-60 and Arg-67
1TM1|||YI61A|||[Electrostatic]|||-1tm1-bi048797k-same-as-1tm7|||On the leaving group R¢ side of the scissile bond, the P2¢ residue Tyr 61 shows the closestassociation with the enzyme, forming an aromatic ringstacking interaction with Phe 189 of subtilisin (12); accordingly,Tyr 61 of CI2 was mutated to Ala, altering thesefavorable contacts.We found that mutation of Tyr 61 has a substantially greater impacton CI2 function than mutation of Met 59, consistent withour prediction of the leaving-group importance in the mechanismof inhibition, and that the larger effect of the Tyr 61mutation is manifest both through an increased inhibitionconstant, which reflects a decrease in binding affinity, andthrough an increased rate of enzymatic hydrolysisMI59Y, MI59F, MI59A, MI59K, MI59G:We chose the P1 Met 59 residue of CI2, which immediatelyprecedes the cleavage point and binds in the S1 primaryspecificity subsite of subtilisin, as the main target of study.The CI2 P1 residue was mutated to Phe and Tyr, which arethe most preferred P1 residues for subtilisin (7-9), Lys,which is proposed to form stabilizing electrostatic interactionswith the enzyme (10, 11), and Ala and Gly, which removelarge hydrophobic side-chain contacts and potentially allowgreater backbone mobility
1TM1|||YI61G|||[Steric]|||-1tm1-bi048797k-same-as-1tm7|||On the leaving group R¢ side of the scissile bond, the P2¢ residue Tyr 61 shows the closestassociation with the enzyme, forming an aromatic ringstacking interaction with Phe 189 of subtilisin (12); accordingly,Tyr 61 of CI2 was mutated to Ala, altering thesefavorable contacts.We found that mutation of Tyr 61 has a substantially greater impacton CI2 function than mutation of Met 59, consistent withour prediction of the leaving-group importance in the mechanismof inhibition, and that the larger effect of the Tyr 61mutation is manifest both through an increased inhibitionconstant, which reflects a decrease in binding affinity, andthrough an increased rate of enzymatic hydrolysis
1VFB|||DB100A|||[hbond][hbond-waterMediated][hbond-internal]|||-- 1vfb-pnas.91.3.1089.pdf|||VH Arg99 (H99R) which is hydrogen-bonded to VH Asp100 in the free Fv, moves away upon complex formation to interact with HEL Gly102 0 (not shown). VH Asp100 itself shifts and forms hydrogen bonds with HEL Ser24 N and 0, leaving a water molecule bound by the free Fv to bind to HEL Asn27.
1VFB|||DB54A|||[not documented]|||-- 1vfb-pnas.91.3.1089.pdf|||
1VFB|||DC119A|||[not documented]|||-- 1vfb-pnas.91.3.1089.pdf|||
1VFB|||DC18A|||[hbond][hbond-waterMediated]|||-- 1vfb-pnas.91.3.1089.pdf|||VL Tyr32 OH (2.75 A)-H20 (3.0 A)-HEL Asp18 081.
1VFB|||GB31A|||[not documented]|||-- 1vfb-pnas.91.3.1089.pdf|||
1VFB|||GB31E|||[not documented]|||-- 1vfb-pnas.91.3.1089.pdf|||
1VFB|||GB31W|||[not documented]|||-- 1vfb-pnas.91.3.1089.pdf|||
1VFB|||HA30A|||[not documented]|||-- 1vfb-pnas.91.3.1089.pdf|||
1VFB|||IC124A|||[not documented]|||-- 1vfb-pnas.91.3.1089.pdf|||
1VFB|||KC116A|||[hbond][hbond-waterMediated][vanDerWaals]|||-- 1vfb-pnas.91.3.1089.pdf|||An example of main-chain interactions is VH Thb3r 0 (2.8 A)-H20 (2.9 A)-HEL Lys116 0.
1VFB|||LC129A|||[hbond][hbond-waterMediated]|||-- 1vfb-pnas.91.3.1089.pdf|||VL Tyr50 OH (3.1 A)-H20 (2.9 A)-H2O (2.9 A)-HEL carboxyl-terminal Leu129.
1VFB|||NC19A|||[hbond][hbond-waterMediated]|||-- 1vfb-pnas.91.3.1089.pdf|||Figure 2. The third water (from the bottom) makes hydrogen bonds with Gly22 0 (3.1 A) and with Asn19 O (2.8 A) of the antigen.
1VFB|||QC121A|||[not documented]|||-- 1vfb-pnas.91.3.1089.pdf|||
1VFB|||RB99A|||[hbond-internal]|||-- 1vfb-pnas.91.3.1089.pdf|||VH Arg99 (H99R) which is hydrogen-bonded to VH Asp100 in the free Fv, moves away upon complex formation to interact with HEL Gly102 0 (not shown). VH Asp100 itself shifts and forms hydrogen bonds with HEL Ser24 N and 0, leaving a water molecule bound by the free Fv to bind to HEL Asn27.
1VFB|||RB99W|||[hbond-internal]|||-- 1vfb-pnas.91.3.1089.pdf|||VH Arg99 (H99R) which is hydrogen-bonded to VH Asp100 in the free Fv, moves away upon complex formation to interact with HEL Gly102 0 (not shown). VH Asp100 itself shifts and forms hydrogen bonds with HEL Ser24 N and 0, leaving a water molecule bound by the free Fv to bind to HEL Asn27.
1VFB|||RB99Y|||[hbond-internal]|||-- 1vfb-pnas.91.3.1089.pdf|||VH Arg99 (H99R) which is hydrogen-bonded to VH Asp100 in the free Fv, moves away upon complex formation to interact with HEL Gly102 0 (not shown). VH Asp100 itself shifts and forms hydrogen bonds with HEL Ser24 N and 0, leaving a water molecule bound by the free Fv to bind to HEL Asn27.
1VFB|||RC125A|||[not documented]|||-- 1vfb-pnas.91.3.1089.pdf|||
1VFB|||SA93A|||[not documented]|||-- 1vfb-pnas.91.3.1089.pdf|||
1VFB|||SC24A|||[hbond][hbond-waterMediated]|||-- 1vfb-pnas.91.3.1089.pdf|||Examples of side chain-water-side chain (or main chain) interactions are VL Tyr32 OH (2.9 A)-H2O with HEL Ser24 OV (2.8 A) and with Gly26 N (2.9 A).
1VFB|||TA52F|||[not documented]|||-- 1vfb-pnas.91.3.1089.pdf|||
1VFB|||TA53R|||[not documented] [note]|||-- 1vfb-pnas.91.3.1089.pdf|||In fact, the largest increase in conformational entropy (a rise of 5.2 in B) is seen for an aromatic residue, VL Tyr53, at variance with the notion that aromatic residues minimize loss of conformational entropy when compared with nonaromatic ones.
1VFB|||TB30A|||[hbond][hbond-waterMediated][vanDerWaals]|||-- 1vfb-pnas.91.3.1089.pdf|||An example of main-chain interactions is VH Thb3r 0 (2.8 A)-H20 (2.9 A)-HEL Lys116 0.
1VFB|||TC118A|||[not documented]|||-- 1vfb-pnas.91.3.1089.pdf|||
1VFB|||VC120A|||[not documented]|||-- 1vfb-pnas.91.3.1089.pdf|||
1VFB|||WA92A|||[not documented]|||-- 1vfb-pnas.91.3.1089.pdf|||
1VFB|||WB52A|||[not documented]|||-- 1vfb-pnas.91.3.1089.pdf|||
1VFB|||YA32A|||[hbond][hbond-waterMediated]|||-- 1vfb-pnas.91.3.1089.pdf|||VL Tyr32 OH (2.75 A)-H20 (3.0 A)-HEL Asp18 081.
1VFB|||YA49A|||[not documented]|||-- 1vfb-pnas.91.3.1089.pdf|||
1VFB|||YA50A|||[hbond][hbond-waterMediated]|||-- 1vfb-pnas.91.3.1089.pdf|||VL Tyr50 OH (3.1 A)-H20 (2.9 A)-H2O (2.9 A)-HEL carboxyl-terminal Leu129.
1VFB|||YA50K|||[hbond][hbond-waterMediated]|||-- 1vfb-pnas.91.3.1089.pdf|||VL Tyr50 OH (3.1 A)-H20 (2.9 A)-H2O (2.9 A)-HEL carboxyl-terminal Leu129.
1VFB|||YA50R|||[hbond][hbond-waterMediated]|||-- 1vfb-pnas.91.3.1089.pdf|||VL Tyr50 OH (3.1 A)-H20 (2.9 A)-H2O (2.9 A)-HEL carboxyl-terminal Leu129.
1VFB|||YB101F|||[hbond][hbond-waterMediated][vanDerWaals]|||-- 1vfb-pnas.91.3.1089.pdf|||water no. 779 hydrogen bonds to VH Tyr101 0 (2.9 A) and connects to HEL Asp18 Ob' and to HEL Gly22 main-chain through two additional waters.
1VFB|||YB32A|||[not documented]|||-- 1vfb-pnas.91.3.1089.pdf|||
1VFB|||YB32E|||[not documented]|||-- 1vfb-pnas.91.3.1089.pdf|||
1VFB|||YC23A|||[not documented]||||||
1XD3|||DB39A|||[not documented]||||||
1XD3|||HB68N|||[no electrostatic]|||--1xd3-000.pdf|||Table 1 shows that mutation of R74, R72, R54 and K6 to remove the charge had the largest effect on binding, while removing the charge at K27 and H68 had little effect on binding.
1XD3|||IB44A|||[not documented]||||||
1XD3|||KB11R|||[electrostatic]|||--1xd3-000.pdf|||Small rotations of the side-chain of K6,K11, and R72 are all that are necessary to bringthese positive charges within 4 AÊ of compensatingnegative charges on UCH-L3.
1XD3|||KB11R||||||-- indicate what proteins are which chains in the PDB file.    Example.|||
1XD3|||KB27A|||[no electrostatic]|||--1xd3-000.pdf|||Table 1 shows that mutation of R74, R72, R54 and K6 to remove the charge had the largest effect on binding, while removing the charge at K27 and H68 had little effect on binding.
1XD3|||KB27R|||[no electrostatic]|||--1xd3-000.pdf|||Table 1 shows that mutation of R74, R72, R54 and K6 to remove the charge had the largest effect on binding, while removing the charge at K27 and H68 had little effect on binding.
1XD3|||KB6A|||[electrostatic]|||--1xd3-000.pdf|||Small rotations of the side-chain of K6,K11, and R72 are all that are necessary to bringthese positive charges within 4 AÊ of compensatingnegative charges on UCH-L3.
1XD3|||KB6A||||||--1xd3-000.pdf|||Table 1 shows that mutation of R74, R72, R54 and K6 to remove the charge had the largest effect on binding, while removing the charge at K27 and H68 had little effect on binding.
1XD3|||KB6R|||[electrostatic]|||--1xd3-000.pdf|||Small rotations of the side-chain of K6,K11, and R72 are all that are necessary to bringthese positive charges within 4 AÊ of compensatingnegative charges on UCH-L3.
1XD3|||KB6R||||||--1xd3-000.pdf|||Table 1 shows that mutation of R74, R72, R54 and K6 to remove the charge had the largest effect on binding, while removing the charge at K27 and H68 had little effect on binding.
1XD3|||LB8A|||[close contacts]|||--1xd3-000.pdf|||L8 on ubiquitin forms close contacts with V34, Y35, N223, and A224 on UCH-L3.
1XD3|||RB42L|||[not documented]||||||
1XD3|||RB72L|||[electrostatic]|||--1xd3-000.pdf|||Small rotations of the side-chain of K6,K11, and R72 are all that are necessary to bringthese positive charges within 4 AÊ of compensatingnegative charges on UCH-L3.
1XD3|||RB72L||||||--1xd3-000.pdf|||Table 1 shows that mutation of R74, R72, R54 and K6 to remove the charge had the largest effect on binding, while removing the charge at K27 and H68 had little effect on binding.
1XD3|||RB74L|||[electrostatic]|||--1xd3-000.pdf|||Table 1 shows that mutation of R74, R72, R54 and K6 to remove the charge had the largest effect on binding, while removing the charge at K27 and H68 had little effect on binding.
1XGP 1XGQ 1XGR 1XGT 1XGU|||AB33F|||[no contacts]||||||Figure 5. Van der Waals contacts between residue VH33 and HEL are represented as thick dotted lines; contacts between this residue and adjacent antibody residues are drawn as thin dotted lines. (A) VHPhe33-HEL. (B) VHLeu33-HEL. (C) VHIle33-HEL. (D) VHVal33-HEL. (E) VHAla33-HEL.
1XGP 1XGQ 1XGR 1XGT 1XGU|||AB33F|||[note] [adds 6 vanDerWaals contacts]|||-- 1xgp-j.str.2004.12.012-same-as-1xgq.pdf|||VH F33 has the most number of vanDerWaals contacts, VH L33, VH I33 and VH V33 each have one, VH A33 has no vanDerWaals contacts.
1XGP 1XGQ 1XGR 1XGT 1XGU|||AB33I|||[no contacts]||||||Figure 5. Van der Waals contacts between residue VH33 and HEL are represented as thick dotted lines; contacts between this residue and adjacent antibody residues are drawn as thin dotted lines. (A) VHPhe33-HEL. (B) VHLeu33-HEL. (C) VHIle33-HEL. (D) VHVal33-HEL. (E) VHAla33-HEL.
1XGP 1XGQ 1XGR 1XGT 1XGU|||AB33I|||[note] [adds 1 vanDerWaals contacts]|||-- 1xgp-j.str.2004.12.012-same-as-1xgq.pdf|||VH F33 has the most number of vanDerWaals contacts, VH L33, VH I33 and VH V33 each have one, VH A33 has no vanDerWaals contacts.
1XGP 1XGQ 1XGR 1XGT 1XGU|||AB33L|||[no contacts]||||||Figure 5. Van der Waals contacts between residue VH33 and HEL are represented as thick dotted lines; contacts between this residue and adjacent antibody residues are drawn as thin dotted lines. (A) VHPhe33-HEL. (B) VHLeu33-HEL. (C) VHIle33-HEL. (D) VHVal33-HEL. (E) VHAla33-HEL.
1XGP 1XGQ 1XGR 1XGT 1XGU|||AB33L|||[note] [adds 1 vanDerWaals contacts]|||-- 1xgp-j.str.2004.12.012-same-as-1xgq.pdf|||VH F33 has the most number of vanDerWaals contacts, VH L33, VH I33 and VH V33 each have one, VH A33 has no vanDerWaals contacts.
1XGP 1XGQ 1XGR 1XGT 1XGU|||AB33V|||[no contacts]||||||Figure 5. Van der Waals contacts between residue VH33 and HEL are represented as thick dotted lines; contacts between this residue and adjacent antibody residues are drawn as thin dotted lines. (A) VHPhe33-HEL. (B) VHLeu33-HEL. (C) VHIle33-HEL. (D) VHVal33-HEL. (E) VHAla33-HEL.
1XGP 1XGQ 1XGR 1XGT 1XGU|||AB33V|||[note] [adds 1 vanDerWaals contacts]|||-- 1xgp-j.str.2004.12.012-same-as-1xgq.pdf|||VH F33 has the most number of vanDerWaals contacts, VH L33, VH I33 and VH V33 each have one, VH A33 has no vanDerWaals contacts.
1XGP 1XGQ 1XGR 1XGT 1XGU|||FB33A|||[note] [loses 6 vanDerWaals contacts]|||-- 1xgp-j.str.2004.12.012-same-as-1xgq.pdf|||VH F33 has the most number of vanDerWaals contacts, VH L33, VH I33 and VH V33 each have one, VH A33 has no vanDerWaals contacts.
1XGP 1XGQ 1XGR 1XGT 1XGU|||FB33A|||[vanDerWaals]||||||Figure 5. Van der Waals contacts between residue VH33 and HEL are represented as thick dotted lines; contacts between this residue and adjacent antibody residues are drawn as thin dotted lines. (A) VHPhe33-HEL. (B) VHLeu33-HEL. (C) VHIle33-HEL. (D) VHVal33-HEL. (E) VHAla33-HEL.
1XGP 1XGQ 1XGR 1XGT 1XGU|||FB33I|||[note] [loses 5 vanDerWaals contacts]|||-- 1xgp-j.str.2004.12.012-same-as-1xgq.pdf|||VH F33 has the most number of vanDerWaals contacts, VH L33, VH I33 and VH V33 each have one, VH A33 has no vanDerWaals contacts.
1XGP 1XGQ 1XGR 1XGT 1XGU|||FB33I|||[vanDerWaals]||||||Figure 5. Van der Waals contacts between residue VH33 and HEL are represented as thick dotted lines; contacts between this residue and adjacent antibody residues are drawn as thin dotted lines. (A) VHPhe33-HEL. (B) VHLeu33-HEL. (C) VHIle33-HEL. (D) VHVal33-HEL. (E) VHAla33-HEL.
1XGP 1XGQ 1XGR 1XGT 1XGU|||FB33L|||[note] [loses 5 vanDerWaals contacts]|||-- 1xgp-j.str.2004.12.012-same-as-1xgq.pdf|||VH F33 has the most number of vanDerWaals contacts, VH L33, VH I33 and VH V33 each have one, VH A33 has no vanDerWaals contacts.
1XGP 1XGQ 1XGR 1XGT 1XGU|||FB33L|||[vanDerWaals]||||||Figure 5. Van der Waals contacts between residue VH33 and HEL are represented as thick dotted lines; contacts between this residue and adjacent antibody residues are drawn as thin dotted lines. (A) VHPhe33-HEL. (B) VHLeu33-HEL. (C) VHIle33-HEL. (D) VHVal33-HEL. (E) VHAla33-HEL.
1XGP 1XGQ 1XGR 1XGT 1XGU|||IB33A|||[vanDerWaals]|||-- 1xgp-j.str.2004.12.012-same-as-1xgq.pdf|||Figure 5. Van der Waals contacts between residue VH33 and HEL are represented as thick dotted lines; contacts between this residue and adjacent antibody residues are drawn as thin dotted lines. (A) VHPhe33-HEL. (B) VHLeu33-HEL. (C) VHIle33-HEL. (D) VHVal33-HEL. (E) VHAla33-HEL.
1XGP 1XGQ 1XGR 1XGT 1XGU|||IB33F|||[vanDerWaals]|||-- 1xgp-j.str.2004.12.012-same-as-1xgq.pdf|||Figure 5. Van der Waals contacts between residue VH33 and HEL are represented as thick dotted lines; contacts between this residue and adjacent antibody residues are drawn as thin dotted lines. (A) VHPhe33-HEL. (B) VHLeu33-HEL. (C) VHIle33-HEL. (D) VHVal33-HEL. (E) VHAla33-HEL.
1XGP 1XGQ 1XGR 1XGT 1XGU|||IB33L|||[note] [adds no vanDerWaals contacts]|||-- 1xgp-j.str.2004.12.012-same-as-1xgq.pdf|||VH F33 has the most number of vanDerWaals contacts, VH L33, VH I33 and VH V33 each have one, VH A33 has no vanDerWaals contacts.
1XGP 1XGQ 1XGR 1XGT 1XGU|||IB33L|||[vanDerWaals]||||||Figure 5. Van der Waals contacts between residue VH33 and HEL are represented as thick dotted lines; contacts between this residue and adjacent antibody residues are drawn as thin dotted lines. (A) VHPhe33-HEL. (B) VHLeu33-HEL. (C) VHIle33-HEL. (D) VHVal33-HEL. (E) VHAla33-HEL.
1XGP 1XGQ 1XGR 1XGT 1XGU|||IB33V|||[note] [adds no vanDerWaals contacts]|||-- 1xgp-j.str.2004.12.012-same-as-1xgq.pdf|||VH F33 has the most number of vanDerWaals contacts, VH L33, VH I33 and VH V33 each have one, VH A33 has no vanDerWaals contacts.
1XGP 1XGQ 1XGR 1XGT 1XGU|||IB33V|||[vanDerWaals]||||||Figure 5. Van der Waals contacts between residue VH33 and HEL are represented as thick dotted lines; contacts between this residue and adjacent antibody residues are drawn as thin dotted lines. (A) VHPhe33-HEL. (B) VHLeu33-HEL. (C) VHIle33-HEL. (D) VHVal33-HEL. (E) VHAla33-HEL.
1XGP 1XGQ 1XGR 1XGT 1XGU|||LB33A|||[note] [loses 1 vanDerWaals contacts]|||-- 1xgp-j.str.2004.12.012-same-as-1xgq.pdf|||VH F33 has the most number of vanDerWaals contacts, VH L33, VH I33 and VH V33 each have one, VH A33 has no vanDerWaals contacts.
1XGP 1XGQ 1XGR 1XGT 1XGU|||LB33A|||[vanDerWaals]||||||Figure 5. Van der Waals contacts between residue VH33 and HEL are represented as thick dotted lines; contacts between this residue and adjacent antibody residues are drawn as thin dotted lines. (A) VHPhe33-HEL. (B) VHLeu33-HEL. (C) VHIle33-HEL. (D) VHVal33-HEL. (E) VHAla33-HEL.
1XGP 1XGQ 1XGR 1XGT 1XGU|||LB33F|||[note] [adds 5 vanDerWaals contacts]|||-- 1xgp-j.str.2004.12.012-same-as-1xgq.pdf|||VH F33 has the most number of vanDerWaals contacts, VH L33, VH I33 and VH V33 each have one, VH A33 has no vanDerWaals contacts.
1XGP 1XGQ 1XGR 1XGT 1XGU|||LB33F|||[vanDerWaals]||||||Figure 5. Van der Waals contacts between residue VH33 and HEL are represented as thick dotted lines; contacts between this residue and adjacent antibody residues are drawn as thin dotted lines. (A) VHPhe33-HEL. (B) VHLeu33-HEL. (C) VHIle33-HEL. (D) VHVal33-HEL. (E) VHAla33-HEL.
1XGP 1XGQ 1XGR 1XGT 1XGU|||LB33I|||[note] [adds no vanDerWaals contacts]|||-- 1xgp-j.str.2004.12.012-same-as-1xgq.pdf|||VH F33 has the most number of vanDerWaals contacts, VH L33, VH I33 and VH V33 each have one, VH A33 has no vanDerWaals contacts.
1XGP 1XGQ 1XGR 1XGT 1XGU|||LB33I|||[vanDerWaals]||||||Figure 5. Van der Waals contacts between residue VH33 and HEL are represented as thick dotted lines; contacts between this residue and adjacent antibody residues are drawn as thin dotted lines. (A) VHPhe33-HEL. (B) VHLeu33-HEL. (C) VHIle33-HEL. (D) VHVal33-HEL. (E) VHAla33-HEL.
1XGP 1XGQ 1XGR 1XGT 1XGU|||LB33V|||[note] [adds no vanDerWaals contacts]|||-- 1xgp-j.str.2004.12.012-same-as-1xgq.pdf|||VH F33 has the most number of vanDerWaals contacts, VH L33, VH I33 and VH V33 each have one, VH A33 has no vanDerWaals contacts.
1XGP 1XGQ 1XGR 1XGT 1XGU|||LB33V|||[vanDerWaals]||||||Figure 5. Van der Waals contacts between residue VH33 and HEL are represented as thick dotted lines; contacts between this residue and adjacent antibody residues are drawn as thin dotted lines. (A) VHPhe33-HEL. (B) VHLeu33-HEL. (C) VHIle33-HEL. (D) VHVal33-HEL. (E) VHAla33-HEL.
1XGP 1XGQ 1XGR 1XGT 1XGU|||VB33A|||[note] [loses 1 vanDerWaals contacts]|||-- 1xgp-j.str.2004.12.012-same-as-1xgq.pdf|||VH F33 has the most number of vanDerWaals contacts, VH L33, VH I33 and VH V33 each have one, VH A33 has no vanDerWaals contacts.
1XGP 1XGQ 1XGR 1XGT 1XGU|||VB33A|||[vanDerWaals]||||||Figure 5. Van der Waals contacts between residue VH33 and HEL are represented as thick dotted lines; contacts between this residue and adjacent antibody residues are drawn as thin dotted lines. (A) VHPhe33-HEL. (B) VHLeu33-HEL. (C) VHIle33-HEL. (D) VHVal33-HEL. (E) VHAla33-HEL.
1XGP 1XGQ 1XGR 1XGT 1XGU|||VB33F|||[note] [adds 5 vanDerWaals contacts]|||-- 1xgp-j.str.2004.12.012-same-as-1xgq.pdf|||VH F33 has the most number of vanDerWaals contacts, VH L33, VH I33 and VH V33 each have one, VH A33 has no vanDerWaals contacts.
1XGP 1XGQ 1XGR 1XGT 1XGU|||VB33F|||[vanDerWaals]||||||Figure 5. Van der Waals contacts between residue VH33 and HEL are represented as thick dotted lines; contacts between this residue and adjacent antibody residues are drawn as thin dotted lines. (A) VHPhe33-HEL. (B) VHLeu33-HEL. (C) VHIle33-HEL. (D) VHVal33-HEL. (E) VHAla33-HEL.
1XGP 1XGQ 1XGR 1XGT 1XGU|||VB33I|||[note] [adds no vanDerWaals contacts]|||-- 1xgp-j.str.2004.12.012-same-as-1xgq.pdf|||VH F33 has the most number of vanDerWaals contacts, VH L33, VH I33 and VH V33 each have one, VH A33 has no vanDerWaals contacts.
1XGP 1XGQ 1XGR 1XGT 1XGU|||VB33I|||[vanDerWaals]||||||Figure 5. Van der Waals contacts between residue VH33 and HEL are represented as thick dotted lines; contacts between this residue and adjacent antibody residues are drawn as thin dotted lines. (A) VHPhe33-HEL. (B) VHLeu33-HEL. (C) VHIle33-HEL. (D) VHVal33-HEL. (E) VHAla33-HEL.
1XGP 1XGQ 1XGR 1XGT 1XGU|||VB33L|||[note] [adds no vanDerWaals contacts]|||-- 1xgp-j.str.2004.12.012-same-as-1xgq.pdf|||VH F33 has the most number of vanDerWaals contacts, VH L33, VH I33 and VH V33 each have one, VH A33 has no vanDerWaals contacts.
1XGP 1XGQ 1XGR 1XGT 1XGU|||VB33L|||[vanDerWaals]||||||Figure 5. Van der Waals contacts between residue VH33 and HEL are represented as thick dotted lines; contacts between this residue and adjacent antibody residues are drawn as thin dotted lines. (A) VHPhe33-HEL. (B) VHLeu33-HEL. (C) VHIle33-HEL. (D) VHVal33-HEL. (E) VHAla33-HEL.
1Z7X|||DW435A|||[hbond]|||--1z7x-j.jmb.2007.02.005.pdf|||Table 2. Intermolecular hydrogen bonds (rX...X <3.35 Å) in the structures of the crystalline hRI·RNase 1 and pRI·RNase A complexes.Lys41 Asp435 2.57
1Z7X|||DW435A|||[high impact]|||--1z7x-000.pdf|||In contrast, replace-ments of Tyr-434, Asp-435, and Tyr-437 and deletion of the C-terminal residue Ser-460 substantially weakened affinity for RNase A:
1Z7X|||EW287A|||[hbond]|||--1z7x-j.jmb.2007.02.005.pdf|||Table 2. Intermolecular hydrogen bonds (rX...X <3.35 Å) in the structures of the crystalline hRI·RNase 1 and pRI·RNase A complexes.Arg91 Glu287 2.61Arg91 Glu287 2.93
1Z7X|||EW287A|||[low impact][contact]|||--1z7x-000.pdf|||Five additional RI residues examined by mutagenesis-Glu-287, Lys-320, Glu-401, Cys-408, and Arg-457—make only small contributions, estimated to be ,1 kcalymol on the basis of changes in kd, although all of them were expected to form hydrogen bonds or charge-charge interactions with RNase
1Z7X|||EW401A|||[hbond]|||--1z7x-j.jmb.2007.02.005.pdf|||Table 2. Intermolecular hydrogen bonds (rX...X <3.35 Å) in the structures of the crystalline hRI·RNase 1 and pRI·RNase A complexes.Arg39 Glu401 2.76Arg39 Glu401 3.03
1Z7X|||EW401A|||[low impact][contact]|||--1z7x-000.pdf|||Five additional RI residues examined by mutagenesis-Glu-287, Lys-320, Glu-401, Cys-408, and Arg-457—make only small contributions, estimated to be ,1 kcalymol on the basis of changes in kd, although all of them were expected to form hydrogen bonds or charge-charge interactions with RNase
1Z7X|||IW459A|||[not documented]||||||
1Z7X|||KW320A|||[low impact][contact]|||--1z7x-000.pdf|||Five additional RI residues examined by mutagenesis-Glu-287, Lys-320, Glu-401, Cys-408, and Arg-457—make only small contributions, estimated to be ,1 kcalymol on the basis of changes in kd, although all of them were expected to form hydrogen bonds or charge-charge interactions with RNase
1Z7X|||RW457A|||[low impact][contact]|||--1z7x-000.pdf|||Five additional RI residues examined by mutagenesis-Glu-287, Lys-320, Glu-401, Cys-408, and Arg-457—make only small contributions, estimated to be ,1 kcalymol on the basis of changes in kd, although all of them were expected to form hydrogen bonds or charge-charge interactions with RNase
1Z7X|||SW289A|||[not documented]||||||
1Z7X|||WW261A|||[hbond]||||||Table 2. Intermolecular hydrogen bonds (rX...X <3.35 Å) in the structures of the crystalline hRI·RNase 1 and pRI·RNase A complexes.Gly89 Trp261 2.97
1Z7X|||WW261A|||[vanDerWaals]|||--1z7x-j.jmb.2007.02.005.pdf|||Gly89 in RNase 1 is within van der Waals distance of Trp261 and Trp263 in hRI·RNase 1, but due to the increased stability of the hRI·RNase 1 complex, a single G89R substitution does not lower the affinity enough to make this variant cytotoxic.23
1Z7X|||WW263A|||[vanDerWaals]|||--1z7x-j.jmb.2007.02.005.pdf|||Gly89 in RNase 1 is within van der Waals distance of Trp261 and Trp263 in hRI·RNase 1, but due to the increased stability of the hRI·RNase 1 complex, a single G89R substitution does not lower the affinity enough to make this variant cytotoxic.23
1Z7X|||WW318A|||[not documented]||||||
1Z7X|||WW375A|||[not documented]||||||
1Z7X|||YW434A|||[hbond]|||--1z7x-j.jmb.2007.02.005.pdf|||Table 2. Intermolecular hydrogen bonds (rX...X <3.35 Å) in the structures of the crystalline hRI·RNase 1 and pRI·RNase A complexes.Arg39 Tyr434 2.74
1Z7X|||YW434A|||[high impact]|||--1z7x-000.pdf|||In contrast, replace-ments of Tyr-434, Asp-435, and Tyr-437 and deletion of the C-terminal residue Ser-460 substantially weakened affinity for RNase A:
1Z7X|||YW434F|||[hbond]|||--1z7x-j.jmb.2007.02.005.pdf|||Table 2. Intermolecular hydrogen bonds (rX...X <3.35 Å) in the structures of the crystalline hRI·RNase 1 and pRI·RNase A complexes.Arg39 Tyr434 2.74
1Z7X|||YW434F|||[high impact]|||--1z7x-000.pdf|||In contrast, replace-ments of Tyr-434, Asp-435, and Tyr-437 and deletion of the C-terminal residue Ser-460 substantially weakened affinity for RNase A:
1Z7X|||YW437A|||[hbond]|||--1z7x-j.jmb.2007.02.005.pdf|||Table 2. Intermolecular hydrogen bonds (rX...X <3.35 Å) in the structures of the crystalline hRI·RNase 1 and pRI·RNase A complexes.Asn67 Tyr437 2.87Asn71 Tyr437 2.75Glu111 Tyr437 2.58
1Z7X|||YW437A|||[high impact]|||--1z7x-000.pdf|||In contrast, replace-ments of Tyr-434, Asp-435, and Tyr-437 and deletion of the C-terminal residue Ser-460 substantially weakened affinity for RNase A:
1Z7X|||YW437F|||[hbond]|||--1z7x-j.jmb.2007.02.005.pdf|||Table 2. Intermolecular hydrogen bonds (rX...X <3.35 Å) in the structures of the crystalline hRI·RNase 1 and pRI·RNase A complexes.Asn67 Tyr437 2.87Asn71 Tyr437 2.75Glu111 Tyr437 2.58
1Z7X|||YW437F|||[high impact]|||--1z7x-000.pdf|||In contrast, replace-ments of Tyr-434, Asp-435, and Tyr-437 and deletion of the C-terminal residue Ser-460 substantially weakened affinity for RNase A:
2A9K|||GB99D|||[hbond]|||- The EMBO Journal - 2005 - Pautsch - Crystal structure of the C3bot RalA complex reveals a novel type of action of a.pdf|||Blue Lines in Figure 3 (B)The RalA-GDP-C3bot complex has roughly a bilobal shape (Figure 2). An extensive interface forms a constriction between the two lobes. It is composed of a combination of polar and nonpolar interactions (Figure 3) and buries 1764 A˚ 2 of accessible surface area. Besides direct protein-protein interactions, additional hydrogen-bonding contacts are mediated by water molecules (Supplementary Table I)
2A9K|||GB99D|||[hydrophobic]|||- The EMBO Journal - 2005 - Pautsch - Crystal structure of the C3bot RalA complex reveals a novel type of action of a.pdf|||Yellow lines in Figure 3 (B)
2A9K|||GB99D|||[steric]|||- The EMBO Journal - 2005 - Pautsch - Crystal structure of the C3bot RalA complex reveals a novel type of action of a.pdf|||the acidic side chain of C3bot-G99D presumably results in electrostatic repulsion and steric clashes with RalA-D106 and RalA-F107, respectively.
2AK4|||EE101A|||[skipped][TCR/pMHC]|||-Copy of 2ak4-ni1257.pdf|||This complex is a TCR/pMHC. Too many subunits in the complex.
2AK4|||LA163A|||[skipped][TCR/pMHC]|||-Copy of 2ak4-ni1257.pdf|||This complex is a TCR/pMHC. Too many subunits in the complex.
2AK4|||LC10A|||[skipped][TCR/pMHC]|||-Copy of 2ak4-ni1257.pdf|||This complex is a TCR/pMHC. Too many subunits in the complex.
2AK4|||LE98A|||[skipped][TCR/pMHC]|||-Copy of 2ak4-ni1257.pdf|||This complex is a TCR/pMHC. Too many subunits in the complex.
2AK4|||NE28A|||[skipped][TCR/pMHC]|||-Copy of 2ak4-ni1257.pdf|||This complex is a TCR/pMHC. Too many subunits in the complex.
2AK4|||NE30A|||[skipped][TCR/pMHC]|||-Copy of 2ak4-ni1257.pdf|||This complex is a TCR/pMHC. Too many subunits in the complex.
2AK4|||PC4A|||[skipped][TCR/pMHC]|||-Copy of 2ak4-ni1257.pdf|||This complex is a TCR/pMHC. Too many subunits in the complex.
2AK4|||QA155A|||[skipped][TCR/pMHC]|||-Copy of 2ak4-ni1257.pdf|||This complex is a TCR/pMHC. Too many subunits in the complex.
2AK4|||QA65A|||[skipped][TCR/pMHC]|||-Copy of 2ak4-ni1257.pdf|||This complex is a TCR/pMHC. Too many subunits in the complex.
2AK4|||RA151A|||[skipped][TCR/pMHC]|||-Copy of 2ak4-ni1257.pdf|||This complex is a TCR/pMHC. Too many subunits in the complex.
2AK4|||TA69A|||[skipped][TCR/pMHC]|||-Copy of 2ak4-ni1257.pdf|||This complex is a TCR/pMHC. Too many subunits in the complex.
2AK4|||TD29A|||[skipped][TCR/pMHC]|||-Copy of 2ak4-ni1257.pdf|||This complex is a TCR/pMHC. Too many subunits in the complex.
2AK4|||YD31A|||[skipped][TCR/pMHC]|||-Copy of 2ak4-ni1257.pdf|||This complex is a TCR/pMHC. Too many subunits in the complex.
2B0U|||FC52A FC47A IC51A|||[Hydrophobic]||||||Additionally, point mutation toglutamate or alanine of single hydrophobic residues in the ND of Fstl3 successfully disrupts ligand binding, whereas corresponding mutations in the Fst ND have little effect.Extensive structural data suggest that the substantial hydrophobic interface between ligand and the ND of Fst-type molecules (supplemental Fig. S3) is important to binding. Contrary to this, mutation of select hydrophobic activin A residues in the type I receptor-binding site was shown not to significantly alter Fst binding.It is possible that glutamate mutations are only detrimental to Fstl3 binding because of an unexpected electrostatic interaction. Although unlikely because each residue is buried inside the hydrophobic interface, we addressed this possibility by making the corresponding alanine mutations in both Fst and Fstl3. In agreement with the Fstl3 glutamate mutants, the Fstl3 alanine mutants are also negatively affected in ligand binding, albeit usually to a lesser degree.In both structures, an α helix pres-ents an exposed phenylalanine (F85 in BMP-RIA andF47 in FS-288), which interacts similarly with hydropho-bic residues on the ligand.
2B0U|||VC15E FC47E IC51E FC52E|||Complex[no effect]||||||point mutation of some hydrophobic residues [on Fstl3] can interfere with binding to activin A.Contrary to this, mutation of select hydrophobic activin A residues in the type I receptor binding site was shown not to significantly alter Fst bindingcorresponding mutations in Fst had little effect on ligand binding, although myostatin binding was somewhat more affected than that of activin A, which corroborates our luciferase assays.Our finding here that the ND of Fst is relatively resistant to point mutations is supported in that mutating activin A residues at the type I site has little effect on Fst binding
2B0U|||VC15E FC47E IC51E FC52E|||[Hydrogen Bonding]||||||The ND of Fstl3 binds the type I site of myostatin, interacting with both myostatin monomers through hydrophobic and hydrogen bonding interactionsOn activin, the site 1 interaction buries hydrophobic residues on the concave surface of one monomer (W25, W28, M91, Y93, and I105) and two helical regions of the second monomer. One of the helices (α2, residues 57-Site 2 is formed by hydrophobic residues on the con-vex surface of activin A (A31, P32, I30, L92, Y94, I100,and K102) that pack with hydrophobic follistatin resi-dues (L105, V151, Y159, and V161) on FSD1 and FSD2.In addition, the convex patch forms several hydrogenbonds and electrostatic interactions.
2B0U|||VC15E FC47E IC51E FC52E|||[Hydrophobic]||||||hydrophobic residues that correspond between Fst and Fstl3 were chosen for mutation [...]ND point mutations in Fst had much less of an effect with most potencies comparable with wild type. Therefore, although we were successful in disrupting the ligand-ND interface with Fstl3, Fst remained unaffected.These results demonstrate that single point mutations in the ND can decrease the biological activity of Fstl3 but have little effect on Fst.
2B0U|||VC15E FC47E IC51E FC52E|||[Steric]||||||Fst antagonism and binding of the ND involves two interaction surfaces as compared with only one for Fstl3. Thus, disrupting only one of the surfaces might not significantly impact Fst affinity for ligand.
2B0Z|||IB82F|||[note]|||-2b0z-000.pdf|||In the CcY structure, the average position of Lys-72 puts these interactions out of typical hydrogen-bonding range (3.4 and 3.6 Å, respectively), but in the CcI complex, multipleconformations for this residue are able to hydrogen bond with each side of the interfaceMutation is flipped wrong mutation.
2B11|||WB382F|||[not documented][note]|||-pnas.0505176102.pdf|||This mutant appears to be an error. The actual mutation is F82 -> W.
2BDN|||DH31E|||[not documented]|||-1bdn paper|||
2BDN|||NL31K|||[not documented]|||-1bdn paper|||
2BDN|||NL31R|||[not documented]|||-1bdn paper|||
2BDN|||YL30K|||[not documented]|||-1bdn paper|||
2BNR|||AA149G|||[not documented]||||||
2BNR|||AA150G|||[not documented]||||||
2BNR|||AA150G|||[note]||||||Significant contribution to 1G4 binding
2BNR|||AA69G|||[not documented]||||||
2BNR|||AA69G|||[note]||||||Energy footprints in the a1 helix of 1G4 and A6 TCRs involved R65, K66, A69 and H70.
2BNR|||HA151A|||[not documented]||||||
2BNR|||HA151A|||[note]||||||Significant contribution to 1G4 bindingThree relevant clusters were identified in the energetic footprint of G10 TCR: V76,T80; H151,E154; and T163,E166
2BNR|||KA146A|||[not documented]||||||
2BNR|||KA66A|||[not documented]||||||
2BNR|||KA66A|||[note]||||||Energy footprints in the a1 helix of 1G4 and A6 TCRs involved R65, K66, A69 and H70.
2BNR|||KA68A|||[not documented]||||||
2BNR|||QA155A|||[hbond]||||||For the A6 TCR the most prevalent H-bond interactions with the MHC involved R65 in the α1-helix and Q155 in the α2-helix.
2BNR|||QA43A|||[not documented]||||||
2BNR|||QA72A|||[hbond]||||||the JM22 TCR the major H-bond interactions involved Q72 (α1) and Q155 (α2)
2BNR|||RA65A|||[hbond]||||||For the A6 TCR the most prevalent H-bond interactions with the MHC involved R65 in the α1-helix and Q155 in the α2-helix.
2BNR|||RA65A|||[note]||||||Decreased affinity for 1G4 and A6 TCRs but increased affinity for JM22 and G10 TCRs
2BNR|||RA65A|||[note]||||||Energy footprints in the a1 helix of 1G4 and A6 TCRs involved R65, K66, A69 and H70.
2BNR|||RA75A|||[electrostatic]||||||Some of the mutations which decreased the kon were of residues that were within 6Å of the TCR but did not make direct contacts. These residues were often charged (E55, R75) or adjacent to charged residues (A158), suggesting that these mutation were perturbing long-rang electrostatic interactions, which can have a major impact on the kon
2BNR|||TA163A|||[not documented]||||||
2BNR|||TA163A|||[note]||||||Three relevant clusters were identified in the energetic footprint of G10 TCR: V76,T80; H151,E154; and T163,E166
2BNR|||TA73A|||[not documented]||||||
2BNR|||VA76A|||[not documented]||||||
2BNR|||VA76A|||[note]||||||Three relevant clusters were identified in the energetic footprint of G10 TCR: V76,T80; H151,E154; and T163,E166
2BTF|||FP59A|||[stacking]|||--2btf-365810a0.pdf|||The profilin actin contact at subdo-mains I and 3 of actin is the only contact involving histidyl residues; the imidazole ring His 173 of actin stacks upon the phenyl ring of Phe 59 of profilin and His 119 of profilin sits in a pocket formed by Tyr 169, Met 355 and Phe 375 of actin.
2BTF|||GP120F|||[not documented]||||||
2BTF|||KP125A|||[electrostatic]|||--2btf-365810a0.pdf|||A second observation is that Lys 125 of profilin and Glu 364 of actin form an intermolecular electrostatic interaction at the profilin- actin contact site. Glutamate 364 of actin has been chemically crosslinked to Lys 115 of profilin from Acanthamoeba castellani29, which in sequence alignment is homologous to Lys 125 of bovine profilin.
2BTF|||VP60E|||[not documented]||||||
2DVW|||EA182A|||[salt bridge][hbond]|||--2dvw-j.str.2006.11.015.pdf|||Similarly, Glu357 and Arg342 of S6-C form salt bridges with the Arg41 and Glu182 residues, respectively, in gankyrin. Intriguingly, the residue Glu182 (ANK6), which creates a potential salt link as well as a hydrogen bond interaction through its car- bonyl group with Arg342 of S6-C, is a part of the LxCxE motif, which participates in pRb binding
2DVW|||KA116A|||[low impact]|||--2dvw-000.pdf|||While the single K116A mutation had a minimal effect on binding, an R41A/K116A double mutation, which is designed to test the role of a larger hydrogen bond/salt bridge network, dramatically lowers affinity.
2DVW|||KB397E|||[salt bridge]|||--2dvw-j.str.2006.11.015.pdf|||Among the intermolecular interactions, there are six potential universal salt links (Figure 4C). Asp362 and Lys397 of S6-C each make two salt bridges with Asn105/Arg145 (ANK4/ANK5) and Asp39/Asp71 (ANK2/ANK3), respectively, in gankyrin.
2DVW|||RA41A|||[salt bridge][hbond]|||--2dvw-j.str.2006.11.015.pdf|||Similarly, Glu357 and Arg342 of S6-C form salt bridges with the Arg41 and Glu182 residues, respectively, in gankyrin. Intriguingly, the residue Glu182 (ANK6), which creates a potential salt link as well as a hydrogen bond interaction through its car- bonyl group with Arg342 of S6-C, is a part of the LxCxE motif, which participates in pRb binding
2DVW|||RB342A|||[salt bridge][hbond]|||--2dvw-j.str.2006.11.015.pdf|||Similarly, Glu357 and Arg342 of S6-C form salt bridges with the Arg41 and Glu182 residues, respectively, in gankyrin. Intriguingly, the residue Glu182 (ANK6), which creates a potential salt link as well as a hydrogen bond interaction through its car- bonyl group with Arg342 of S6-C, is a part of the LxCxE motif, which participates in pRb binding
2G2U|||DA104A|||[alanine scanning]||||||No mechanism
2G2U|||DA104A|||[note]||||||Asp-104 eliminates the interfacial salt bridge and a hydrogen bonding interaction between Glu-104 in TEM and Lys-74 in BLIP.
2G2U|||DA104E|||[hbond]||||||The reduced volume of Asp-104SHV eliminates the interfacial salt bridge between Glu-104TEM and Lys-74BLIP. A hydrogen bonding interaction between Glu-104TEM and the Tyr-143BLIP backbone is not formed with Asp-104SHV
2G2U|||DA104E|||[note]||||||Asp-104 eliminates the interfacial salt bridge and a hydrogen bonding interaction between Glu-104 in TEM and Lys-74 in BLIP.
2G2U|||DA104E|||[salt bridge] [stabilizing interactions]||||||we find that the point mutant SHV D104E results in a 1000-fold increase in the binding affinity of BLIP (Table 1). The D104E substitution in SHV-1 may function to restore the salt bridge with Lys-74BLIP and, perhaps more importantly, provide stabilizing interactions with the Phe-142Loop.
2G2U|||DA104K|||[steric clash]||||||When Lys-104SHV is modeled into the wild type SHV-1 ·BLIP complex using EGAD, a clash is introduced with Tyr-143BLIP. By swinging out of the active site, the Phe-142 loop relieves this collision. The removal of the flexible Phe-142 loop from the interface may serve to increase the overall entropy of the complex.[note] Asp-104 eliminates the interfacial salt
2G2U|||EB31A|||[hbond]||||||Arg-215SHV forms two hydrogen bonds with Glu-31BLIP
2G2U|||EB73A|||[electrostatic clash]||||||Class A -lactamase residue104 (Ambler numbering system) (6), which is a glutamate in TEM-1 and an aspartate in SHV-1, plays a key role in mediating BLIP affinity. It has been hypothesized that the reduced volume of aspartate disrupts the interfacial salt bridge seen between Glu-104TEM-1 and Lys-74BLIP and moves the carboxylate group of Asp-104SHV-1 closer to Glu-73BLIP, introducing an electrostatic clash.
2G2U|||EB73M|||[electrostatic clash]||||||Class A -lactamase residue104 (Ambler numbering system) (6), which is a glutamate in TEM-1 and an aspartate in SHV-1, plays a key role in mediating BLIP affinity. It has been hypothesized that the reduced volume of aspartate disrupts the interfacial salt bridge seen between Glu-104TEM-1 and Lys-74BLIP and moves the carboxylate group of Asp-104SHV-1 closer to Glu-73BLIP, introducing an electrostatic clash.
2G2U|||FB142A|||[packing interactions]||||||
2G2U|||FB142A|||[stabilizing interactions]||||||Phe-142 loop interactions
2G2U|||FB36A|||[not documented]||||||
2G2U|||GB141A|||[hbond]||||||This rearrangement breaks a hydrogen bond between Tyr-105SHV and Gly-141BLIP and creates a new hydrogen bond between Tyr-105SHV and Tyr-51BLIP.
2G2U|||GB48A|||[not documented]||||||
2G2U|||HB148A|||[not documented]||||||
2G2U|||HB41A|||[not documented]||||||
2G2U|||KB74A|||[salt bridge]||||||Salt bridge formed between Glu-104TEM and Lys-74BLIP
2G2U|||RB144A|||[not documented]||||||
2G2U|||RB160A|||[hbond]||||||The backbone carbonyls of Gln-100SHV and Asn-100TEM both form a hydrogen bond with Arg-160BLIP
2G2U|||RB160A|||[packing interaction]||||||Asn-100TEM is able to form more extensive vdW contacts with Trp-150BLIP and Arg-160BLIP
2G2U|||SB113A|||[not documented]||||||
2G2U|||SB35A|||[not documented]||||||
2G2U|||SB39A|||[not documented]||||||
2G2U|||SB71A|||[not documented]||||||
2G2U|||WB112A|||[LOOP-BETA SHEET INTERACTION]||||||the concave β-sheet region of BLIP latches onto a protruding loop-helix region of SHV-1 (residues 99-112), and two loops of BLIP insert into the β-lactamase active site.
2G2U|||WB150A|||[packing interactions]||||||Arg-98SHV has improved vdW packing with Trp-150BLIP relative to Ser-98TEM.
2G2U|||WB162A|||[contacts]||||||Pro-167TEM forms more extensive contacts with Trp-162BLIP
2G2U|||YB143A|||[hbond]||||||The loop forms a small number of crystal contacts with a neighboring SHV D104K ·BLIP complex, consisting of two potential hydrogen bonds between Tyr-143BLIP and the neighboring SHV Gln-206 and Trp-110.A hydrogen bonding interaction between Glu-104TEM and the Tyr-143BLIP backbone is not formed with Asp-104SHV
2G2U|||YB50A|||[hbond]||||||D104K destabilizes phe-142 loop so that it swivels into a space and allows hydrogen bond interaction between Tyr-50BLIP and Asn-132SHV.
2G2U|||YB50A|||[interactions]||||||Tyr-105SHV. Also forms new interactions with Ser-130SHV, Asn-132SHV, andGlu-166SHV.
2G2U|||YB50A|||[pi interaction]||||||D104K destabilizes phe-142 loop so that it swivels into a space and allows a possible pi interaction between Asn-132SHV and the aromatic face of Tyr-50BLIP.
2G2U|||YB50A|||[steric strain]||||||Mutation from Y50A may relieve steric strain in the Asp-49 loop.
2G2U|||YB51A|||[hbond]||||||Hbond formed between Tyr-105SHV and Tyr-51BLIP after D104K mutation.
2G2U|||YB51A|||[note]||||||Occurs with D104K mutation
2G2U|||YB53A|||[interaction]||||||Form interaction with Tyr-105SHV after D104K mutation.
2J0T|||CD70S|||[disulfide bond][intramolecular disulfide bond]|||- Copy of 2j0t-jbc.M607625200.pdf|||Disulfide bond stabilizes a continuous ridge such that N-terminal residues 1-4 link with residues 66-70 to make the interface region.The disulfide bond between Cys-1 and Cys-70 in TIMP-1 that occupied the entire length of the active-site cleft of MMP-3Cys-70 interactions:With MMP-1: Asn-180(3), His-183 (4 contacts)With MMP-3: Val-163 (2 contacts)
2J0T|||MD66A|||[van der waals contacts]|||- Copy of 2j0t-jbc.M607625200.pdf|||Pro-64, Ala-65, and Met-66 form 11 van der Waals contacts in the interface with MMP-3.Only Met-66 makes contacts (3 contacts) with Gln-186 of MMP-1.Met-66 interactions:With MMP-1: Gln-186 (3 contacts)With MMP-3: Phe-86(4), Phe-210 (5 contacts)
2J0T|||SD68A|||[water-mediated interaction]|||- Copy of 2j0t-jbc.M607625200.pdf|||There is only one water-mediated interaction observed at the interface of complex A. This water molecule, W3, bridges an interaction between Ser-68 of the inhibitor and Gln-186 of the enzyme.Ser-68 interactions:With MMP-1: His-183, Ala-184(4), His-222(8) (13 contacts)With MMP-3: Ala-167(3), His-205(7) (10 contacts)
2J0T|||SD68E|||[water-mediated interaction]|||- Copy of 2j0t-jbc.M607625200.pdf|||There is only one water-mediated interaction observed at the interface of complex A. This water molecule, W3, bridges an interaction between Ser-68 of the inhibitor and Gln-186 of the enzyme.Ser-68 interactions:With MMP-1: His-183, Ala-184(4), His-222(8) (13 contacts)With MMP-3: Ala-167(3), His-205(7) (10 contacts)
2J0T|||SD68R|||[water-mediated interaction]|||- Copy of 2j0t-jbc.M607625200.pdf|||There is only one water-mediated interaction observed at the interface of complex A. This water molecule, W3, bridges an interaction between Ser-68 of the inhibitor and Gln-186 of the enzyme.Ser-68 interactions:With MMP-1: His-183, Ala-184(4), His-222(8) (13 contacts)With MMP-3: Ala-167(3), His-205(7) (10 contacts)
2J0T|||SD68Y|||[water-mediated interaction]|||- Copy of 2j0t-jbc.M607625200.pdf|||There is only one water-mediated interaction observed at the interface of complex A. This water molecule, W3, bridges an interaction between Ser-68 of the inhibitor and Gln-186 of the enzyme.Ser-68 interactions:With MMP-1: His-183, Ala-184(4), His-222(8) (13 contacts)With MMP-3: Ala-167(3), His-205(7) (10 contacts)
2J0T|||TD2A|||[hbonds][van der waal forces]|||- Copy of 2j0t-jbc.M607625200.pdf|||The second residue of N-TIMP-1, Thr-2, extends into the S1 specificity pocket located immediately to the right of the catalytic zinc of MMP-1. This residue forms 3 H-bonds and makes 13 van der Waals contacts with the mainchain atoms of residues from the underlying wall-forming segment, 238PSY240, the side-chain atoms of residues (Val-215, His-218, and Glu-219) from the active-site helix hB, and residues (Asn-180 and Leu- 181) from strand s4.Thr-2 interactions:With MMP-1: Asn-180(3), Leu-181, Val-215(2), His-218, Glu-219(2), Pro-238(2), Tyr-240(2) (13 contacts)With MMP-3: Ala-165, Val-198(2), His-201, Glu-202(4), Pro-221(2) (10 contacts)
2J0T|||TD2L|||[hbonds][van der waal forces]|||- Copy of 2j0t-jbc.M607625200.pdf|||The second residue of N-TIMP-1, Thr-2, extends into the S1 specificity pocket located immediately to the right of the catalytic zinc of MMP-1. This residue forms 3 H-bonds and makes 13 van der Waals contacts with the mainchain atoms of residues from the underlying wall-forming segment, 238PSY240, the side-chain atoms of residues (Val-215, His-218, and Glu-219) from the active-site helix hB, and residues (Asn-180 and Leu- 181) from strand s4.Thr-2 interactions:With MMP-1: Asn-180(3), Leu-181, Val-215(2), His-218, Glu-219(2), Pro-238(2), Tyr-240(2) (13 contacts)With MMP-3: Ala-165, Val-198(2), His-201, Glu-202(4), Pro-221(2) (10 contacts)
2J0T|||TD2R|||[hbonds][van der waal forces]|||- Copy of 2j0t-jbc.M607625200.pdf|||The second residue of N-TIMP-1, Thr-2, extends into the S1 specificity pocket located immediately to the right of the catalytic zinc of MMP-1. This residue forms 3 H-bonds and makes 13 van der Waals contacts with the mainchain atoms of residues from the underlying wall-forming segment, 238PSY240, the side-chain atoms of residues (Val-215, His-218, and Glu-219) from the active-site helix hB, and residues (Asn-180 and Leu- 181) from strand s4.Thr-2 interactions:With MMP-1: Asn-180(3), Leu-181, Val-215(2), His-218, Glu-219(2), Pro-238(2), Tyr-240(2) (13 contacts)With MMP-3: Ala-165, Val-198(2), His-201, Glu-202(4), Pro-221(2) (10 contacts)
2J0T|||TD2S|||[hbonds][van der waal forces]|||- Copy of 2j0t-jbc.M607625200.pdf|||The second residue of N-TIMP-1, Thr-2, extends into the S1 specificity pocket located immediately to the right of the catalytic zinc of MMP-1. This residue forms 3 H-bonds and makes 13 van der Waals contacts with the mainchain atoms of residues from the underlying wall-forming segment, 238PSY240, the side-chain atoms of residues (Val-215, His-218, and Glu-219) from the active-site helix hB, and residues (Asn-180 and Leu- 181) from strand s4.Thr-2 interactions:With MMP-1: Asn-180(3), Leu-181, Val-215(2), His-218, Glu-219(2), Pro-238(2), Tyr-240(2) (13 contacts)With MMP-3: Ala-165, Val-198(2), His-201, Glu-202(4), Pro-221(2) (10 contacts)
2J0T|||VD4A|||[hbonds][van der waal forces]|||- Copy of 2j0t-jbc.M607625200.pdf|||Residues Cys-3, Val-4, and Pro-5 of N-TIMP-1 also make similar side-chain contacts, although these are not as extensive as for the first two residues; they make 3 H-bonds and 15 van der Waals contacts with Gly-178, Gly- 179, Leu-181, Tyr-210, and Ser-239 of MMP-1cd.Val-4 interactions:With MMP-1: Gly-178(2), Gly-179(4), Leu-181, Tyr-210(2) (9 contacts)With MMP-3: Asn-162(3), Leu-164 (4 contacts)The connector loop of N-TIMP-1, comprising residues 66-70, occupies the active site of the MMP-1 to the left of the catalytic zinc. This loop makes many interactions with MMP-1 residues from the continuous bulge-edge strand and the active-site cleft: Ser-172, Asn-180, His-183, Ala-184, Phe-185, Gln-186, His-222, Ser-227, and His-228.
2J0T|||VD4I|||[hbonds][van der waal forces]|||- Copy of 2j0t-jbc.M607625200.pdf|||Residues Cys-3, Val-4, and Pro-5 of N-TIMP-1 also make similar side-chain contacts, although these are not as extensive as for the first two residues; they make 3 H-bonds and 15 van der Waals contacts with Gly-178, Gly- 179, Leu-181, Tyr-210, and Ser-239 of MMP-1cd.Val-4 interactions:With MMP-1: Gly-178(2), Gly-179(4), Leu-181, Tyr-210(2) (9 contacts)With MMP-3: Asn-162(3), Leu-164 (4 contacts)The connector loop of N-TIMP-1, comprising residues 66-70, occupies the active site of the MMP-1 to the left of the catalytic zinc. This loop makes many interactions with MMP-1 residues from the continuous bulge-edge strand and the active-site cleft: Ser-172, Asn-180, His-183, Ala-184, Phe-185, Gln-186, His-222, Ser-227, and His-228.
2J0T|||VD4K|||[hbonds][van der waal forces]|||- Copy of 2j0t-jbc.M607625200.pdf|||Residues Cys-3, Val-4, and Pro-5 of N-TIMP-1 also make similar side-chain contacts, although these are not as extensive as for the first two residues; they make 3 H-bonds and 15 van der Waals contacts with Gly-178, Gly- 179, Leu-181, Tyr-210, and Ser-239 of MMP-1cd.Val-4 interactions:With MMP-1: Gly-178(2), Gly-179(4), Leu-181, Tyr-210(2) (9 contacts)With MMP-3: Asn-162(3), Leu-164 (4 contacts)The connector loop of N-TIMP-1, comprising residues 66-70, occupies the active site of the MMP-1 to the left of the catalytic zinc. This loop makes many interactions with MMP-1 residues from the continuous bulge-edge strand and the active-site cleft: Ser-172, Asn-180, His-183, Ala-184, Phe-185, Gln-186, His-222, Ser-227, and His-228.
2J0T|||VD4S|||[hbonds][van der waal forces]|||- Copy of 2j0t-jbc.M607625200.pdf|||Residues Cys-3, Val-4, and Pro-5 of N-TIMP-1 also make similar side-chain contacts, although these are not as extensive as for the first two residues; they make 3 H-bonds and 15 van der Waals contacts with Gly-178, Gly- 179, Leu-181, Tyr-210, and Ser-239 of MMP-1cd.Val-4 interactions:With MMP-1: Gly-178(2), Gly-179(4), Leu-181, Tyr-210(2) (9 contacts)With MMP-3: Asn-162(3), Leu-164 (4 contacts)The connector loop of N-TIMP-1, comprising residues 66-70, occupies the active site of the MMP-1 to the left of the catalytic zinc. This loop makes many interactions with MMP-1 residues from the continuous bulge-edge strand and the active-site cleft: Ser-172, Asn-180, His-183, Ala-184, Phe-185, Gln-186, His-222, Ser-227, and His-228.
2J0T|||VD69I|||[contacts]|||- Copy of 2j0t-jbc.M607625200.pdf|||Val-69 interactions:With MMP-1: Ser-172(2), His-183(3), Phe-185(2) (7 contacts)With MMP-3: Tyr-155(7), His-166(2), Tyr-168 (10 contacts)
2J0T|||VD69T|||[contacts]|||- Copy of 2j0t-jbc.M607625200.pdf|||Val-69 interactions:With MMP-1: Ser-172(2), His-183(3), Phe-185(2) (7 contacts)With MMP-3: Tyr-155(7), His-166(2), Tyr-168 (10 contacts)
2JEL|||EP5D|||[not documented]|||--2jel-jmbi.1998.1888.pdf|||Other residues in the b-strand A starting at GluP5 are not implicated in the binding site by either mutagenesis or structural results.
2JEL|||EP5Q|||[not documented][note]|||--2jel-jmbi.1998.1888.pdf|||Other residues in the b-strand A starting at GluP5 are not implicated in the binding site by either mutagenesis or structural results.
2JEL|||EP68A|||[vanDerWaals] [hbond-waterMediated]|||--2jel-jmbi.1998.1888.pdf|||Table 3.
2JEL|||EP75R|||[vanDerWaals] [hbond-waterMediated]|||--2jel-jmbi.1998.1888.pdf|||Table 3.
2JEL|||FP2W|||[vanDerWaals]|||--2jel-jmbi.1998.1888.pdf|||Table 3.
2JEL|||FP2Y|||[vanDerWaals]|||--2jel-jmbi.1998.1888.pdf|||Table 3.
2JEL|||HP76A|||[hbond]|||--2jel-jmbi.1998.1888.pdf|||Table 3.
2JEL|||HP76D|||[vanDerWaals] [hbond-waterMediated]|||--2jel-jmbi.1998.1888.pdf|||Table 3.
2JEL|||KP72E|||[vanDerWaals] [hbond-waterMediated]|||--2jel-jmbi.1998.1888.pdf|||Table 3.
2JEL|||KP72R|||[vanDerWaals] [hbond-waterMediated]|||--2jel-jmbi.1998.1888.pdf|||Table 3.
2JEL|||QP3K|||[vanDerWaals] [hbond] [hbond-waterMediated]|||--2jel-jmbi.1998.1888.pdf|||Table 3.
2JEL|||QP4K|||[vanDerWaals] [hbond-waterMediated]|||--2jel-jmbi.1998.1888.pdf|||Table 3.
2JEL|||QP71E|||[vanDerWaals] [hbond] [hbond-waterMediated]|||--2jel-jmbi.1998.1888.pdf|||Table 3.
2JEL|||SP41C|||[vanDerWaals] [hbond]|||--2jel-jmbi.1998.1888.pdf|||Table 3.
2JEL|||SP64T|||[vanDerWaals] [hbond-waterMediated]|||--2jel-jmbi.1998.1888.pdf|||Table 3.
2JEL|||TP34Q|||[vanDerWaals] [hbond-waterMediated]|||--2jel-jmbi.1998.1888.pdf|||Table 3.
2JEL|||TP36Q|||[not documented]||||||
2PCB 2PCC|||AA193F|||[hydrophobic]|||--2pcb-science.1334573-same-as-2pcc.pdf|||The other end of this heme-connecting chain segment offers an intriguing and surprising result; a short hydrophobic loop consisting of only two CCP residues, Ala193 and Ala194, serves as a docking site for the exposed methyl group, CBC, of the cytochrome c heme (43).
2PCB 2PCC|||AB81G|||[vanDerWaals]|||--2pcb-science.1334573-same-as-2pcc.pdf|||Table 2. Van der Waals InteractionsAsp34, OD1 Lys87, NZ
2PCB 2PCC|||DA34A|||[hbond]|||--2pcb-science.1334573-same-as-2pcc.pdf|||Table 2. Potential hydrogen bondsAsp34, OD1 Lys87, NZ
2PCB 2PCC|||DA34N|||[hbond]|||--2pcb-science.1334573-same-as-2pcc.pdf|||Table 2. Potential hydrogen bondsAsp34, OD1 Lys87, NZ
2PCB 2PCC|||EA290A|||[hbond]|||--2pcb-science.1334573-same-as-2pcc.pdf|||Table 2. Potential hydrogen bondsAsp34, OD1 Lys87, NZ
2PCB 2PCC|||EA290N|||[hbond]|||--2pcb-science.1334573-same-as-2pcc.pdf|||Table 2. Potential hydrogen bondsAsp34, OD1 Lys87, NZ
2PCB 2PCC|||EA32Q|||[not documented]||||||
2PCB 2PCC|||EA35Q|||[electrostatic]||||||If we look at the second CCP molecule, we see that negatively charged residues Asp34, Glu35, and Glu290 interact with positively charged lysine side chains on the backside of the first CCP molecule.
2PCB 2PCC|||EA35Q|||[hbond]|||--2pcb-science.1334573-same-as-2pcc.pdf|||Complex [where Asp34 and Glu290 are poised to form intermolecular hydrogen bonds (Table 2)] or in the CCP:cc(H) complex [where Glu35 and Glu290 form definite intermolecular hy- drogen bonds (Table 3)1.
2PCB 2PCC|||KB72A|||[hbond]|||--2pcb-science.1334573-same-as-2pcc.pdf|||For instance, Lys72 of horse cy-tochrome c forms a charge-charge hydrogen bond with Glu290 of CCP
2PCB 2PCC|||KB87A|||[hbond]|||--2pcb-science.1334573-same-as-2pcc.pdf|||Table 2. Potential hydrogen bondsAsp34, OD1 Lys87, NZ
2PCB 2PCC|||VA197A|||[vanDerWaals]|||--2pcb-science.1334573-same-as-2pcc.pdf|||Table 2. Van der Waals InteractionsAsp34, OD1 Lys87, NZ
2SIC|||MI73A|||[Note]|||-2sic-1-s2.0-002228369180221F-main|||Carbonyl 0 in oxyanion hole (Ser221. Asn155); 3.1 A from NH to Serl25 CO:hydrophobic, with Sl binding cleft (Leu126. Gly127. Gly154. Asnl55); closecontacts His64, Asn155, Gly219, Thr220. Rer221
2SIC|||MI73A|||[Scissile peptide bond][Note]|||-2sic-1-s2.0-002228369180221F-main|||This bond is an intermediate between a covalent distance and a van der waals radii
2SIC|||MI73D|||[Note]|||-2sic-1-s2.0-002228369180221F-main|||Carbonyl 0 in oxyanion hole (Ser221. Asn155); 3.1 A from NH to Serl25 CO:hydrophobic, with Sl binding cleft (Leu126. Gly127. Gly154. Asnl55); closecontacts His64, Asn155, Gly219, Thr220. Rer221
2SIC|||MI73D|||[Scissile peptide bond][Note]|||-2sic-1-s2.0-002228369180221F-main|||This bond is an intermediate between a covalent distance and a van der waals radii
2SIC|||MI73E|||[Note]|||-2sic-1-s2.0-002228369180221F-main|||Carbonyl 0 in oxyanion hole (Ser221. Asn155); 3.1 A from NH to Serl25 CO:hydrophobic, with Sl binding cleft (Leu126. Gly127. Gly154. Asnl55); closecontacts His64, Asn155, Gly219, Thr220. Rer221
2SIC|||MI73E|||[Scissile peptide bond][Note]|||-2sic-1-s2.0-002228369180221F-main|||This bond is an intermediate between a covalent distance and a van der waals radii
2SIC|||MI73G|||[Note]|||-2sic-1-s2.0-002228369180221F-main|||Carbonyl 0 in oxyanion hole (Ser221. Asn155); 3.1 A from NH to Serl25 CO:hydrophobic, with Sl binding cleft (Leu126. Gly127. Gly154. Asnl55); closecontacts His64, Asn155, Gly219, Thr220. Rer221
2SIC|||MI73G|||[Scissile peptide bond][Note]|||-2sic-1-s2.0-002228369180221F-main|||This bond is an intermediate between a covalent distance and a van der waals radii
2SIC|||MI73H|||[Note]|||-2sic-1-s2.0-002228369180221F-main|||Carbonyl 0 in oxyanion hole (Ser221. Asn155); 3.1 A from NH to Serl25 CO:hydrophobic, with Sl binding cleft (Leu126. Gly127. Gly154. Asnl55); closecontacts His64, Asn155, Gly219, Thr220. Rer221
2SIC|||MI73H|||[Scissile peptide bond][Note]|||-2sic-1-s2.0-002228369180221F-main|||This bond is an intermediate between a covalent distance and a van der waals radii
2SIC|||MI73I|||[Note]|||-2sic-1-s2.0-002228369180221F-main|||Carbonyl 0 in oxyanion hole (Ser221. Asn155); 3.1 A from NH to Serl25 CO:hydrophobic, with Sl binding cleft (Leu126. Gly127. Gly154. Asnl55); closecontacts His64, Asn155, Gly219, Thr220. Rer221
2SIC|||MI73I|||[Scissile peptide bond][Note]|||-2sic-1-s2.0-002228369180221F-main|||This bond is an intermediate between a covalent distance and a van der waals radii
2SIC|||MI73K|||[Note]|||-2sic-1-s2.0-002228369180221F-main|||Carbonyl 0 in oxyanion hole (Ser221. Asn155); 3.1 A from NH to Serl25 CO:hydrophobic, with Sl binding cleft (Leu126. Gly127. Gly154. Asnl55); closecontacts His64, Asn155, Gly219, Thr220. Rer221
2SIC|||MI73K|||[Scissile peptide bond][Note]|||-2sic-1-s2.0-002228369180221F-main|||This bond is an intermediate between a covalent distance and a van der waals radii
2SIC|||MI73L|||[Note]|||-2sic-1-s2.0-002228369180221F-main|||Carbonyl 0 in oxyanion hole (Ser221. Asn155); 3.1 A from NH to Serl25 CO:hydrophobic, with Sl binding cleft (Leu126. Gly127. Gly154. Asnl55); closecontacts His64, Asn155, Gly219, Thr220. Rer221
2SIC|||MI73L|||[Scissile peptide bond][Note]|||-2sic-1-s2.0-002228369180221F-main|||This bond is an intermediate between a covalent distance and a van der waals radii
2SIC|||MI73R|||[Note]|||-2sic-1-s2.0-002228369180221F-main|||Carbonyl 0 in oxyanion hole (Ser221. Asn155); 3.1 A from NH to Serl25 CO:hydrophobic, with Sl binding cleft (Leu126. Gly127. Gly154. Asnl55); closecontacts His64, Asn155, Gly219, Thr220. Rer221
2SIC|||MI73R|||[Scissile peptide bond][Note]|||-2sic-1-s2.0-002228369180221F-main|||This bond is an intermediate between a covalent distance and a van der waals radii
2SIC|||MI73V|||[Note]|||-2sic-1-s2.0-002228369180221F-main|||Carbonyl 0 in oxyanion hole (Ser221. Asn155); 3.1 A from NH to Serl25 CO:hydrophobic, with Sl binding cleft (Leu126. Gly127. Gly154. Asnl55); closecontacts His64, Asn155, Gly219, Thr220. Rer221
2SIC|||MI73V|||[Scissile peptide bond][Note]|||-2sic-1-s2.0-002228369180221F-main|||This bond is an intermediate between a covalent distance and a van der waals radii
2VIS|||IC131T|||[Error]||||||IC13T should be TC131I
2VIS|||IC131T|||[HBond][NEGATIVE]||||||Residue 156 of HA is also affected by the Tl311 mutation. The carbonyl oxygen of this residue is hydrogen bonded to the hydroxyl of Thr 131 both in wild type BHA and in the wild type 'HA '•Fab complex. In the Tl31I 'HA'•Fab complex, the Ile 131 side chain completely buries the unpaired carbonyl oxygen of HA, 156 ( the residual accessible surface area of this atom in the complex is 0.3 A2). As a consequence, no hydrogen bond is made with this carbonyl in the complex.None of the previously described direct interference mechanisms that allow mutant proteins to escape recognition by antibodies accounts for the lower affinity of the Fab for the TI 31 I mutant compared with wild-type HA. Firstly the Tl311 substitution introduces a bulkier side chain, but this is accommodated with very limited movements of other residues in the interface (Fig.3). Secondly, the loss of a hydrogen bond due to the TI311 substitution is not likely to affect the energetics of mutant HA•Fab complex formation because it occurs both in unbound mutant HA and in the mutant HA•Fab complex.IC13T should be TC131IOTHER MECHANISMS THAT CAN EXIST:
2WPT|||DA33A|||[charged-hydrophobic]||||||Im2 Y54 forces unfavorable packing interaction with F86 of Im2 residues D33 (and to a lesser extent N34)
2WPT|||DA33A|||[charged-hydrophobic]||||||The destabilizing effect of charged-hydrophobic contacts at the heart of the E9 DNase-Im2 complex can be reversed through mutation. Mutating D33 in Im2 to alanine has a very significant impact on binding affinity
2WPT|||DA33A|||[hbond] [hbond-waterMediated]||||||Both conformers are within range of hydrogen bonding to D33 via bridging to a water molecule
2WPT|||DA33A|||[note]|||--2wpt-pnas.0910756107|||Unfavorable contacts between D33 and F86 is offset by water molecules acting as spacers
2WPT|||DA33L|||[stacking]||||||Y83 aromatic moiety packs into a tight pocket formed by L33 and the aliphatic group of E30
2WPT|||DA33A|||[stacking]||||||Y83 aromatic moiety packs into a tight pocket formed by L33 and the aliphatic group of E30
2WPT|||DA33L|||[charged-hydrophobic]||||||Im2 Y54 forces unfavorable packing interaction with F86 of Im2 residues D33 (and to a lesser extent N34)
2WPT|||DA33L|||[charged-hydrophobic]||||||The destabilizing effect of charged-hydrophobic contacts at the heart of the E9 DNase-Im2 complex can be reversed through mutation. Mutating D33 in Im2 to alanine has a very significant impact on binding affinity
2WPT|||DA33L|||[hbond] [hbond-waterMediated]||||||Both conformers are within range of hydrogen bonding to D33 via bridging to a water molecule
2WPT|||DA33L|||[note]|||--2wpt-pnas.0910756107|||Unfavorable contacts between D33 and F86 is offset by water molecules acting as spacers
2WPT|||DA33L|||[stacking]||||||Y83 aromatic moiety packs into a tight pocket formed by L33 and the aliphatic group of E30
2WPT|||EA30A|||[stacking]|||--2wpt-pnas.0910756107|||Y83 aromatic moiety packs into a tight pocket formed by L33 and the aliphatic group of E30
2WPT|||EA41A|||[hbond] [salt bridge]|||--2wpt-pnas.0910756107|||Our structure shows that Im2 E41 salt bridges with almost ideal geometry to two lysines (K89, K97)
2WPT|||FB86A|||[not documented]|||--2wpt-pnas.0910756107|||
2WPT|||KB97A|||[not documented]|||--2wpt-pnas.0910756107|||
2WPT|||NA34A|||[charged-hydrophobic]||||||The destabilizing effect of charged-hydrophobic contacts at the heart of the E9 DNase-Im2 complex can be reversed through mutation. Mutating D33 in Im2 to alanine has a very significant impact on binding affinity
2WPT|||NA34A|||[note]|||--2wpt-pnas.0910756107|||Im2 Y54 forces unfavorable packing interaction with F86 of Im2 residues D33 (and to a lesser extent N34)
2WPT|||NA34V|||[charged-hydrophobic]||||||The destabilizing effect of charged-hydrophobic contacts at the heart of the E9 DNase-Im2 complex can be reversed through mutation. Mutating D33 in Im2 to alanine has a very significant impact on binding affinity
2WPT|||NA34V|||[note]|||--2wpt-pnas.0910756107|||Im2 Y54 forces unfavorable packing interaction with F86 of Im2 residues D33 (and to a lesser extent N34)
2WPT|||NB72A|||[not documented]|||--2wpt-pnas.0910756107|||
2WPT|||NB75A|||[not documented]|||--2wpt-pnas.0910756107|||
2WPT|||PA56A|||[not documented]|||--2wpt-pnas.0910756107|||
2WPT|||QB92A|||[not documented]|||--2wpt-pnas.0910756107|||
2WPT|||RA38A|||[charged-hydrophobic]|||--2wpt-pnas.0910756107|||The destabilizing effect of charged-hydrophobic contacts at the heart of the E9 DNase-Im2 complex can be reversed through mutation. Mutating D33 in Im2 to alanine has a very significant impact on binding affinity
2WPT|||RA38T|||[charged-hydrophobic]|||--2wpt-pnas.0910756107|||The destabilizing effect of charged-hydrophobic contacts at the heart of the E9 DNase-Im2 complex can be reversed through mutation. Mutating D33 in Im2 to alanine has a very significant impact on binding affinity
2WPT|||RB54A|||[not documented]|||--2wpt-pnas.0910756107|||
2WPT|||SA50A|||[not documented]|||--2wpt-pnas.0910756107|||
2WPT|||SB74A|||[not documented]|||--2wpt-pnas.0910756107|||
2WPT|||SB77A|||[not documented]|||--2wpt-pnas.0910756107|||
2WPT|||SB78A|||[not documented]|||--2wpt-pnas.0910756107|||
2WPT|||SB84A|||[not documented]|||--2wpt-pnas.0910756107|||
2WPT|||TB87A|||[not documented]|||--2wpt-pnas.0910756107|||
2WPT|||VA37A|||[not documented]|||--2wpt-pnas.0910756107|||
2WPT|||VB98A|||[not documented]|||--2wpt-pnas.0910756107|||
3AAA|||DC44A|||[hbond][salt bridge] [salt bridge]|||--3aaa-journal.pbio.1000416|||Arg260, the center of the ‘‘basic triad,’’ forms a bidentate salt bridge with V-1 Asp44.
3AAA|||EC78A|||[salt bridge]|||--3aaa-journal.pbio.1000416|||Lys256 and Arg266 form salt bridges with V-1 Glu78.
3AAA|||EC78R|||[salt bridge]|||--3aaa-journal.pbio.1000416|||Lys256 and Arg266 form salt bridges with V-1 Glu78.
3AAA|||KA256A|||[hbond][salt bridge]|||--3aaa-journal.pbio.1000416|||Lys256 and Arg266 form salt bridges with V-1 Glu78. Further-more, Lys256 also forms a hydrogen bond with the main chain oxygen of V-1 Asp44.
3AAA|||KA256E|||[hbond][salt bridge]|||--3aaa-journal.pbio.1000416|||Lys256 and Arg266 form salt bridges with V-1 Glu78. Further-more, Lys256 also forms a hydrogen bond with the main chain oxygen of V-1 Asp44.
3AAA|||RA260A|||[salt bridge]|||--3aaa-journal.pbio.1000416|||Arg260, the center of the ‘‘basic triad,’’ forms a bidentate salt bridge with V-1 Asp44.
3AAA|||RA260E|||[salt bridge]|||--3aaa-journal.pbio.1000416|||Arg260, the center of the ‘‘basic triad,’’ forms a bidentate salt bridge with V-1 Asp44.
3AAA|||RA266A|||[salt bridge]|||--3aaa-journal.pbio.1000416|||Lys256 and Arg266 form salt bridges with V-1 Glu78.
3AAA|||RA266E|||[salt bridge]|||--3aaa-journal.pbio.1000416|||Lys256 and Arg266 form salt bridges with V-1 Glu78.
3AAA|||WC8A|||[hydrophobic]|||--3aaa-journal.pbio.1000416|||Another striking feature in the CP/V-1 interface is the hydrophobic contact formed around V-1 Trp8
3B4V|||FC60A|||[skipped]|||-Copy of 3b4v-jbc.m801266200.pdf|||Too many components
3B4V|||FC60E|||[skipped]|||-Copy of 3b4v-jbc.m801266200.pdf|||Too many components
3B4V|||LC24E|||[skipped]|||-Copy of 3b4v-jbc.m801266200.pdf|||Too many components
3B4V|||LC57A|||[skipped]|||-Copy of 3b4v-jbc.m801266200.pdf|||Too many components
3B4V|||LC57E|||[skipped]|||-Copy of 3b4v-jbc.m801266200.pdf|||Too many components
3B4V|||LC61A|||[skipped]|||-Copy of 3b4v-jbc.m801266200.pdf|||Too many components
3B4V|||LC61E|||[skipped]|||-Copy of 3b4v-jbc.m801266200.pdf|||Too many components
3BK3|||AC36R|||[hbond]|||--3bk3-j.devcel.2008.02.017|||Noggin Ala36 and Ser38 form H bonds to Asn83 and Lys127 of BMP-7, similar to those of Thr3 and Thr5 of the VWC1 clip in the interaction with BMP-2.
3BK3|||IC18A|||[not documented]||||||
3BK3|||IC18R|||[not documented]||||||
3BK3|||IC21A|||[hydrophobic][packing interaction]|||--3bk3-j.devcel.2008.02.017|||large hydrophobic side chains (mostly tryptophane) at a position corresponding to Ile21Upon mutation of Ile21 or Ile27 to Ala, about 1.3 kcal mol1 of binding free energy is lost. More disruptive mutations, e.g., I21R and A36R, show that packing in spite of the small interface is quite tight.
3BK3|||IC21R|||[hydrophobic][packing interaction]|||--3bk3-j.devcel.2008.02.017|||large hydrophobic side chains (mostly tryptophane) at a position corresponding to Ile21Upon mutation of Ile21 or Ile27 to Ala, about 1.3 kcal mol1 of binding free energy is lost. More disruptive mutations, e.g., I21R and A36R, show that packing in spite of the small interface is quite tight.
3BK3|||IC27A|||[not documented]||||||
3BK3|||IC27R|||[not documented]||||||
3BK3|||IC2A|||[hydrophobic]|||--3bk3-j.devcel.2008.02.017|||The results reveal that the large reduction in affinity upon trun-cation of the N terminus can be associated mainly with three interaction pairs: the hydrophobic knob-into-hole interaction provided by VWC1 Ile2 and the H bonds formed between the main-chain groups of VWC1-Thr5:BMP-2-Asn102 and VWC1- Ala7:BMP-2-Leu100.
3BK3|||IC2R|||[hydrophobic]|||--3bk3-j.devcel.2008.02.017|||The results reveal that the large reduction in affinity upon trun-cation of the N terminus can be associated mainly with three interaction pairs: the hydrophobic knob-into-hole interaction provided by VWC1 Ile2 and the H bonds formed between the main-chain groups of VWC1-Thr5:BMP-2-Asn102 and VWC1- Ala7:BMP-2-Leu100.
3BK3|||LC1A|||[high impact][not documented]|||--3bk3-j.devcel.2008.02.017|||The N terminus Leu1-Glu6 fits snugly into the cleft formedby helix 1 of one BMP-2 monomer and the b sheet of fingers 1and 2 of the other BMP-2 monomer. Hereby it covers most ofthe hydrophobic patch of the wrist epitope required for type Ireceptor binding (Figure 3A).Highly Conserved
3BK3|||LC1R|||[high impact][not documented]|||--3bk3-j.devcel.2008.02.017|||The N terminus Leu1-Glu6 fits snugly into the cleft formedby helix 1 of one BMP-2 monomer and the b sheet of fingers 1and 2 of the other BMP-2 monomer. Hereby it covers most ofthe hydrophobic patch of the wrist epitope required for type Ireceptor binding (Figure 3A).Highly Conserved
3BK3|||TC3P|||[hbond][low impact]|||--3bk3-j.devcel.2008.02.017|||The H bond involving the VWC1 Thr3 amide and the BMP-2 Asn59 carboxamide contributes only marginally, with a reduction in binding affinity of only 2.5-fold in the T3P variant.Noggin Ala36 and Ser38 form H bonds to Asn83 and Lys127 of BMP-7, similar to those of Thr3 and Thr5 of the VWC1 clip in the interaction with BMP-2.
3BK3|||TC5P|||[hbond]|||--3bk3-j.devcel.2008.02.017|||Noggin Ala36 and Ser38 form H bonds to Asn83 and Lys127 of BMP-7, similar to those of Thr3 and Thr5 of the VWC1 clip in the interaction with BMP-2.
3BN9|||DB217A|||[not documented]|||--3bn9-j.jmb.2008.05.009|||
3BN9|||DB60aA|||[electrostatic]|||--3bn9-j.jmb.2008.05.009|||Table 1.
3BN9|||DB60aA|||[note]||||||Same as DB60bA
3BN9|||DB60bA|||[electrostatic]|||--3bn9-j.jmb.2008.05.009|||Table 1.
3BN9|||DB60bA|||[note]||||||Same as DB60aA
3BN9|||FB94A|||[not documented]|||--3bn9-j.jmb.2008.05.009|||
3BN9|||HB143A|||[not documented]|||--3bn9-j.jmb.2008.05.009|||
3BN9|||IB41A|||[not documented]|||--3bn9-j.jmb.2008.05.009|||
3BN9|||IB60A|||[not documented]|||--3bn9-j.jmb.2008.05.009|||
3BN9|||NB95A|||[hbond]|||--3bn9-j.jmb.2008.05.009|||Table 1.
3BN9|||PD100H|||[hbond] [hydrophobic]|||--3bn9-j.jmb.2008.05.009|||Table 1.QD100aV
3BN9|||PD100H|||[hbond]|||--3bn9-j.jmb.2008.05.009|||Table 1.
3BN9|||QB174A|||[hbond]|||--3bn9-j.jmb.2008.05.009|||Table 1.
3BN9|||QB175A|||[hydrophobic]|||--3bn9-j.jmb.2008.05.009|||Table 1.
3BN9|||QB221aA|||[hbond]|||--3bn9-j.jmb.2008.05.009|||Table 1.
3BN9|||RB60cA|||[hbond] [hydrophobic]|||--3bn9-j.jmb.2008.05.009|||Table 1.
3BN9|||SD30G|||[hbond] [hydrophobic]|||--3bn9-j.jmb.2008.05.009|||Table 1.
3BN9|||SD30N|||[hbond] [hydrophobic]|||--3bn9-j.jmb.2008.05.009|||Table 1.
3BN9|||TB98A|||[not documented]|||--3bn9-j.jmb.2008.05.009|||
3BN9|||TD28R|||[hbond]|||--3bn9-j.jmb.2008.05.009|||Table 1.
3BN9|||TD98Q|||[not documented]|||--3bn9-j.jmb.2008.05.009|||
3BN9|||TD98R|||[not documented]|||--3bn9-j.jmb.2008.05.009|||
3BN9|||YB146A|||[hbond] [hydrophobic]|||--3bn9-j.jmb.2008.05.009|||Table 1.
3BN9|||YD99S|||[hbond] [hydrophobic]|||--3bn9-j.jmb.2008.05.009|||Table 1.
3BT1|||AU255S|||[not documented][alanine scanning]|||-3bt1-nsmb.1404.pdf|||
3BT1|||DU11A|||[not documented][alanine scanning]|||-3bt1-nsmb.1404.pdf|||
3BT1|||DU140A|||[not documented][alanine scanning]|||-3bt1-nsmb.1404.pdf|||
3BT1|||DU141A|||[not documented][alanine scanning]|||-3bt1-nsmb.1404.pdf|||
3BT1|||DU254A|||[not documented][alanine scanning]|||-3bt1-nsmb.1404.pdf|||
3BT1|||EU134A|||[not documented][alanine scanning]|||-3bt1-nsmb.1404.pdf|||
3BT1|||EU33A|||[not documented][alanine scanning]|||-3bt1-nsmb.1404.pdf|||
3BT1|||EU36A|||[not documented][alanine scanning]|||-3bt1-nsmb.1404.pdf|||
3BT1|||EU42A|||[not documented][alanine scanning]|||-3bt1-nsmb.1404.pdf|||
3BT1|||EU68A|||[not documented][alanine scanning]|||-3bt1-nsmb.1404.pdf|||
3BT1|||FU167A|||[not documented][alanine scanning]|||-3bt1-nsmb.1404.pdf|||
3BT1|||GU10A|||[not documented][alanine scanning]|||-3bt1-nsmb.1404.pdf|||
3BT1|||HU166A|||[not documented][alanine scanning]|||-3bt1-nsmb.1404.pdf|||
3BT1|||KU139A|||[not documented][alanine scanning]|||-3bt1-nsmb.1404.pdf|||
3BT1|||KU50A|||[not documented][alanine scanning]|||-3bt1-nsmb.1404.pdf|||
3BT1|||KU62A|||[not documented][alanine scanning]|||-3bt1-nsmb.1404.pdf|||
3BT1|||LU144A|||[not documented][alanine scanning]|||-3bt1-nsmb.1404.pdf|||
3BT1|||LU150A|||[not documented][alanine scanning]|||-3bt1-nsmb.1404.pdf|||
3BT1|||LU168A|||[not documented][alanine scanning]|||-3bt1-nsmb.1404.pdf|||
3BT1|||LU31A|||[not documented][alanine scanning]|||-3bt1-nsmb.1404.pdf|||
3BT1|||LU38A|||[not documented][alanine scanning]|||-3bt1-nsmb.1404.pdf|||
3BT1|||LU40A|||[not documented][alanine scanning]|||-3bt1-nsmb.1404.pdf|||
3BT1|||LU55A|||[not documented][alanine scanning]|||-3bt1-nsmb.1404.pdf|||
3BT1|||LU66A|||[not documented][alanine scanning]|||-3bt1-nsmb.1404.pdf|||
3BT1|||NU9A|||[not documented][alanine scanning]|||-3bt1-nsmb.1404.pdf|||
3BT1|||PU138A|||[not documented][alanine scanning]|||-3bt1-nsmb.1404.pdf|||
3BT1|||PU151A|||[not documented][alanine scanning]|||-3bt1-nsmb.1404.pdf|||
3BT1|||RU25A|||[not documented][alanine scanning]|||-3bt1-nsmb.1404.pdf|||
3BT1|||RU53A|||[not documented][alanine scanning]|||-3bt1-nsmb.1404.pdf|||
3BT1|||SU101A|||[not documented][alanine scanning]|||-3bt1-nsmb.1404.pdf|||
3BT1|||SU257A|||[not documented][alanine scanning]|||-3bt1-nsmb.1404.pdf|||
3BT1|||TU127A|||[not documented][alanine scanning]|||-3bt1-nsmb.1404.pdf|||
3BT1|||TU27A|||[not documented][alanine scanning]|||-3bt1-nsmb.1404.pdf|||
3BT1|||TU46A|||[not documented][alanine scanning]|||-3bt1-nsmb.1404.pdf|||
3BT1|||TU54A|||[not documented][alanine scanning]|||-3bt1-nsmb.1404.pdf|||
3BT1|||TU64A|||[not documented][alanine scanning]|||-3bt1-nsmb.1404.pdf|||
3BT1|||TU67A|||[not documented][alanine scanning]|||-3bt1-nsmb.1404.pdf|||
3BT1|||TU8A|||[not documented][alanine scanning]|||-3bt1-nsmb.1404.pdf|||
3BT1|||VU125A|||[not documented][alanine scanning]|||-3bt1-nsmb.1404.pdf|||
3BT1|||VU126A|||[not documented][alanine scanning]|||-3bt1-nsmb.1404.pdf|||
3BT1|||VU29A|||[not documented][alanine scanning]|||-3bt1-nsmb.1404.pdf|||
3BT1|||YU57A|||[not documented][alanine scanning]|||-3bt1-nsmb.1404.pdf|||
3BTE 3BTF 3BTG 3BTH 3BTM 3BTQ 3BTT 3BTW|||DI515K|||[skipped][wrong mutation][note]|||-Copy of 3bte-jmbi.1999.2654-same-as-3btd.pdf|||Incorrect mutation: Lys15I
3BTE 3BTF 3BTG 3BTH 3BTM 3BTQ 3BTT 3BTW|||EI515K|||[skipped][wrong mutation][note]|||-Copy of 3bte-jmbi.1999.2654-same-as-3btd.pdf|||Incorrect mutation: Lys15I
3BTE 3BTF 3BTG 3BTH 3BTM 3BTQ 3BTT 3BTW|||FI515K|||[skipped][wrong mutation][note]|||-Copy of 3bte-jmbi.1999.2654-same-as-3btd.pdf|||Incorrect mutation: Lys15I
3BTE 3BTF 3BTG 3BTH 3BTM 3BTQ 3BTT 3BTW|||GI515K|||[skipped][wrong mutation][note]|||-Copy of 3bte-jmbi.1999.2654-same-as-3btd.pdf|||Incorrect mutation: Lys15I
3BTE 3BTF 3BTG 3BTH 3BTM 3BTQ 3BTT 3BTW|||HI515K|||[skipped][wrong mutation][note]|||-Copy of 3bte-jmbi.1999.2654-same-as-3btd.pdf|||Incorrect mutation: Lys15I
3BTE 3BTF 3BTG 3BTH 3BTM 3BTQ 3BTT 3BTW|||MI515K|||[skipped][wrong mutation][note]|||-Copy of 3bte-jmbi.1999.2654-same-as-3btd.pdf|||Incorrect mutation: Lys15I
3BTE 3BTF 3BTG 3BTH 3BTM 3BTQ 3BTT 3BTW|||QI515K|||[skipped][wrong mutation][note]|||-Copy of 3bte-jmbi.1999.2654-same-as-3btd.pdf|||Incorrect mutation: Lys15I
3BTE 3BTF 3BTG 3BTH 3BTM 3BTQ 3BTT 3BTW|||TI515K|||[skipped][wrong mutation][note]|||-Copy of 3bte-jmbi.1999.2654-same-as-3btd.pdf|||Incorrect mutation: Lys15I
3BTE 3BTF 3BTG 3BTH 3BTM 3BTQ 3BTT 3BTW|||WI515K|||[skipped][wrong mutation][note]|||-Copy of 3bte-jmbi.1999.2654-same-as-3btd.pdf|||Incorrect mutation: Lys15I
3BX1|||AC86T|||[hbond]|||--3bx1-j.jmb.2008.05.034.pdf|||BASI residues Ala86-Thr89 bind to Savinase S5 to S2 by hydrogen bon-ding.Two additional side chain-main chain hydrogen bonds are formed between BASI Ala86-Savinase Ser126 and BASI Tyr87-Savi-nase Ser130.
3BX1|||FC84V|||[low impact][not documented]|||--3bx1-j.jmb.2008.05.034.pdf|||Mutation of the outermost resi-dues of the P7-P2 loop (P7, F84V; P6, R86G; P2, T89A) had little effect on Ki,
3BX1|||FC84V||||||-- indicate what proteins are which chains in the PDB file.    Example.|||
3BX1|||RC85G|||[not documented]||||||
3BX1|||TC88V|||[hbond-internal]|||--3bx1-j.jmb.2008.05.034.pdf|||The side chain of Thr88 forms two intramolecular hydro-gen bonds to Cys90 and Leu91; in addition, there are several intramolecular interactions between the Thr88 side chain and the BASI backbone, which are presumably lost when valine is introduced.
3BX1|||TC88V|||[hbond]||||||BASI residues Ala86-Thr89 bind to Savinase S5 to S2 by hydrogen bon-ding.
3BX1|||TC89A|||[hbond][low impact]|||--3bx1-j.jmb.2008.05.034.pdf|||BASI residues Ala86-Thr89 bind to Savinase S5 to S2 by hydrogen bon-ding.
3BX1|||YC87A|||[hbond]|||--3bx1-j.jmb.2008.05.034.pdf|||BASI residues Ala86-Thr89 bind to Savinase S5 to S2 by hydrogen bon-ding.Two additional side chain-main chain hydrogen bonds are formed between BASI Ala86-Savinase Ser126 and BASI Tyr87-Savi-nase Ser130.
3BX1|||YC87I|||[hbond]|||--3bx1-j.jmb.2008.05.034.pdf|||BASI residues Ala86-Thr89 bind to Savinase S5 to S2 by hydrogen bon-ding.Two additional side chain-main chain hydrogen bonds are formed between BASI Ala86-Savinase Ser126 and BASI Tyr87-Savi-nase Ser130.
3C60|||DD102A|||[not documented]||||||
3C60|||ED2A|||[not documented]||||||
3C60|||ED95A|||[not documented]||||||
3C60|||HC69A|||[not documented]||||||
3C60|||HD107A|||[not documented]||||||
3C60|||KC40A|||[not documented]||||||
3C60|||KC40A||||||-- indicate what proteins are which chains in the PDB file.    Example.|||
3C60|||KC68A|||[not documented]||||||
3C60|||KD10A|||[not documented]||||||
3C60|||KD5A|||[not documented]||||||
3C60|||KD7A|||[not documented]||||||
3C60|||LC61A|||[not documented]||||||
3C60|||NC63A|||[not documented]||||||
3C60|||QC58A|||[not documented]||||||
3C60|||QC62A|||[not documented]||||||
3C60|||QD4A|||[not documented]||||||
3C60|||RD96A|||[not documented]||||||
3C60|||TD103A|||[not documented]||||||
3C60|||VC66A|||[not documented]||||||
3EQS|||FB3A|||[hydrophobic]|||--3eqs-pnas.0900947106.pdf|||PMI retains the functionally con-served hydrophobic triad, Phe-3/Trp-7/Leu-10.
3EQS|||LB10A|||[hbond-internal]|||--3eqs-pnas.0900947106.pdf|||Two (i, i  3) CAOHN H-bonds involving Trp-7-Leu-10 (3.0 Å) and Asn-8-Ser-11 (3.3 Å) in PMI-synMDM2
3EQS|||LB10A|||[hbond]||||||Tyr-100 O donates an H-bond to Leu-10 O
3EQS|||LB10A|||[hydrophobic]||||||PMI retains the functionally con-served hydrophobic triad, Phe-3/Trp-7/Leu-10.
3EQS|||LB9A|||[not documented]||||||
3EQS|||NB8A|||[hbond-internal]|||--3eqs-pnas.0900947106.pdf|||Two (i, i  3) CAOHN H-bonds involving Trp-7-Leu-10 (3.0 Å) and Asn-8-Ser-11 (3.3 Å) in PMI-synMDM2
3EQS|||SB11A|||[hbond-internal]|||--3eqs-pnas.0900947106.pdf|||Two (i, i  3) CAOHN H-bonds involving Trp-7-Leu-10 (3.0 Å) and Asn-8-Ser-11 (3.3 Å) in PMI-synMDM2
3EQS|||SB11A|||[hbond]||||||Tyr-99 O forms an H-bond with Ser-11 N of PMI
3EQS|||SB2A|||[hbond-internal]||||||Further, Ser-2 of PMI participates in a more extensive and stronger H-bonding network than does Thr-18 of p53. In addition to Ser-2 O-Glu-5 N and Ser-2 O-Tyr-6 N-two backbone H-bonds also found for Thr-18 of p53, PMI possesses 2 additional main chain-side chain H-bonds, i.e., Ser-2 N-Glu-5 O1 (2.8 Å in MDM2 and 2.9 Å in MDMX) and Ser-2 O-Glu-5 N (3.1 Å in both MDM2 and MDMX)
3EQS|||SB2A|||[note]|||--3eqs-pnas.0900947106.pdf|||H-bonding network
3EQS|||TB1A|||[not documented]||||||
3EQS|||WB7A|||[hbond-internal]|||--3eqs-pnas.0900947106.pdf|||Two (i, i  3) CAOHN H-bonds involving Trp-7-Leu-10 (3.0 Å) and Asn-8-Ser-11 (3.3 Å) in PMI-synMDM2
3EQS|||WB7A|||[hydrophobic]||||||PMI retains the functionally con-served hydrophobic triad, Phe-3/Trp-7/Leu-10.
3EQS|||YB6A|||[cation-pi]|||--3eqs-pnas.0900947106.pdf|||Tyr-6 forms cation-interactions with Lys-94 of MDM2 or possibly Lys-93 of MDMX.
3EQS|||YB6A|||[hbond-internal]||||||In addition to Ser-2 O-Glu-5 N and Ser-2 O-Tyr-6 N-two backbone H-bonds also found for Thr-18 of p53,
3EQS|||YB6A|||[hbond]||||||Tyr-6 participates in an elaborate, water-mediated H-bonding network comprising the side chain(s) of Gln-72 and Lys-94 of MDM2 or Gln-71 of MDMX
3F1S|||DA238A|||[hbond]|||--3f1s-blood-2009-04-210021.pdf|||Figure 1. (B) Stereo view of the PZ/ZPI-binding interface. The PZ-binding site on ZPI is centered around hG (purple) and the C terminus of hA (brown). The salt bridges are shown in magenta dashes, and hydrogen bonds in green dashes.
3F1S|||DA293A|||[salt bridge]|||--3f1s-blood-2009-04-210021.pdf|||Figure 1. (B) Stereo view of the PZ/ZPI-binding interface. The PZ-binding site on ZPI is centered around hG (purple) and the C terminus of hA (brown). The salt bridges are shown in magenta dashes, and hydrogen bonds in green dashes.
3F1S|||DA74A|||[salt bridge]|||--3f1s-blood-2009-04-210021.pdf|||Figure 1. (B) Stereo view of the PZ/ZPI-binding interface. The PZ-binding site on ZPI is centered around hG (purple) and the C terminus of hA (brown). The salt bridges are shown in magenta dashes, and hydrogen bonds in green dashes.
3F1S|||KA239A|||[salt bridge]|||--3f1s-blood-2009-04-210021.pdf|||Figure 1. (B) Stereo view of the PZ/ZPI-binding interface. The PZ-binding site on ZPI is centered around hG (purple) and the C terminus of hA (brown). The salt bridges are shown in magenta dashes, and hydrogen bonds in green dashes.
3F1S|||KA239C|||[salt bridge]|||--3f1s-blood-2009-04-210021.pdf|||Figure 1. (B) Stereo view of the PZ/ZPI-binding interface. The PZ-binding site on ZPI is centered around hG (purple) and the C terminus of hA (brown). The salt bridges are shown in magenta dashes, and hydrogen bonds in green dashes.
3F1S|||MA71A|||[hbond]|||--3f1s-blood-2009-04-210021.pdf|||The PZ and ZPI interface is further stabilized by 9 hydrogen bonds; notably, T297 of PZ forms both main-chain to main-chain and side-chain to main-chain hydrogen bonds to M71 in hA of ZPI.
3F1S|||MA71A|||[hydrophobic]|||--3f1s-blood-2009-04-210021.pdf|||In addition, the hydrophobic residues (Y240 and M71 of ZPI, and L353 of PZ) dock into corresponding surface cavities (black arrows). Other residues, such as L102, P103, M211, and K245 of PZ and L289, K284, and A290 of ZPI, also make significant hydrophobic interactions in the interface.
3F1S|||YA240A|||[hydrophobic]|||--3f1s-blood-2009-04-210021.pdf|||In addition, the hydrophobic residues (Y240 and M71 of ZPI, and L353 of PZ) dock into corresponding surface cavities (black arrows). Other residues, such as L102, P103, M211, and K245 of PZ and L289, K284, and A290 of ZPI, also make significant hydrophobic interactions in the interface.
3F1S|||YA240A|||[salt bridge]|||--3f1s-blood-2009-04-210021.pdf|||Figure 1. (B) Stereo view of the PZ/ZPI-binding interface. The PZ-binding site on ZPI is centered around hG (purple) and the C terminus of hA (brown). The salt bridges are shown in magenta dashes, and hydrogen bonds in green dashes.
3HFM|||DH32A|||[salt bridge]|||--3hfm-pnas.86.15.5938|||Table 1. Asp-32 (s) Lys-97*s, salt bridge.
3HFM|||DH32N|||[salt bridge]|||--3hfm-pnas.86.15.5938|||Table 1. Asp-32 (s) Lys-97*s, salt bridge.
3HFM|||DY101A|||[hbond][van der waals]|||--3hfm-pnas.86.15.5938|||Table 2. Tyr-53 0 Asp-101 OD1
3HFM|||DY101E|||[hbond][van der waals]|||--3hfm-pnas.86.15.5938|||Table 2. Tyr-53 0 Asp-101 OD1
3HFM|||DY101F|||[hbond][van der waals]|||--3hfm-pnas.86.15.5938|||Table 2. Tyr-53 0 Asp-101 OD1
3HFM|||DY101G|||[hbond][van der waals]|||--3hfm-pnas.86.15.5938|||Table 2. Tyr-53 0 Asp-101 OD1
3HFM|||DY101K|||[hbond][van der waals]|||--3hfm-pnas.86.15.5938|||Table 2. Tyr-53 0 Asp-101 OD1
3HFM|||DY101N|||[hbond][van der waals]|||--3hfm-pnas.86.15.5938|||Table 2. Tyr-53 0 Asp-101 OD1
3HFM|||DY101Q|||[hbond][van der waals]|||--3hfm-pnas.86.15.5938|||Table 2. Tyr-53 0 Asp-101 OD1
3HFM|||DY101R|||[hbond][van der waals]|||--3hfm-pnas.86.15.5938|||Table 2. Tyr-53 0 Asp-101 OD1
3HFM|||DY101S|||[hbond][van der waals]|||--3hfm-pnas.86.15.5938|||Table 2. Tyr-53 0 Asp-101 OD1
3HFM|||GY102V|||[hbond][van der waals]|||--3hfm-pnas.86.15.5938|||Table 2. Tyr-58 OH Gly-102 N
3HFM|||HY15A|||[van der waals]|||--3hfm-pnas.86.15.5938|||(Table 1), 111 are van der Waals contacts and 14 are hydrogen-bonding contacts (Table 2).Table 1. Asn-31 (h) His-15, Gly-16, Lys-96Not in table 2.
3HFM|||IY98A|||[van der waals]|||--3hfm-pnas.86.15.5938|||Table 1. Tyr-33 (h) Trp-63, Lys-97, Ile-98, Ser-100, Asp-101Not in table 2.
3HFM|||KY96M|||[hbond] [van der waals]|||--3hfm-pnas.86.15.5938|||Table 1. Tyr-50 Asn-93, Lys-96Table 2. Asn-31 OD1 Lys-96 NZ
3HFM|||KY96R|||[hbond] [van der waals]|||--3hfm-pnas.86.15.5938|||Table 1. Tyr-50 Asn-93, Lys-96Table 2. Asn-31 OD1 Lys-96 NZ
3HFM|||KY97A|||[hbond][salt bridge][van der waals]|||--3hfm-pnas.86.15.5938|||Table 2. Tyr-33 OH Lys-97 0Table 1. Asp-32 (s) Lys-97Table 1. Trp-95 Arg-21, Lys-97, Ser-100, not in table 2.
3HFM|||KY97D|||[hbond][salt bridge][van der waals]|||--3hfm-pnas.86.15.5938|||Table 2. Tyr-33 OH Lys-97 0Table 1. Asp-32 (s) Lys-97Table 1. Trp-95 Arg-21, Lys-97, Ser-100, not in table 2.
3HFM|||KY97E|||[hbond][salt bridge][van der waals]|||--3hfm-pnas.86.15.5938|||Table 2. Tyr-33 OH Lys-97 0Table 1. Asp-32 (s) Lys-97Table 1. Trp-95 Arg-21, Lys-97, Ser-100, not in table 2.
3HFM|||KY97G|||[hbond][salt bridge][van der waals]|||-3hfm-pnas.86.15.5938|||Table 2. Tyr-33 OH Lys-97 0Table 1. Asp-32 (s) Lys-97Table 1. Trp-95 Arg-21, Lys-97, Ser-100, not in table 2.
3HFM|||KY97M|||[hbond][salt bridge][van der waals]|||--3hfm-pnas.86.15.5938|||Table 2. Tyr-33 OH Lys-97 0Table 1. Asp-32 (s) Lys-97Table 1. Trp-95 Arg-21, Lys-97, Ser-100, not in table 2.
3HFM|||KY97R|||[hbond][salt bridge][van der waals]|||--3hfm-pnas.86.15.5938|||Table 2. Tyr-33 OH Lys-97 0Table 1. Asp-32 (s) Lys-97Table 1. Trp-95 Arg-21, Lys-97, Ser-100, not in table 2.
3HFM|||LY75A|||[van der waals]|||--3hfm-pnas.86.15.5938|||(Table 1), 111 are van der Waals contacts and 14 are hydrogen-bonding contacts (Table 2).Table 1. Ser-31 (h) Arg-73, Leu-75 Asp-101, Tyr-53 (h) Trp-63, Leu-75, Asp-101Not in table 2.
3HFM|||NL31A|||[hbond][van der waals]|||--3hfm-pnas.86.15.5938|||Table 1. Asn-31 (h) His-15, Gly-16, Lys-96*h, hydrogen bonding;Table 2. Asn-31 OD1 Lys-96 NZ
3HFM|||NL31D|||[hbond][van der waals]|||--3hfm-pnas.86.15.5938|||Table 1. Asn-31 (h) His-15, Gly-16, Lys-96*h, hydrogen bonding;Table 2. Asn-31 OD1 Lys-96 NZ
3HFM|||NL31E|||[hbond][van der waals]|||--3hfm-pnas.86.15.5938|||Table 1. Asn-31 (h) His-15, Gly-16, Lys-96*h, hydrogen bonding;Table 2. Asn-31 OD1 Lys-96 NZ
3HFM|||NL32A|||[hbond][van der waals]|||--3hfm-pnas.86.15.5938|||Table 1. Asn-32 (h) Gly-16, Tyr-20*h, hydrogen bonding;Table 2. Asn-32 ND2 Gly-16 0
3HFM|||NY19D|||[no contact]|||--3hfm-pnas.86.15.5938|||In addition, Asn-19, Asn-103, and Ala-107 are partly buried by the interaction with the antibody, although not in actual contact by the criteria we have used.
3HFM|||NY19K|||[no contact]|||--3hfm-pnas.86.15.5938|||In addition, Asn-19, Asn-103, and Ala-107 are partly buried by the interaction with the antibody, although not in actual contact by the criteria we have used.
3HFM|||NY19Q|||[no contact]|||--3hfm-pnas.86.15.5938|||In addition, Asn-19, Asn-103, and Ala-107 are partly buried by the interaction with the antibody, although not in actual contact by the criteria we have used.
3HFM|||NY93A|||[hbond] [van der waals]|||--3hfm-pnas.86.15.5938|||Table 1. Tyr-50 Asn-93, Lys-96Table 2. Gln-53 OE1 Asn-93 ND2, Gln-53 NE2 Asn-93 OD1
3HFM|||QL53A|||[hbond][van der waals]|||--3hfm-pnas.86.15.5938|||Table 1. Gln-53 (h) Thr-89, Asn-93*h, hydrogen bonding;Table 2. Gln-53 OE1 Asn-93 ND2, Gln-53 NE2 Asn-93 OD1
3HFM|||RY21A|||[hbond][van der waals]|||--3hfm-pnas.86.15.5938|||Table 2. Asn-92 0 Arg-21 N, Tyr-96 OH Arg-21 NH1, Tyr-50 OH Arg-21 NH1,
3HFM|||RY21E|||[hbond][van der waals]|||--3hfm-pnas.86.15.5938|||Table 2. Asn-92 0 Arg-21 N, Tyr-96 OH Arg-21 NH1, Tyr-50 OH Arg-21 NH1,
3HFM|||RY21G|||[hbond][van der waals]|||--3hfm-pnas.86.15.5938|||Table 2. Asn-92 0 Arg-21 N, Tyr-96 OH Arg-21 NH1, Tyr-50 OH Arg-21 NH1,
3HFM|||RY21H|||[hbond][van der waals]|||--3hfm-pnas.86.15.5938|||Table 2. Asn-92 0 Arg-21 N, Tyr-96 OH Arg-21 NH1, Tyr-50 OH Arg-21 NH1,
3HFM|||RY21K|||[hbond][van der waals]|||--3hfm-pnas.86.15.5938|||Table 2. Asn-92 0 Arg-21 N, Tyr-96 OH Arg-21 NH1, Tyr-50 OH Arg-21 NH1,
3HFM|||RY21M|||[hbond][van der waals]|||--3hfm-pnas.86.15.5938|||Table 2. Asn-92 0 Arg-21 N, Tyr-96 OH Arg-21 NH1, Tyr-50 OH Arg-21 NH1,
3HFM|||RY21N|||[hbond][van der waals]|||--3hfm-pnas.86.15.5938|||Table 2. Asn-92 0 Arg-21 N, Tyr-96 OH Arg-21 NH1, Tyr-50 OH Arg-21 NH1,
3HFM|||RY21Q|||[hbond][van der waals]|||--3hfm-pnas.86.15.5938|||Table 2. Asn-92 0 Arg-21 N, Tyr-96 OH Arg-21 NH1, Tyr-50 OH Arg-21 NH1,
3HFM|||RY21W|||[hbond][van der waals]|||--3hfm-pnas.86.15.5938|||Table 2. Asn-92 0 Arg-21 N, Tyr-96 OH Arg-21 NH1, Tyr-50 OH Arg-21 NH1,
3HFM|||RY73A|||[hbond] [van der waals]|||--3hfm-pnas.86.15.5938|||Table 2. Thr-30 0 Arg-73 NH1, Ser-31 OG Arg-73 NH1
3HFM|||SH31A|||[hbond] [van der waals]|||--3hfm-pnas.86.15.5938|||Table 1. Ser-31 (h) Arg-73, Leu-75*h, hydrogen bonding;Table 2. Ser-31 OG Arg-73 NH1
3HFM|||SH31A||||||-- indicate what proteins are which chains in the PDB file.    Example.|||
3HFM|||SY100A|||[hbond][van der waals]|||--3hfm-pnas.86.15.5938|||Table 2. Tyr-50 OH Arg-21 NH1,Ser-100 0
3HFM|||TY89A|||[van der waals]|||--3hfm-pnas.86.15.5938|||(Table 1), 111 are van der Waals contacts and 14 are hydrogen-bonding contacts (Table 2).Table 1. Gln-53 (h) Thr-89, Asn-93Not in table 2.
3HFM|||WH98A|||[not documented]|||--3hfm-pnas.86.15.5938|||
3HFM|||WH98F|||[not documented]|||--3hfm-pnas.86.15.5938|||
3HFM|||WY63A|||[note]||||||The side chain of Tyr-53 from CDR2-H of HyHEL-10penetrates into the catalytic cleft of the antigen and interactswith Trp-63, which has been implicated in the enzymaticactivity of lysozyme (34).
3HFM|||WY63A|||[van der waals]|||--3hfm-pnas.86.15.5938|||(Table 1), 111 are van der Waals contacts and 14 are hydrogen-bonding contacts (Table 2).Table 1. Tyr-33 (h) Trp-63, Lys-97, Ile-98, Ser-100, Asp-101, Tyr-53 (h) Trp-63, Leu-75, Asp-101.Not in table 2.
3HFM|||YH33A|||[hbond][van der waals]|||--3hfm-pnas.86.15.5938|||Table 1. Tyr-33 (h) Trp-63, Lys-97, Ile-98, Ser-100, Asp-101*h, hydrogen bonding;Table 2. Tyr-33 OH Lys-97 0
3HFM|||YH33F|||[hbond][van der waals]|||--3hfm-pnas.86.15.5938|||Table 1. Tyr-33 (h) Trp-63, Lys-97, Ile-98, Ser-100, Asp-101*h, hydrogen bonding;Table 2. Tyr-33 OH Lys-97 0
3HFM|||YH33L|||[hbond][van der waals]|||--3hfm-pnas.86.15.5938|||Table 1. Tyr-33 (h) Trp-63, Lys-97, Ile-98, Ser-100, Asp-101*h, hydrogen bonding;Table 2. Tyr-33 OH Lys-97 0
3HFM|||YH50A|||[hbond]|||--3hfm-pnas.86.15.5938|||Table 1. Tyr-50 (h) Arg-21, Ser-100*h, hydrogen bonding;Table 2. Tyr-50 OH Arg-21 NH1,Ser-100 0
3HFM|||YH50F|||[hbond]|||--3hfm-pnas.86.15.5938|||Table 1. Tyr-50 (h) Arg-21, Ser-100*h, hydrogen bonding;Table 2. Tyr-50 OH Arg-21 NH1,Ser-100 0
3HFM|||YH50L|||[hbond]|||--3hfm-pnas.86.15.5938|||Table 1. Tyr-50 (h) Arg-21, Ser-100*h, hydrogen bonding;Table 2. Tyr-50 OH Arg-21 NH1,Ser-100 0
3HFM|||YH53A|||[hbond][van der waals]|||--3hfm-pnas.86.15.5938|||Table 1. Tyr-53 (h) Trp-63, Leu-75, Asp-101*h, hydrogen bonding;Table 2. Tyr-53 0 Asp-101 OD1
3HFM|||YH53F|||[hbond][van der waals]|||--3hfm-pnas.86.15.5938|||Table 1. Tyr-53 (h) Trp-63, Leu-75, Asp-101*h, hydrogen bonding;Table 2. Tyr-53 0 Asp-101 OD1
3HFM|||YH53L|||[hbond][van der waals]|||--3hfm-pnas.86.15.5938|||Table 1. Tyr-53 (h) Trp-63, Leu-75, Asp-101*h, hydrogen bonding;Table 2. Tyr-53 0 Asp-101 OD1
3HFM|||YH53W|||[hbond][van der waals]|||--3hfm-pnas.86.15.5938|||Table 1. Tyr-53 (h) Trp-63, Leu-75, Asp-101*h, hydrogen bonding;Table 2. Tyr-53 0 Asp-101 OD1
3HFM|||YH58A|||[hbond][van der waals]|||--3hfm-pnas.86.15.5938|||Table 1. Tyr-58 (h) Arg-21, Ser-100, Gly-102*h, hydrogen bonding;Table 2. Tyr-58 OH Gly-102 N
3HFM|||YH58F|||[hbond][van der waals]|||--3hfm-pnas.86.15.5938|||Table 1. Tyr-58 (h) Arg-21, Ser-100, Gly-102*h, hydrogen bonding;Table 2. Tyr-58 OH Gly-102 N
3HFM|||YH58L|||[hbond][van der waals]|||--3hfm-pnas.86.15.5938|||Table 1. Tyr-58 (h) Arg-21, Ser-100, Gly-102*h, hydrogen bonding;Table 2. Tyr-58 OH Gly-102 N
3HFM|||YL50A|||[van der waals]|||--3hfm-pnas.86.15.5938|||(Table 1), 111 are van der Waals contactsTable 1. Tyr-50 Asn-93, Lys-96
3HFM|||YL50F|||[van der waals]|||--3hfm-pnas.86.15.5938|||(Table 1), 111 are van der Waals contactsTable 1. Tyr-50 Asn-93, Lys-96
3HFM|||YL50L|||[van der waals]|||--3hfm-pnas.86.15.5938|||(Table 1), 111 are van der Waals contactsTable 1. Tyr-50 Asn-93, Lys-96
3HFM|||YL96A|||[hbond]|||--3hfm-pnas.86.15.5938|||Table 1. Tyr-96 (h) Arg-21*h, hydrogen bonding;Table 2. Tyr-96 OH Arg-21 NH1
3HFM|||YL96F|||[hbond]|||--3hfm-pnas.86.15.5938|||Table 1. Tyr-96 (h) Arg-21*h, hydrogen bonding;Table 2. Tyr-96 OH Arg-21 NH1
3HFM|||YY20A|||[hbond][van der waals]|||--3hfm-pnas.86.15.5938|||Table 2. Ser-91 0 Tyr-20 OH
3HFM|||YY20F|||[hbond][van der waals]|||--3hfm-pnas.86.15.5938|||Table 2. Ser-91 0 Tyr-20 OH
3HFM|||YY20L|||[hbond][van der waals]|||--3hfm-pnas.86.15.5938|||Table 2. Ser-91 0 Tyr-20 OH
3HH2|||FC47A|||[hbond]|||--3hh2-emboj.2009.205.pdf|||Interestingly, the C-terminal end of the ND helix is more extended when bound to myostatin, wherein the backbone carbonyl oxygens of F47 and K48 hydrogen bond to the i þ 4 residue instead of the i þ 3 residue observed in the activin A complex.
3HH2|||FC47E|||[hbond]|||--3hh2-emboj.2009.205.pdf|||Interestingly, the C-terminal end of the ND helix is more extended when bound to myostatin, wherein the backbone carbonyl oxygens of F47 and K48 hydrogen bond to the i þ 4 residue instead of the i þ 3 residue observed in the activin A complex.
3HH2|||FC52A|||[interaction]|||--3hh2-emboj.2009.205.pdf|||These differences alter the interface interactions significantly, as F52 and K48 of Fst288 splay outwards in opposite directions (insets in Figure 6A), allowing W31 of myostatin (which adopts a different rotamer compared with activin A W28) to insert between them, overall, permitting the ND to interact more closely with myostatin than it does with activin A.
3HH2|||FC52E|||[interaction]|||--3hh2-emboj.2009.205.pdf|||These differences alter the interface interactions significantly, as F52 and K48 of Fst288 splay outwards in opposite directions (insets in Figure 6A), allowing W31 of myostatin (which adopts a different rotamer compared with activin A W28) to insert between them, overall, permitting the ND to interact more closely with myostatin than it does with activin A.
3HH2|||IC51A|||[no interaction]|||--3hh2-emboj.2009.205.pdf|||Figure 6.
3HH2|||IC51E|||[no interaction]|||--3hh2-emboj.2009.205.pdf|||Figure 6.
3HH2|||VC15E|||[hbond]|||--3hh2-emboj.2009.205.pdf|||Both ligands form a backbone hydrogen bond here, with myostatin L52 bonding to Fst288 L16 and activin A T51 to Fst288 V15
3KBH|||DA38A|||[salt bridge]|||--3kbh-pnas.0908837106.pdf|||At the end of the tunnel, ACE2 Asp-38 forms a salt bridge with Lys-353, neutralizing its charge. Because of the hydrophobic environ-ment, this salt bridge is energetically stabilizing (27) and critical for virus-receptor interactions. Alanine substitutions for Lys- 353 or any other residues involved in the hotspot structure abolish NL63-CoV binding
3KBH|||SE535A|||[hydrophobic]|||--3kbh-pnas.0908837106.pdf|||Upon NL63-CoV binding, Lys-353 becomes embedded ina hydrophobic tunnel surrounded by 2 aromatic rings of ACE2Tyr-41 and NL63-CoV Tyr-498 and by 2 alkyl chains of ACE2Asp-37 and NL63-CoV Ser-535
3KBH|||SE535T|||[hydrophobic]|||--3kbh-pnas.0908837106.pdf|||Upon NL63-CoV binding, Lys-353 becomes embedded ina hydrophobic tunnel surrounded by 2 aromatic rings of ACE2Tyr-41 and NL63-CoV Tyr-498 and by 2 alkyl chains of ACE2Asp-37 and NL63-CoV Ser-535
3KBH|||YA41A|||[hydrophobic]|||--3kbh-pnas.0908837106.pdf|||Upon NL63-CoV binding, Lys-353 becomes embedded ina hydrophobic tunnel surrounded by 2 aromatic rings of ACE2Tyr-41 and NL63-CoV Tyr-498 and by 2 alkyl chains of ACE2Asp-37 and NL63-CoV Ser-535
3KBH|||YA41F|||[hydrophobic]|||--3kbh-pnas.0908837106.pdf|||Upon NL63-CoV binding, Lys-353 becomes embedded ina hydrophobic tunnel surrounded by 2 aromatic rings of ACE2Tyr-41 and NL63-CoV Tyr-498 and by 2 alkyl chains of ACE2Asp-37 and NL63-CoV Ser-535
3KBH|||YE498A|||[hydrophobic]|||--3kbh-pnas.0908837106.pdf|||Upon NL63-CoV binding, Lys-353 becomes embedded ina hydrophobic tunnel surrounded by 2 aromatic rings of ACE2Tyr-41 and NL63-CoV Tyr-498 and by 2 alkyl chains of ACE2Asp-37 and NL63-CoV Ser-535
3MZG 3N06 3N0P|||AA27H|||[not documented]|||--3mzg-jbc.M110.172072-same-as-3n06.pdf|||Also, the neutral state of His-180 contributes signifi-cantly to the receptor binding affinity at high pH, where asHis-27 and His-30 appear to contribute little to receptor recog-nition despite their location within the high affinity receptor binding interface.
3MZG 3N06 3N0P|||AA30H|||[not documented]|||--3mzg-jbc.M110.172072-same-as-3n06.pdf|||Also, the neutral state of His-180 contributes signifi-cantly to the receptor binding affinity at high pH, where asHis-27 and His-30 appear to contribute little to receptor recog-nition despite their location within the high affinity receptor binding interface.
3MZG 3N06 3N0P|||HA173A|||[not documented]|||--3mzg-jbc.M110.172072-same-as-3n06.pdf|||
3MZG 3N06 3N0P|||HA180A|||[hbond]|||--3mzg-jbc.M110.172072-same-as-3n06.pdf|||Figure 4.
3MZG 3N06 3N0P|||HA27A|||[hbond]||||||Figure 4.
3MZG 3N06 3N0P|||HA27A|||[low impact]|||--3mzg-jbc.M110.172072-same-as-3n06.pdf|||Also, the neutral state of His-180 contributes signifi-cantly to the receptor binding affinity at high pH, where asHis-27 and His-30 appear to contribute little to receptor recog-nition despite their location within the high affinity receptor binding interface.
3MZG 3N06 3N0P|||HA30A|||[hbond]|||--3mzg-jbc.M110.172072-same-as-3n06.pdf|||Figure 4.
3MZG 3N06 3N0P|||HA30A|||[low impact]|||--3mzg-jbc.M110.172072-same-as-3n06.pdf|||Also, the neutral state of His-180 contributes signifi-cantly to the receptor binding affinity at high pH, where asHis-27 and His-30 appear to contribute little to receptor recog-nition despite their location within the high affinity receptor binding interface.
3MZG 3N06 3N0P|||HB188A|||[hbond]|||--3mzg-jbc.M110.172072-same-as-3n06.pdf|||Figure 4.
3NCC-|||AB188H|||[note]|||-1-s2.0-S0021925820607165-main.pdf|||AB188H should be HB188A
3NCC-|||AB188H|||[skipped][wrong mutation]|||--|||A similar effect is seen for WTH188A and H180AWT complexes in the lower right panel, with the additional perturbation of multiple side-chain positions in H180A hPRL. Conformational rearrangement of the protein backbone upon removal of the His-30 and His-180 imidazoles suggests a degree of backbone structural strain in the WT protein consistent with the previously reported stabilization of prolactin global fold induced by the H30A and H180A mutations (36). Side-chain rearrangement in H180A may relate lower receptor binding affinity.We show that His-180 in hPRL and His-188 of hPRLr are critical for pH-dependent receptor binding and activation, with His-30 playing an additional role. This is the first report to systematically dissect the structural and functional roles of specific histidines within theintermolecular interface of a hematopoietic cytokine-receptor pair.
3NGB-|||AH56G|||[not documented]|||-1-s2.0-S0022283616305162-main.pdf|||
3NGB-|||DH99A|||[not documented]|||-1-s2.0-S0022283616305162-main.pdf|||
3NGB-|||EL96A|||[not documented]|||-1-s2.0-S0022283616305162-main.pdf|||
3NGB-|||FL97A|||[not documented]|||-1-s2.0-S0022283616305162-main.pdf|||
3NGB-|||GH54A|||[hydrophobic]|||-1-s2.0-S0022283616305162-main.pdf|||Alteration of VRC01 glycine 54 to alanine enhanced affinities in some cases, suggesting that a hydrophobic residue at this position might lead to enhanced antibody potency.G54 on the heavy chain of VRC01 was the most favorable mutation experimentally, and it can be seen from the trajectories that this is likely because the inserted alanine formed a favorable hydrophobic interaction with an isoleucine (I204 in the RSC3 homology model) on the gp120, whereas the glycine left a gap large enough for water to occupy.
3NGB-|||GH54S|||[hydrophobic]|||-1-s2.0-S0022283616305162-main.pdf|||Alteration of VRC01 glycine 54 to alanine enhanced affinities in some cases, suggesting that a hydrophobic residue at this position might lead to enhanced antibody potency.G54 on the heavy chain of VRC01 was the most favorable mutation experimentally, and it can be seen from the trajectories that this is likely because the inserted alanine formed a favorable hydrophobic interaction with an isoleucine (I204 in the RSC3 homology model) on the gp120, whereas the glycine left a gap large enough for water to occupy.
3NGB-|||GH55A|||[not documented]|||-1-s2.0-S0022283616305162-main.pdf|||
3NGB-|||IH30A|||[not documented]|||-1-s2.0-S0022283616305162-main.pdf|||
3NGB-|||IH30T|||[not documented]|||-1-s2.0-S0022283616305162-main.pdf|||
3NGB-|||KH52A|||[not documented]|||-1-s2.0-S0022283616305162-main.pdf|||
3NGB-|||KH52N|||[not documented]|||-1-s2.0-S0022283616305162-main.pdf|||
3NGB-|||NH58A|||[not documented]|||-1-s2.0-S0022283616305162-main.pdf|||
3NGB-|||PH62K|||[not documented]|||-1-s2.0-S0022283616305162-main.pdf|||
3NGB-|||QH64A|||[not documented]|||-1-s2.0-S0022283616305162-main.pdf|||
3NGB-|||QL27A|||[not documented]|||-1-s2.0-S0022283616305162-main.pdf|||
3NGB-|||RH53A|||[not documented]|||-1-s2.0-S0022283616305162-main.pdf|||
3NGB-|||RH53N|||[not documented]|||-1-s2.0-S0022283616305162-main.pdf|||
3NGB-|||RH61Q|||[not documented]|||-1-s2.0-S0022283616305162-main.pdf|||
3NGB-|||RH71A|||[Salt Bridge]|||-1-s2.0-S0022283616305162-main.pdf|||The PG04 antibody heavy chain contains two neighboring arginines, residues R71 and R73,whose interactions with gp120 can change under mutations on the CDR H2 loop.In the wild-type antibody, R71 forms an extremely stable salt bridge with an aspartic acid (D201 in our homology model, D368 in the 3SE9 crystal structure template used to build the RSC3 homology model) on the gp120, and R73 forms a stable contact with another residue on theantibody heavy chain.
3NGB-|||VH57A|||[not documented]|||-1-s2.0-S0022283616305162-main.pdf|||
3NGB-|||VH57T|||[not documented]|||-1-s2.0-S0022283616305162-main.pdf|||
3NGB-|||VH73A|||[not documented]|||-1-s2.0-S0022283616305162-main.pdf|||
3NGB-|||VH73T|||[not documented]|||-1-s2.0-S0022283616305162-main.pdf|||
3NGB-|||VL3A|||[not documented]|||-1-s2.0-S0022283616305162-main.pdf|||
3NGB-|||WH47A|||[stacking][pi-pi]|||-1-s2.0-S0022283616305162-main.pdf|||The first case, W100B, was the most unfavorable mutation in the alanine scan cases. Its indole nitrogen formed a highly stable hydrogen bond with a gp120 side chain (glu 204 in the RSC3 homology model) and also formed very stable pi-stacking interactions with two adjacent residues (Y100 and W47) that appear important in stabilizing the overall binding mode ofVRC01 with gp120.
3NGB-|||WH50A|||[not documented]|||-1-s2.0-S0022283616305162-main.pdf|||
3NGB-|||YH100A|||[HBond]||||||High unfavorability of the W100B to ALA mutationFigure7, Top: Loss of the hydrogen bond of W100B(center) with gp120 residue A141 (dashed yellow line) and the stabilizing network of pi-pi stacking interactions (dashed light blue lines) result in the large unfavorable effect upon mutation to alanine.The first case, W100B, was the most unfavorable mutation in the alanine scan cases. Its indole nitrogen formed a highly stable hydrogen bond with a gp120 side chain (glu 204 in the RSC3 homology model) and also formed very stable pi-stacking interactions with two adjacent residues (Y100 and W47) that appear important in stabilizing the overall binding mode ofVRC01 with gp120.
3NGB-|||YH100A|||[not documented]|||-1-s2.0-S0022283616305162-main.pdf|||WH100bA
3NGB-|||YH100A|||[pi-pi][stacking]|||-1-s2.0-S0022283616305162-main.pdf|||The first case, W100B, was the most unfavorable mutation in the alanine scan cases. Its indole nitrogen formed a highly stable hydrogen bond with a gp120 side chain (glu 204 in the RSC3 homology model) and also formed very stable pi-stacking interactions with two adjacent residues (Y100 and W47) that appear important in stabilizing the overall binding mode ofVRC01 with gp120.
3NGB-|||YH100A|||[stacking interaction][pi-pi]|||-1-s2.0-S0022283616305162-main.pdf|||W100B formed very stable pi-stacking interactions with two adjacent residues (Y100 and W47) that appear important in stabilizing the overall binding mode ofVRC01 with gp120.NH100aA
3NGB-|||YH59A|||[not documented]|||-1-s2.0-S0022283616305162-main.pdf|||
3NGB-|||YH74S|||[not documented]|||-1-s2.0-S0022283616305162-main.pdf|||
3NGB-|||YL28A|||[not documented]|||-1-s2.0-S0022283616305162-main.pdf|||
3NGB-|||YL28S|||[not documented]|||-1-s2.0-S0022283616305162-main.pdf|||
3NGB-|||YL91A|||[not documented]|||-1-s2.0-S0022283616305162-main.pdf|||
3NPS-|||DA217A|||[not documented]|||-Copy of 3nps-schneider2012.pdf|||
3NPS-|||DA60bA|||[not documented]|||-Copy of 3nps-schneider2012.pdf|||
3NPS-|||DA96A|||[not documented]|||-Copy of 3nps-schneider2012.pdf|||
3NPS-|||FA97A|||[not documented]|||-Copy of 3nps-schneider2012.pdf|||
3NPS-|||HA143A|||[not documented]|||-Copy of 3nps-schneider2012.pdf|||
3NPS-|||IA41A|||[not documented]|||-Copy of 3nps-schneider2012.pdf|||
3NPS-|||QA145A|||[not documented]|||-Copy of 3nps-schneider2012.pdf|||
3NPS-|||QA174A|||[not documented]|||-Copy of 3nps-schneider2012.pdf|||
3NPS-|||QA175A|||[not documented]|||-Copy of 3nps-schneider2012.pdf|||
3NPS-|||QA221aA|||[not documented]|||-Copy of 3nps-schneider2012.pdf|||
3NPS-|||RA60cA|||[not documented]|||-Copy of 3nps-schneider2012.pdf|||
3NPS-|||TA150A|||[not documented]|||-Copy of 3nps-schneider2012.pdf|||
3NPS-|||TA98A|||[not documented]|||-Copy of 3nps-schneider2012.pdf|||
3NPS-|||YA146A|||[not documented]|||-Copy of 3nps-schneider2012.pdf|||
3NVQ-|||RA202E|||[salt bridge]|||-1-s2.0-S0092867410008445-main.pdf|||Sema7A residues Arg204 and Arg202 both forming salt bridges with PlexinC1 residue Glu219.Here, Arg204 of Sema7A salt bridges with Glu219 in PlexinC1, and this interaction is mimickedby Arg134 of A39R salt bridging to PlexinC1 Glu219.Arg202 and Asp216 in Sema7A are spatially mimicked by Arg132 and Asp148 in A39R, but the hydrogen bonding network with the same PlexinC1 residues is remodeled.Mutations of A39R Arg132 or Tyr145 (corresponding to Sema7A Arg202 and Tyr213) to glutamate or serine abolished PlexinC1 binding (Figures 6C and 6D), whereas mutation of A39R Arg207 (corresponding to Sema7A Lys280) to glutamate reduced PlexinC1 binding by >60-fold (Figure 6E).
3NVQ-|||RA204E|||[salt bridge]|||-1-s2.0-S0092867410008445-main.pdf|||Sema7A residues Arg204 and Arg202 both forming salt bridges with PlexinC1 residue Glu219.Here, Arg204 of Sema7A salt bridges with Glu219 in PlexinC1, and this interaction is mimickedby Arg134 of A39R salt bridging to PlexinC1 Glu219.Arg202 and Asp216 in Sema7A are spatially mimicked by Arg132 and Asp148 in A39R, but the hydrogen bonding network with the same PlexinC1 residues is remodeled.Mutations of A39R Arg132 or Tyr145 (corresponding to Sema7A Arg202 and Tyr213) to glutamate or serine abolished PlexinC1 binding (Figures 6C and 6D), whereas mutation of A39R Arg207 (corresponding to Sema7A Lys280) to glutamate reduced PlexinC1 binding by >60-fold (Figure 6E).
3PWP-|||GC2L|||[Hydrophobic]||||||Anchor modification thus perturbed the side-chain conformational equilibrium toward the TCR-bound state, with a greater perturbation in the singly modified HuDG2L peptide. The mechanism behind the perturbations is not clear, as there are no backbone or side-chain changes propagated from the anchor residues, and there are no crystallographic contacts in any of the structures that could influence side-chain position. However, anchor modification of class I MHC-presented peptides has previously been shown to affect the conformation of amino acids distant from the site of substitution
3Q3J-|||YB114F|||[Hydrophobic]||||||The side-chain rotation of Tyr114 is obvious because it forms hydrophobic contacts with Val1822 and with the side-chain methyl group of Thr1823 of plexin-B1.Finally, as mentioned above, a singular difference in terms of the interacting residues is the mutation of Tyr114 to Phe between Rnd1 and Rnd2. We therefore wondered whether mutation of this residue in Rnd1 would be sufficient to mimic the binding of Rnd2 to plexin-D1 for instance. Table 2 (bottom) shows that this is not the case; in fact, the binding affinity of this mutant is unchanged also for the plexin-A2 and -B1 wild-type RBDs.
3QDG-|||AE55P|||[skipped][TCR/pMHC]|||-Copy of 3qdg-borbulevych2011-same-as-3qdj.pdf|||
3QDG-|||DD26W|||[skipped][TCR/pMHC]|||-Copy of 3qdg-borbulevych2011-same-as-3qdj.pdf|||
3QDG-|||DD26Y|||[skipped][TCR/pMHC]|||-Copy of 3qdg-borbulevych2011-same-as-3qdj.pdf|||
3QDG-|||FE100Y|||[skipped][TCR/pMHC]|||-Copy of 3qdg-borbulevych2011-same-as-3qdj.pdf|||
3QDG-|||GD28I|||[skipped][TCR/pMHC]|||-Copy of 3qdg-borbulevych2011-same-as-3qdj.pdf|||
3QDG-|||GD28L|||[skipped][TCR/pMHC]|||-Copy of 3qdg-borbulevych2011-same-as-3qdj.pdf|||
3QDG-|||GD28N|||[skipped][TCR/pMHC]|||-Copy of 3qdg-borbulevych2011-same-as-3qdj.pdf|||
3QDG-|||GD28P|||[skipped][TCR/pMHC]|||-Copy of 3qdg-borbulevych2011-same-as-3qdj.pdf|||
3QDG-|||GD28Y|||[skipped][TCR/pMHC]|||-Copy of 3qdg-borbulevych2011-same-as-3qdj.pdf|||
3QDG-|||RD27P|||[skipped][TCR/pMHC]|||-Copy of 3qdg-borbulevych2011-same-as-3qdj.pdf|||
3QDG-|||RD27W|||[skipped][TCR/pMHC]|||-Copy of 3qdg-borbulevych2011-same-as-3qdj.pdf|||
3QDG-|||TE102F|||[skipped][TCR/pMHC]|||-Copy of 3qdg-borbulevych2011-same-as-3qdj.pdf|||
3QDJ-|||AE55P|||[skipped][TCR/pMHC]|||-Copy of 3qdg-borbulevych2011-same-as-3qdj.pdf|||
3QDJ-|||DD26W|||[skipped][TCR/pMHC]|||-Copy of 3qdg-borbulevych2011-same-as-3qdj.pdf|||
3QDJ-|||DD26Y|||[skipped][TCR/pMHC]|||-Copy of 3qdg-borbulevych2011-same-as-3qdj.pdf|||
3QDJ-|||FE100W|||[skipped][TCR/pMHC]|||-Copy of 3qdg-borbulevych2011-same-as-3qdj.pdf|||
3QDJ-|||FE100Y|||[skipped][TCR/pMHC]|||-Copy of 3qdg-borbulevych2011-same-as-3qdj.pdf|||
3QDJ-|||GD28I|||[skipped][TCR/pMHC]|||-Copy of 3qdg-borbulevych2011-same-as-3qdj.pdf|||
3QDJ-|||GD28L|||[skipped][TCR/pMHC]|||-Copy of 3qdg-borbulevych2011-same-as-3qdj.pdf|||
3QDJ-|||GD28N|||[skipped][TCR/pMHC]|||-Copy of 3qdg-borbulevych2011-same-as-3qdj.pdf|||
3QDJ-|||GD28P|||[skipped][TCR/pMHC]|||-Copy of 3qdg-borbulevych2011-same-as-3qdj.pdf|||
3QDJ-|||GD28Y|||[skipped][TCR/pMHC]|||-Copy of 3qdg-borbulevych2011-same-as-3qdj.pdf|||
3QDJ-|||LE98W|||[skipped][TCR/pMHC]|||-Copy of 3qdg-borbulevych2011-same-as-3qdj.pdf|||
3QDJ-|||RD27P|||[skipped][TCR/pMHC]|||-Copy of 3qdg-borbulevych2011-same-as-3qdj.pdf|||
3QDJ-|||RD27W|||[skipped][TCR/pMHC]|||-Copy of 3qdg-borbulevych2011-same-as-3qdj.pdf|||
3QDJ-|||TE102F|||[skipped][TCR/pMHC]|||-Copy of 3qdg-borbulevych2011-same-as-3qdj.pdf|||
3QHY|||DB131A|||[electrostatic]|||--3qhy-brown2011.pdf|||Figure 5. The color of the edge represents van der Waals, hydrogen bonds, aromatic, and electrostatic interactions as black, blue, red, and green colors, respectively.
3QHY|||DB131A|||[salt bridge]|||--3qhy-brown2011.pdf|||In the BLIP-II-Bla1 structure, Lys-111 has moved closer to Asp-167 (4 Å), where it forms two salt bridges with Asp-167 and Asp-131.
3QHY|||DB167A|||[electrostatic]|||--3qhy-brown2011.pdf|||Figure 5. The color of the edge represents van der Waals, hydrogen bonds, aromatic, and electrostatic interactions as black, blue, red, and green colors, respectively.
3QHY|||DB167A|||[salt bridge]|||--3qhy-brown2011.pdf|||In the BLIP-II-Bla1 structure, Lys-111 has moved closer to Asp-167 (4 Å), where it forms two salt bridges with Asp-167 and Asp-131.
3QHY|||DB170A|||[electrostatic]|||--3qhy-brown2011.pdf|||Figure 5. The color of the edge represents van der Waals, hydrogen bonds, aromatic, and electrostatic interactions as black, blue, red, and green colors, respectively.In addition, an aromatic interac-tion is formed between Lys-99 and Tyr-191 of BLIP-II, and two electrostatic interactions are formed between Lys-99 of Bla1 and two aspartate residues of BLIP-II (Asp-170 and Asp-206).
3QHY|||DB206A|||[electrostatic]|||--3qhy-brown2011.pdf|||Figure 5. The color of the edge represents van der Waals, hydrogen bonds, aromatic, and electrostatic interactions as black, blue, red, and green colors, respectively.In addition, an aromatic interac-tion is formed between Lys-99 and Tyr-191 of BLIP-II, and two electrostatic interactions are formed between Lys-99 of Bla1 and two aspartate residues of BLIP-II (Asp-170 and Asp-206).
3QHY|||DB52A|||[salt bridge]|||--3qhy-brown2011.pdf|||Another salt bridge is formed between Arg-244 of Bla1 and Asp-52 of BLIP-II
3QHY|||DB52A|||[vanDerWaals][electrostatic]|||--3qhy-brown2011.pdf|||Figure 5. The color of the edge represents van der Waals, hydrogen bonds, aromatic, and electrostatic interactions as black, blue, red, and green colors, respectively.
3QHY|||EB268A|||[vanDerWaals]|||--3qhy-brown2011.pdf|||Figure 5. The color of the edge represents van der Waals, hydrogen bonds, aromatic, and electrostatic interactions as black, blue, red, and green colors, respectively.
3QHY|||FB209A|||[vanDerWaals]|||--3qhy-brown2011.pdf|||Figure 5. The color of the edge represents van der Waals, hydrogen bonds, aromatic, and electrostatic interactions as black, blue, red, and green colors, respectively.
3QHY|||FB230A|||[vanDerWaals]|||--3qhy-brown2011.pdf|||Figure 5. The color of the edge represents van der Waals, hydrogen bonds, aromatic, and electrostatic interactions as black, blue, red, and green colors, respectively.
3QHY|||FB74A|||[aromatic]|||--3qhy-brown2011.pdf|||Figure 5. The color of the edge represents van der Waals, hydrogen bonds, aromatic, and electrostatic interactions as black, blue, red, and green colors, respectively.
3QHY|||IB229A|||[vanDerWaals]|||--3qhy-brown2011.pdf|||Figure 5. The color of the edge represents van der Waals, hydrogen bonds, aromatic, and electrostatic interactions as black, blue, red, and green colors, respectively.
3QHY|||LB91A|||[vanDerWaals]|||--3qhy-brown2011.pdf|||Figure 5. The color of the edge represents van der Waals, hydrogen bonds, aromatic, and electrostatic interactions as black, blue, red, and green colors, respectively.
3QHY|||NB112A|||[hbond]|||--3qhy-brown2011.pdf|||Figure 5. The color of the edge represents van der Waals, hydrogen bonds, aromatic, and electrostatic interactions as black, blue, red, and green colors, respectively.
3QHY|||NB304A|||[vanDerWaals]|||--3qhy-brown2011.pdf|||Figure 5. The color of the edge represents van der Waals, hydrogen bonds, aromatic, and electrostatic interactions as black, blue, red, and green colors, respectively.
3QHY|||NB50A|||[hbond][aromatic][vanDerWaals]|||--3qhy-brown2011.pdf|||Figure 5. The color of the edge represents van der Waals, hydrogen bonds, aromatic, and electrostatic interactions as black, blue, red, and green colors, respectively.
3QHY|||RB286A|||[not documented]||||||
3QHY|||WB152A|||[vanDerWaals]|||--3qhy-brown2011.pdf|||Figure 5. The color of the edge represents van der Waals, hydrogen bonds, aromatic, and electrostatic interactions as black, blue, red, and green colors, respectively.
3QHY|||WB269A|||[vanDerWaals]|||--3qhy-brown2011.pdf|||Figure 5. The color of the edge represents van der Waals, hydrogen bonds, aromatic, and electrostatic interactions as black, blue, red, and green colors, respectively.
3QHY|||WB53A|||[vanDerWaals]|||--3qhy-brown2011.pdf|||Figure 5. The color of the edge represents van der Waals, hydrogen bonds, aromatic, and electrostatic interactions as black, blue, red, and green colors, respectively.
3QHY|||YB113A|||[not documented]||||||
3QHY|||YB191A|||[hbond][aromatic][vanDerWaals]|||--3qhy-brown2011.pdf|||Figure 5. The color of the edge represents van der Waals, hydrogen bonds, aromatic, and electrostatic interactions as black, blue, red, and green colors, respectively.In addition, an aromatic interac-tion is formed between Lys-99 and Tyr-191 of BLIP-II, and two electrostatic interactions are formed between Lys-99 of Bla1 and two aspartate residues of BLIP-II (Asp-170 and Asp-206).
3QHY|||YB208A|||[hbond][vanDerWaals]|||--3qhy-brown2011.pdf|||Figure 5. The color of the edge represents van der Waals, hydrogen bonds, aromatic, and electrostatic interactions as black, blue, red, and green colors, respectively.
3QHY|||YB248A|||[not documented]||||||
3QHY|||YB73A|||[vanDerWaals]|||--3qhy-brown2011.pdf|||Figure 5. The color of the edge represents van der Waals, hydrogen bonds, aromatic, and electrostatic interactions as black, blue, red, and green colors, respectively.
3SE3|||DA132A|||[hbond] [salt bridge]|||----3se3-thomas2011-same-as-3s9d.pdf|||Arg123ω on helix D of IFNω forms a critical lynchpin for the SD1-SD2 interaction: it hydrogen bonds to Ser182R1 in the SD2 domain, contacts Thr181R1 and Phe96R1, and is engaged in a salt bridge with Asp132R1
3SE3|||FA238A|||[Hydrophobic]|||----3se3-thomas2011-same-as-3s9d.pdf|||Furthermore, Tyr85α2 and Tyr89α2 participate in the hydrophobic interaction with Leu134R1 and Phe238R1 of IFNAR1 and Phe64α2 of the ligand
3SE3|||FA96A|||[Hydrophobic]|||----3se3-thomas2011-same-as-3s9d.pdf|||The aromatic rings of Tyr70R1 and Phe96R1, together with the side chain of Leu131R1 in a loop of the SD2 domain, form a hydrophobic patch that packs against the ligand
3SE3|||LA131A|||[Hydrophobic]|||----3se3-thomas2011-same-as-3s9d.pdf|||The aromatic rings of Tyr70R1 and Phe96R1, together with the side chain of Leu131R1 in a loop of the SD2 domain, form a hydrophobic patch that packs against the ligand (Figures 5C and 5F).
3SE3|||NA155T|||[not documented]||||||
3SE3|||NA245A|||[not documented]||||||
3SE3|||NA68A|||[not documented]||||||
3SE3|||RA241A|||[not documented]||||||
3SE3|||SA135A|||[not documented]||||||
3SE3|||SA182A|||[hbond]|||----3se3-thomas2011-same-as-3s9d.pdf|||Arg123ω on helix D of IFNω forms a critical lynchpin for the SD1-SD2 interaction: it hydrogen bonds to Ser182R1 in the SD2 domain, contacts Thr181R1 and Phe96R1, and is engaged in a salt bridge with Asp132R1
3SE3|||TA181A|||[hbond]|||----3se3-thomas2011-same-as-3s9d.pdf|||Arg123ω is intramolecularly stabilized by Glu61ω that also forms a hydrogen bond with Thr181R1
3SE3|||YA70A|||[Hydrophobic]|||----3se3-thomas2011-same-as-3s9d.pdf|||The aromatic rings of Tyr70R1 and Phe96R1, together with the side chain of Leu131R1 in a loop of the SD2 domain, form a hydrophobic patch that packs against the ligand
3SE4|||DA132A|||[hbond] [salt bridge]|||----3se3-thomas2011-same-as-3s9d.pdf|||Arg123ω on helix D of IFNω forms a critical lynchpin for the SD1-SD2 interaction: it hydrogen bonds to Ser182R1 in the SD2 domain, contacts Thr181R1 and Phe96R1, and is engaged in a salt bridge with Asp132R1
3SE4|||EC77A|||[hbond] [salt bridge]|||----3se3-thomas2011-same-as-3s9d.pdf|||A major ligand-specific difference between the IFNα and IFNω interfaces is related to Arg149α2 in IFNα2, and the analogous Lys152IFN in IFNω, and their respective interaction chemistries with Glu77R2. In the IFNα2-IFNAR2 interface, these two residues (R149Aα2 and Glu77R2) stabilize the interaction by forming a salt bridge (Figures 4C and 4D) that is worth about 1.9 kcal/mol in free energy
3SE4|||HC187A|||[not documented]||||||
3SE4|||HC76A|||[hbond]|||----3se3-thomas2011-same-as-3s9d.pdf|||Close-up view of Arg149IFN, Glu77R2, and His76R2 and their environment. Hydrogen bonds and salt bridges are depicted as dashed lines.
3SE4|||IC103A|||[Hydrophobic]|||----3se3-thomas2011-same-as-3s9d.pdf|||Two hydrophobic interaction clusters are present in the IFNα-IFNAR2 interface: the first one is formed between Leu15α2 and Met16α2 of the IFN molecule and Trp100R2 and Ile103R2 of IFNAR2; the second one comprises Leu26α2, Phe27α2, Leu30α2, and Val142α2 of the ligand and Met46R2, Leu52R2, Val80R2, and Thr44R2 of the receptor. Of these, Trp100R2, Ile103R2, Met46R2, Val80R2, Thr44R2, and the ligand residues corresponding to Met148α2, Phe27α2, Leu30α2, and Val142α2 are also involved in the IFNω-IFNAR2 interface. Substituting Met148α2 in IFNα2 or Ile103R2 of IFNAR2 results in 10- to 30-fold decreases in binding.
3SE4|||KB152A|||[hbond]|||----<cite the paper filename, so we can find the quote again>|||Arginine at position 149 is the consensus in all type I IFNs except IFNω, where it is replaced by Lys152ω, that forms an intramolecular salt bridge with Glu149ω and is within close proximity but is not directly contacting Glu77R2 of the receptor.
3SE4|||KB152R|||[hbond]|||----3se3-thomas2011-same-as-3s9d.pdf|||Arginine at position 149 is the consensus in all type I IFNs except IFNω, where it is replaced by Lys152ω, that forms an intramolecular salt bridge with Glu149ω and is within close proximity but is not directly contacting Glu77R2 of the receptor.In the IFNα2-IFNAR2 interface, these two residues (R149Aα2 and Glu77R2) stabilize the interaction by forming a salt bridge (Figures 4C and 4D) that is worth about 1.9 kcal/mol in free energyTo mimic the connectivity of the IFNα2-binding interface, we made the Lys152Argω swapping mutation (in addition to K152A), which increases omega binding by 5-fold (Table S2). To establish the connectivity of Arg at position 152 in IFNω with Glu77R2, we performed double-mutant cycle analyses between E77R2 and K152Aω and K152Rω (Figure S4). Lysine152ω binds Glu77R2 with a ΔΔGint of 1.3 kcal/mol, whereas Arg in position 152 binds with a ΔΔGint of 2.2 kcal/mol, clearly establishing that,
3SE4|||LA131A|||[Hydrophobic]|||----3se3-thomas2011-same-as-3s9d.pdf|||The aromatic rings of Tyr70R1 and Phe96R1, together with the side chain of Leu131R1 in a loop of the SD2 domain, form a hydrophobic patch that packs against the ligand (Figures 5C and 5F).
3SE4|||LB32A|||[Hydrophobic]|||----3se3-thomas2011-same-as-3s9d.pdf|||Leu30α2 is conserved in all human IFNs and equates to Leu32ω. Both are involved in similar hydrophobic clusters in IFNAR2 interactions that are also energetically similar (Table S2). Thus, these are energetically critical, shared anchor points mediating IFN cross-reactivity.
3SE4|||MB148A|||[no mechanism]||||||
3SE4|||MB148A|||[no mechanism]||||||
3SE4|||MC46A|||[Hydrophobic]|||----3se3-thomas2011-same-as-3s9d.pdf|||Two hydrophobic interaction clusters are present in the IFNα-IFNAR2 interface: the first one is formed between Leu15α2 and Met16α2 of the IFN molecule and Trp100R2 and Ile103R2 of IFNAR2; the second one comprises Leu26α2, Phe27α2, Leu30α2, and Val142α2 of the ligand and Met46R2, Leu52R2, Val80R2, and Thr44R2 of the receptor. Of these, Trp100R2, Ile103R2, Met46R2, Val80R2, Thr44R2, and the ligand residues corresponding to Met148α2, Phe27α2, Leu30α2, and Val142α2 are also involved in the IFNω-IFNAR2 interface.
3SE4|||MC46V|||[Hydrophobic]|||----3se3-thomas2011-same-as-3s9d.pdf|||Two hydrophobic interaction clusters are present in the IFNα-IFNAR2 interface: the first one is formed between Leu15α2 and Met16α2 of the IFN molecule and Trp100R2 and Ile103R2 of IFNAR2; the second one comprises Leu26α2, Phe27α2, Leu30α2, and Val142α2 of the ligand and Met46R2, Leu52R2, Val80R2, and Thr44R2 of the receptor. Of these, Trp100R2, Ile103R2, Met46R2, Val80R2, Thr44R2, and the ligand residues corresponding to Met148α2, Phe27α2, Leu30α2, and Val142α2 are also involved in the IFNω-IFNAR2 interface.
3SE4|||NA155T|||[not documented]||||||
3SE4|||NA242A|||[no mechanism]|||----3se3-thomas2011-same-as-3s9d.pdf|||His71ω, which is contacting Asn242R1 in the IFNω complex, is replaced with a serine in IFNα2. The different chemical environments of Asn242R1 in the two complexes might contribute to ligand specificity
3SE4|||PB28A|||[no mechanism]|||----3se3-thomas2011-same-as-3s9d.pdf|||The IFNω mutation P28Aω had no effect on receptor binding, whereas swapping Pro28ω with Leu26α2 (i.e., P28Lω) reduced binding 6-fold in IFNω.
3SE4|||PB28L|||[no mechanism]|||----3se3-thomas2011-same-as-3s9d.pdf|||The IFNω mutation P28Aω had no effect on receptor binding, whereas swapping Pro28ω with Leu26α2 (i.e., P28Lω) reduced binding 6-fold in IFNω.
3SE4|||RA241A|||[not documented]||||||
3SE4|||SA135A|||[not documented]||||||
3SE4|||SC47A|||[not documented]||||||
3SE4|||TA181A|||[hbond]|||----3se3-thomas2011-same-as-3s9d.pdf|||Arg123ω is intramolecularly stabilized by Glu61ω that also forms a hydrogen bond with Thr181R1
3SE4|||TC44A|||[hbond]|||----3se3-thomas2011-same-as-3s9d.pdf|||It forms an extensive hydrogen-bonding network with the main chain carbonyl oxygen atoms of Ile45R2 and Glu50R2 and the side chain of Thr44R2.
3SE4|||VC80A|||[Hydrophobic]|||----3se3-thomas2011-same-as-3s9d.pdf|||Two hydrophobic interaction clusters are present in the IFNα-IFNAR2 interface: the first one is formed between Leu15α2 and Met16α2 of the IFN molecule and Trp100R2 and Ile103R2 of IFNAR2; the second one comprises Leu26α2, Phe27α2, Leu30α2, and Val142α2 of the ligand and Met46R2, Leu52R2, Val80R2, and Thr44R2 of the receptor. Of these, Trp100R2, Ile103R2, Met46R2, Val80R2, Thr44R2, and the ligand residues corresponding to Met148α2, Phe27α2, Leu30α2, and Val142α2 are also involved in the IFNω-IFNAR2 interface.
3SE8|||DH100cA|||[not documented]||||||
3SE8|||DH99A|||[not documented]||||||
3SE8|||EL1A|||[not documented]||||||
3SE8|||EL96A|||[not documented]||||||
3SE8|||FH100dA(F100D)|||[hydrophobic]|||----3se9-000.pdf|||F100D on the heavy chain of VRC03 formed a strong hydrophobic contact with the nearby residue F91 on the light chain; however, the presence of NAG776 in the model disrupted this contact, pushing away the F91 side chain far enough to allow water penetration between the two phenyl side chains
3SE8|||FL91A|||[Hydrophobic]|||----3se9-000.pdf|||F100D on the heavy chain of VRC03 formed a strong hydrophobic contact with the nearby residue F91 on the light chain; however, the presence of NAG776 in the model disrupted this contact, pushing away the F91 side chain far enough to allow water penetration between the two phenyl side chains.
3SE8|||FL97A|||[not documented]||||||
3SE8|||GH55A|||[not documented]||||||however, in VRC03, similar contact G55 mutant had a ΔΔG of 0.8 kcal/mol.
3SE8|||LH53A|||[not documented]||||||
3SE8|||NL31A|||[not documented]||||||
3SE8|||PH76aA|||[not documented]||||||
3SE8|||PH76dA|||[not documented]||||||
3SE8|||QH62A|||[not documented]||||||
3SE8|||QH64A|||[not documented]||||||
3SE8|||QH75A|||[not documented]||||||
3SE8|||QL27A|||[not documented]||||||
3SE8|||RH30A|||[not documented]||||||
3SE8|||RH61A|||[not documented]||||||
3SE8|||RH71A|||[not documented]||||||
3SE8|||SH58A|||[not documented]||||||
3SE8|||VH57A|||[not documented]||||||
3SE8|||WH47A|||[not documented]||||||There are common locations across all three antibodies, which result in ΔΔG values in excess of 1kal/mol when mutated to alanine, such as W47, W50, and R71.
3SE8|||WH50A|||[not documented]||||||There are common locations across all three antibodies, which result in ΔΔG values in excess of 1kal/mol when mutated to alanine, such as W47, W50, and R71.
3SE8|||WH54A|||[not documented]||||||
3SE8|||YH100A|||[not documented]||||||
3SE8|||YH59A|||[not documented]||||||
3SE9|||DH74A|||[not documented]|||----<cite the paper filename, so we can find the quote again>|||<add the quote from the paper>
3SE9|||EL96A|||[not documented]|||----<cite the paper filename, so we can find the quote again>\|||<add the quote from the paper>
3SE9|||FL97A|||[mechanism] [state what mechanism affects the mutation]|||----<cite the paper filename, so we can find the quote again>|||<add the quote from the paper>
3SE9|||GH100A|||[not documented]|||----3se9-000.pdf|||In another example, in VRC-PG04, G100A had ΔΔG of − 0.6 kcal/mol in contrast to VRC01 N100A mutants with a ΔΔG of 1.1 kcal/mol.
3SE9|||GH100A|||[not documented]|||----3se9-000.pdf|||In another example, in VRC-PG04, G100A had ΔΔG of − 0.6 kcal/mol in contrast to VRC01 N100A mutants with a ΔΔG of 1.1 kcal/mol.GH100aA
3SE9|||GH100A|||[not documented]|||----3se9-000.pdf|||In another example, in VRC-PG04, G100A had ΔΔG of − 0.6 kcal/mol in contrast to VRC01 N100A mutants with a ΔΔG of 1.1 kcal/mol.GH100cA
3SE9|||GH54A|||[Hydrophobic]|||----<cite the paper filename, so we can find the quote again>|||The mutation of G54 (top) to A54 on the heavy chain results in an improved hydrophobic contact with I204 on the gp120, resulting in the favorable change in binding affinity observed for this mutation.
3SE9|||GH54A|||[steric]|||----<cite the paper filename, so we can find the quote again>|||The mutant phase system maintains the contact between R73 and the gp120 residue because the contact involving R71 is now prevented by the alanine side chain.
3SE9|||GH59A|||[not documented]|||----<cite the paper filename, so we can find the quote again>|||<add the quote from the paper>
3SE9|||LH34A|||[not documented]|||----<cite the paper filename, so we can find the quote again>|||<add the quote from the paper>
3SE9|||LL91A|||[not documented]|||----<cite the paper filename, so we can find the quote again>|||<add the quote from the paper>
3SE9|||NH57A|||[not documented]|||----<cite the paper filename, so we can find the quote again>|||<add the quote from the paper>
3SE9|||PH61A|||[not documented]|||----<cite the paper filename, so we can find the quote again>|||<add the quote from the paper>
3SE9|||RH73A|||[not documented]|||----<cite the paper filename, so we can find the quote again>|||<add the quote from the paper>
3SE9|||TH53A|||[steric][conformational]|||----<cite the paper filename, so we can find the quote again>|||There remain some outstanding sampling issues for a small handful of cases in the set. In particular, in one case on the H2 loop of VRC-PG04, T53 shows much more sensitivity to small changes in initial conditions than most of the other cases. This case is adjacent to the G54 case discussed in detail previously, and the difficulties may be of similar origin. An additional issue is that the case cited above is experimentally determined to result in a more favorable binding affinity, despite the reduction in the size of the residue from threonine to alanine. In general, one would expect that most such cases must arise because of favorable, relatively complex rearrangements in the surrounding residues at the interface, and capturing such rearrangements is a larger sampling problem than capturing effects more localized around the target residue.
3SE9|||TH99A|||[not documented]|||----<cite the paper filename, so we can find the quote again>|||<add the quote from the paper>
3SE9|||VH56A|||[not documented]|||----<cite the paper filename, so we can find the quote again>|||<add the quote from the paper>
3SE9|||VL3A|||[not documented]|||----<cite the paper filename, so we can find the quote again>|||<add the quote from the paper>
3SE9|||WH47A|||[steric][conformational]|||----<cite the paper filename, so we can find the quote again>|||There are common locations across all three antibodies, which result in ΔΔG values in excess of 1kal/mol when The latter effectively anchored the long flexible CDR H3 loop to the sheet that W47 is on. In the bottom panel of Fig. 7, several frames from the wild type and mutant replicas are shown together, aligned to the backbone of the first wild-type frame. With W100B present, W100B (and Y100, not shown) is aligned well with the light chain, constraining the CDR H3 loop configuration. In the mutant end trajectory frames, in contrast, the much smaller alanine is essentially uncorrelated with the alignment of the light chain backbone, and the CDR H3 loop is able to assume a more favorable backbone configuration, explaining at least a part of the slow relaxation.mutated to alanine, such as W47, W50, and R71.
3SE9|||YH98A|||[not documented]|||----<cite the paper filename, so we can find the quote again>|||<add the quote from the paper>
3SE9|||YL30A|||[not documented]|||----<cite the paper filename, so we can find the quote again>|||<add the quote from the paper>
3SEK|||FC60A|||[not documented]|||----3sek-cash2011.pdf|||In agreement with the Fstl3 glutamate mutants, the Fstl3 alanine mutants are also negatively affected in ligand binding, albeit usually to a lesser degree (Table 2).
3SEK|||FC60E|||[electrostatic]|||----3sek-cash2011.pdf|||Our mutagenesis data up to this point support that Fstl3 ND point mutations L57E, F60E, and L61E disrupt ligand binding, whereas corresponding Fst mutations have little effect. It is possible that glutamate mutations are only detrimental to Fstl3 binding because of an unexpected electrostatic interaction.
3SEK|||LC24E|||[low impact]|||----<cite the paper filename, so we can find the quote again>|||Mutants L57E and L61E bind with an ∼20-30-fold decrease in activin A affinity. F60E showed an ∼6.5-fold decrease, whereas L24E was similar to wild type.
3SEK|||LC57A|||[not documented]|||----3sek-cash2011.pdf|||In agreement with the Fstl3 glutamate mutants, the Fstl3 alanine mutants are also negatively affected in ligand binding, albeit usually to a lesser degree (Table 2).
3SEK|||LC57E|||[electrostatic]|||----3sek-cash2011.pdf|||Mutants L57E and L61E bind with an ∼20-30-fold decrease in activin A affinity.As shown in Table 2, the KD values of Fstl3 glutamate mutants L57E, F60E, and L61E binding to either myostatin or activin A are significantly increased by 2 orders of magnitude or more.Our mutagenesis data up to this point support that Fstl3 ND point mutations L57E, F60E, and L61E disrupt ligand binding, whereas corresponding Fst mutations have little effect.It is possible that glutamate mutations are only detrimental to Fstl3 binding because of an unexpected electrostatic interaction.
3SF4|||ED42R|||[hbond] [salt bridge]|||----3sf4-yuzawa2011.pdf|||The main chains of mInsc Glu40, Glu42, and Cys43 form hydrogen bonds with the side chains of the LGN conserved residues Asn203, Asn200, and Tyr139, respectively (Fig. 2D); these interactions appear to stabilize the conformation of the mInsc extended region. The carboxy side chain of mInsc Glu42 makes salt bridges with both Arg221 on TPR5 and Arg236 on TPR6, whereas the side chain of Glu40 coordinates with that of Arg235 on TPR6 (Fig. 2D).Replacement of mInsc Glu42, another invariant residue, by arginine led to a slight but significant decrease in interaction with LGN (KD of approximately 60 nM).
3SF4|||KD50D|||[hbond]|||----3sf4-yuzawa2011.pdf|||In particular, the ε amino group of the invariant residue Lys50 coordinates with the carboxy group of LGN Asp81 (Fig. 2F), which is conserved during evolution in Pins-related proteins.Although the K50D substitution marginally affected mInsc-LGN interaction (Fig. 3A), the E42R/K50D double substitution more effectively inhibited the interaction than the E42R single substitution (Fig. S5B). Thus, the invariant residue Lys50 in the mInsc β-loop-β module appears to substantially contribute to the interaction with LGN.lthough the K50D substitution marginally affected mInsc-LGN interaction (Fig. 3A), the E42R/K50D double substitution more effectively inhibited the interaction than the E42R single substitution (Fig. S5B). Thus, the invariant residue Lys50 in the mInsc β-loop-β module appears to substantially contribute to the interaction with LGN.
3SF4|||NA283R|||[Steric]|||----3sf4-yuzawa2011.pdf|||The N-terminal region of mInsc-LBD forms an α-helix spanning residues 26 to 35 (Fig. 2A). Trp31, an invariant residue (completely conserved from insects to mammals), and three hydrophobic residues in the α-helix, Val28, Met32, and Leu35, form a surface complementary to the LGN groove formed by TPRs 6-8 (Fig. 2A), which may stabilize the α-helical structure. Although Leu35 is replaced with glutamine in Drosophila Insc, both Val28 and Met32 are conserved between human mInsc and its Drosophila homologue: Val28 interacts with the invariant residues Asn283, Thr286, and Leu287 on TPR7; and Met32 with the conserved residues Ile246 and Phe247 on TPR6.
3SF4|||RA221E|||[hbond] [salt bridge]|||----3sf4-yuzawa2011.pdf|||The carboxy side chain of mInsc Glu42 makes salt bridges with both Arg221 on TPR5 and Arg236 on TPR6, whereas the side chain of Glu40 coordinates with that of Arg235 on TPR6.Consistent with this, the three basic residues Arg221, Arg235, and Arg236 are completely conserved among the mammalian Pins-related proteins LGN and AGS3, and Drosophila Pins (Fig. S2). These findings suggest that the extended region of Insc-related proteins recognizes their partners mainly via ionic interactions in an evolutionarily conserved manner.We next tested the role of LGN Arg221 on TPR5 and Asn283 on TPR7, which make direct contacts with the crucial residues Glu42 and Trp31 in mInsc, respectively. The R221E/N283R substitution abrogated LGN interaction with mInsc, although both of the single substitutions slightly affected the interaction
3SF4|||WD31A|||[Steric]|||----3sf4-yuzawa2011.pdf|||Trp31, an invariant residue (completely conserved from insects to mammals), and three hydrophobic residues in the α-helix, Val28, Met32, and Leu35, form a surface complementary to the LGN groove formed by TPRs 6-8 (Fig. 2A), which may stabilize the α-helical structure.Intriguingly, Trp31 in mInsc is encircled by many residues on LGN TPRs 6-8 (Ile246, Tyr258, Tyr279, Ser280, Asn283, Thr284, and Arg316), thereby making extensive interactions with them (Fig. 2A and Fig. S3).Substitution of alanine for mInsc Trp31, an invariant residue in mInsc-related proteins, resulted in about 200-fold decrease in the affinity for LGN (KD of approximately 430 nM).
3SGB|||AI15D AI15Q AI15R AI15W AI15E AI15Y AI15H AI15M AI15F AI15N AI15L AI15I AI15T AI15P AI15K AI15V AI15S AI15C AI15G|||[no mechanism]||||||
3SGB|||AI15|||[steric]||||||main-chain shift alleviates close contacts
3SGB|||EI19Y EI19H EI19F EI19D EI19W EI19N EI19G EI19A EI19S EI19V EI19M EI19L EI19T EI19C EI19Q EI19R EI19P EI19K EI19I EI19|||[Hbond]||||||The side-chain carboxyl group of Glu- 191 forms a hydrogen bond to the main-chain NH
3SGB|||GI32W GI32D GI32L GI32E GI32H GI32Y GI32F GI32Q GI32K GI32R GI32P GI32N GI32A GI32C GI32I GI32V GI32S GI32T GI32M|||||||||
3SGB|||KI13H KI13Y KI13W KI13T KI13Q KI13P KI13A KI13E KI13D KI13C KI13F KI13G KI13V KI13I KI13N KI13M KI13L KI13S KI13R|||[no mechanism]||||||
3SGB|||KI13|||[Hbond]||||||main-chain shift relieves bad contacts, while allowing H-bond formation
3SGB|||LI18D LI18H LI18I LI18E LI18N LI18V LI18M LI18Q LI18A|||[Hydrophobic]||||||The dominant force for binding to these pockets is the hydrophobic interaction. Excess steric bulk (too large for the pocket), awkward shape (Pro, Val and Ile), polarity (Ser) oppose interaction.
3SGB|||LI18F|||[confirmation]||||||In the case of SGPB, Phe18-, Tyr18 and Trp18- bind less well than Leu18- in spite of greater buried hydrophobic surface area. Bateman et al. (1996) obtained the structures of these complexes and showed that the aromatic side-chains without distorting the S1 pocket. Why then do they bind more poorly than the less hydrophobic Leu18? In order to in without distorting the pocket, they adopt an unfavorable w2 angle. Bateman et al. (1996) calculate that this uncommon angle costs about 3kcal/mol, somewhat more than is needed to explain the decline in binding of the aromatic residues compared to Leu18.
3SGB|||LI18K LI18S LI18G|||[Hydrophobic]||||||The dominant force for binding to these pockets is the hydrophobic interaction. Excess steric bulk (too large for the pocket), awkward shape (Pro, Val and Ile), polarity (Ser) oppose interaction.
3SGB|||LI18R LI18T LI18C LI18P|||[Steric]||||||Modeling suggests that Pro18 side-chain is difficult  to wedge into the S1 pocket.
3SGB|||LI18W|||[confirmation]||||||In the case of SGPB, Phe18-, Tyr18 and Trp18- bind less well than Leu18- in spite of greater buried hydrophobic surface area. Bateman et al. (1996) obtained the structures of these complexes and showed that the aromatic side-chains without distorting the S1 pocket. Why then do they bind more poorly than the less hydrophobic Leu18? In order to in without distorting the pocket, they adopt an unfavorable w2 angle. Bateman et al. (1996) calculate that this uncommon angle costs about 3kcal/mol, somewhat more than is needed to explain the decline in binding of the aromatic residues compared to Leu18.
3SGB|||LI18Y|||[confirmation]||||||In the case of SGPB, Phe18-, Tyr18 and Trp18- bind less well than Leu18- in spite of greater buried hydrophobic surface area. Bateman et al. (1996) obtained the structures of these complexes and showed that the aromatic side-chains without distorting the S1 pocket. Why then do they bind more poorly than the less hydrophobic Leu18? In order to in without distorting the pocket, they adopt an unfavorable w2 angle. Bateman et al. (1996) calculate that this uncommon angle costs about 3kcal/mol, somewhat more than is needed to explain the decline in binding of the aromatic residues compared to Leu18.
3SGB|||NI36D NI36E NI36M NI36Q NI36P NI36F NI36H NI36I NI36W NI36Y NI36G NI36S NI36L NI36V NI36A NI36T NI36C NI36K NI36R|||||||||
3SGB|||PI14T PI14W PI14I PI14H PI14F PI14V PI14M PI14K PI14D PI14E PI14A PI14L PI14Y PI14G PI14R PI14N PI14Q PI14S PI14C|||[no mechanism]||||||
3SGB|||RI21H RI21L RI21N RI21M RI21C RI21I RI21T RI21Y RI21A RI21E RI21D RI21F RI21P RI21S RI21V RI21G RI21W RI21Q RI21K|||||||||
3SGB|||TI17Y TI17W TI17E TI17H TI17Q TI17M TI17C TI17D TI17P TI17I TI17L TI17N TI17G TI17K TI17R TI17F TI17A TI17V TI17S|||[no mechanism]||||||
3SGB|||TI17|||[Steric]||||||His-57 side-chain reorientation avoids close contact, as well as making H bonding to Ser-195 possible
3SGB|||YI20F YI20M YI20E YI20R YI20V YI20T YI20D YI20I YI20P YI20L YI20W YI20Q YI20C YI20H YI20S YI20K YI20G YI20N YI20A|||||||||
3SZK|||FC128A|||[vanDerWaals]|||----3szk-000.pdf|||The most important residues are Tyr-125, His-127, Phe-128, and Phe-129, which when mutated completely disrupt binding. Alanine substitution of Tyr-125, His-127, Phe-128, and Phe-129 within the β1-β2 loop completely abrogates binding to Hp, whereas a Y125A mutation causes a 21-fold reduction in affinity.
3SZK|||FC128A||||||----3szk-krishnakumar2011.pdf|||Loop2 of IsdHN1 contains an unusual string of five consecutive aromatic residues (Tyr-125, Tyr-126, His-127, Phe-128, and Phe-129; Fig. 3, B and C), which are crucial for Hb binding. A number of these aromatic side chains make van der Waals contacts with non-polar surfaces on Hb and are partially (Tyr-125and Phe-128) or completely (Tyr-126 and Phe-129) buried fromSolvent.
3SZK|||FC129A|||[vanDerWaals]|||----3szk-000.pdf|||The most important residues are Tyr-125, His-127, Phe-128, and Phe-129, which when mutated completely disrupt binding.Alanine substitution of Tyr-125, His-127, Phe-128, and Phe-129 within the β1-β2 loop completely abrogates binding to Hp, whereas a Y125A mutation causes a 21-fold reduction in affinity.
3SZK|||FC129A||||||----3szk-krishnakumar2011.pdf|||Loop2 of IsdHN1 contains an unusual string of five consecutive aromatic residues (Tyr-125, Tyr-126, His-127, Phe-128, and Phe-129; Fig. 3, B and C), which are crucial for Hb binding. A number of these aromatic side chains make van der Waals contacts with non-polar surfaces on Hb and are partially (Tyr-125and Phe-128) or completely (Tyr-126 and Phe-129) buried fromSolvent.
3SZK|||NC151A|||[electrostatic]|||----3szk-krishnakumar2011.pdf|||Of particular note, the positively charged -amino group of Hb Lys-11 protrudes into an electronegative pocket on IsdHN1 (Fig. 3D) lined with hydroxyl and carbonyl groups from Ser-130, Tyr-126, Asn-151, and Thr-152 (Fig. 3C).
3SZK|||SC154A|||[no mechanism]|||----3szk-000.pdf|||
3SZK|||TC155A|||[no mechanism]|||----3szk-000.pdf|||
3SZK|||YC125A|||[vanDerWaals]|||----3szk-000.pdf|||Alanine substitution of Tyr-125, His-127, Phe-128, and Phe-129 within the β1-β2 loop completely abrogates binding to Hp, whereas a Y125A mutation causes a 21-fold reduction in affinity.Interestingly, residues in the aromatic motif required for Hb binding also play an essential role in Hp recognition.The most important binding surface is formed by the exposed side chains of Tyr-125, Tyr-125, and His-127 within the aromatic motif.
3SZK|||YC125A||||||----3szk-krishnakumar2011.pdf|||Loop2 of IsdHN1 contains an unusual string of five consecutive aromatic residues (Tyr-125, Tyr-126, His-127, Phe-128, and Phe-129; Fig. 3, B and C), which are crucial for Hb binding. A number of these aromatic side chains make van der Waals contacts with non-polar surfaces on Hb and are partially (Tyr-125and Phe-128) or completely (Tyr-126 and Phe-129) buried fromSolvent.
3SZK|||YC126A|||[vanDerWaals] [electrostatic]|||----3szk-000.pdf|||Loop2 of IsdHN1 contains an unusual string of five consecutive aromatic residues (Tyr-125, Tyr-126, His-127, Phe-128, and Phe-129; Fig. 3, B and C), which are crucial for Hb binding. A number of these aromatic side chains make van der Waals contacts with non-polar surfaces on Hb and are partially (Tyr-125and Phe-128) or completely (Tyr-126 and Phe-129) buried fromSolvent.
3SZK|||YC126A||||||----3szk-krishnakumar2011.pdf|||Of particular note, the positively charged -amino group of Hb Lys-11 protrudes into an electronegative pocket on IsdHN1 (Fig. 3D) lined with hydroxyl and carbonyl groups from Ser-130, Tyr-126, Asn-151, and Thr-152 (Fig. 3C).
3TGK|||DE194N (NE194D)|||[hbond]|||----<cite the paper filename, so we can find the quote again>|||The amino group of the new N-terminal Ile16 binds in a pocket, forming a salt bridge with the carboxylate of Asp194 (Fig. 3). These interactions stabilize the segments that form the S1 binding site and the oxyanion hole of the trypsin active site, as well as part of the S2′ site. Not surprisingly, destabilization of this structure by the substitution of Ile16 with smaller residues or by the substitution of Asp194 with Asn impairs the protease activity of trypsin (Hedstrom et al. 1996). However, the Asp194Asn mutation increases the activity of trypsinogen constructs (Pasternak et al. 1998).ΔI16V17/D194N trypsinogen is ∼100-fold more active than I16G trypsinogen and ΔI16V17 trypsinogen (Table 1; Pasternak et al. 1998). The crystal structure shows that a hydrogen bond forms between the OD1 oxygen of Asn194 and the amide nitrogen of Cys191 as observed with Asp194 in trypsin. A hydrogen bond also forms between the ND2 amide of Asn194 and the carbonyl oxygen of Trp141.The Ile16 pocket contains five water molecules. Water 561 makes a hydrogen bond to the side chain amide of Asn194. A cluster of three weakly bound water molecules (waters 641, 642, and 676) occupy the place where the main chain of Ile16 resides in wild-type trypsin.
3UIG 3UII|||3UII|||||||||
3UIG 3UII|||DA71A|||[hbond]|||----3uig-du2012-same-as-3uii.pdf|||The N-terminal NH3+ group of Ala1 of the bound peptide is anchored through hydrogen bond formation with the negatively-charged side chains of Asp71 and Glu76, while the carbonyl group of Ala1 forms a hydrogen bond with the ring nitrogen of His80.The importance of N-terminal recognition of the H3T3ph peptide by Survivin is attested by the pronounced drop in binding affinities on mutating Asp71 and Glu76 to Ala.
3UIG 3UII|||EA51A|||[low impact]|||----3uig-du2012-same-as-3uii.pdf|||
3UIG 3UII|||EA65A|||[hbond]|||----3uig-du2012-same-as-3uii.pdf|||The side chain of Arg2 of the bound peptide forms a hydrogen bond with the side chain of Glu65, while the backbone of Arg2 forms two main chain hydrogen bonds in an anti-parallel β-sheet-like manner. The E65A mutant (93 µM), which would disrupt a single hydrogen bond to the guanidinium group of Arg2.
3UIG 3UII|||EA76A|||[hbond]|||----3uig-du2012-same-as-3uii.pdf|||The N-terminal NH3+ group of Ala1 of the bound peptide is anchored through hydrogen bond formation with the negatively-charged side chains of Asp71 and Glu76, while the carbonyl group of Ala1 forms a hydrogen bond with the ring nitrogen of His80.
3UIG 3UII|||KA62A|||[hbond]|||----3uig-du2012-same-as-3uii.pdf|||Unexpectedly, the binding affinity of Survivin for H3T3ph peptide (Kd = 4.8 µM, Figure 3B) is only 2-fold stronger than for unmodified H3 peptide (Kd = 10.0 µM, Figure 3C), while the K62A mutant of Survivin, that disrupts the hydrogen bond to H3T3ph (Figure 1C), binds the H3T3ph peptide with only a 2-fold reduced binding affinity (Kd = 10.2 µM, Table 3).
3UIG 3UII|||KA62A|||[low impact]|||----3uig-du2012-same-as-3uii.pdf|||
3W2D|||KA98N|||[not documented]|||----3w2d-mabs.27106.pdf|||
3W2D|||KA98R|||[not documented]|||----3w2d-mabs.27106.pdf|||
3W2D|||YA73F|||[not documented]|||----3w2d-mabs.27106.pdf|||
3W2D|||YA73L|||[not documented]|||----3w2d-mabs.27106.pdf|||
3WWN|||KA231E|||[electrostatic]|||----3wwn-jbc.m114.595983.pdf|||Glu-26 of TtLysW formed an electrostatic interaction with Lys-227 and Lys-231 of TtLysZ
3WWN|||RA227E|||[electrostatic]|||----3wwn-jbc.m114.595983.pdf|||Asp-27 of TtLysW electrostatically interacted with Arg-227 and Arg-230 from TtLysZ.
4B0M|||AB141G|||[low impact]|||----<cite the paper filename, so we can find the quote again>|||The side chain of Met8a and atom Cδ2 of Thr7a are located within 3.9-4.4 Å from the Cα and Cβ atoms of Ala141 in Caf1, thus providing weak van der Waals interactions.Changing Ala141 to Gly (essentially halving the interactive area) had no effect on Caf1M:Caf1 binding to Caf1A
4B0M|||LM43A|||[vanDerWaals] [hydrophobic]|||----<cite the paper filename, so we can find the quote again>|||In free Caf1M, Pro104m occupies a hydrophobic pocket between the side chains of Pro41m, Leu43m, and Ile102m and the aliphatic part of the side chain of Arg69m, which all belong to the UBS.Nine residues in these segments (Tyr2a, Thr3a, Phe4a, Thr7a, Met8a, Leu9a, Leu17a, Val19a, and Phe22a) establish van der Waals interactions with seven closely situated residues in Caf1M, including four hydrophobic residues exposed on the surface of the DCFG β sheet of domain 1 (Pro41m, Leu43m, Leu67m, and Ile102m), Pro103m and Pro104m at the beginning of the F1G1 loop, and the aliphatic part of the side chain of Arg69m.
4B0M|||MA8A|||[low impact]|||----<cite the paper filename, so we can find the quote again>|||Nine residues in these segments (Tyr2a, Thr3a, Phe4a, Thr7a, Met8a, Leu9a, Leu17a, Val19a, and Phe22a) establish van der Waals interactions with seven closely situated residues in Caf1M.The side chain of Met8a and atom Cδ2 of Thr7a are located within 3.9-4.4 Å from the Cα and Cβ atoms of Ala141 in Caf1, thus providing weak van der Waals interactions.Met8  to Ala did not significantly affect binding.
4B0M|||PM103A|||[vanDerWaals] [conformational]|||----<cite the paper filename, so we can find the quote again>|||Nine residues in these segments (Tyr2a, Thr3a, Phe4a, Thr7a, Met8a, Leu9a, Leu17a, Val19a, and Phe22a) establish van der Waals interactions with seven closely situated residues in Caf1M, including four hydrophobic residues exposed on the surface of the DCFG β sheet of domain 1 (Pro41m, Leu43m, Leu67m, and Ile102m), Pro103m and Pro104m at the beginning of the F1G1 loop, and the aliphatic part of the side chain of Arg69m.Together, these residues form a hydrophobic usher-binding surface (UBS).However, the most striking difference is observed in the positions of Pro103 and Pro104 at the beginning of the F1G1 loop.In contrast, in Caf1-bound Caf1M, Pro103m and Pro104m are rotated to move Pro104m out of the UBS. We will refer to this second conformation as an open UBS.In conclusion, our structural-biochemical study suggests an allosteric mechanism, in which Pro103m and Pro104m act in concert as a “proline lock” that prevents or allows usher binding, depending on whether the subunit is bound or not.In the Caf1M:Caf1 complex, Tyr12m and Ala133m from the A1 and G1 donor strands, respectively, form van der Waals interactions with Pro103m.
4B0M|||PM103S|||[vanDerWaals] [conformational]|||----<cite the paper filename, so we can find the quote again>|||Nine residues in these segments (Tyr2a, Thr3a, Phe4a, Thr7a, Met8a, Leu9a, Leu17a, Val19a, and Phe22a) establish van der Waals interactions with seven closely situated residues in Caf1M, including four hydrophobic residues exposed on the surface of the DCFG β sheet of domain 1 (Pro41m, Leu43m, Leu67m, and Ile102m), Pro103m and Pro104m at the beginning of the F1G1 loop, and the aliphatic part of the side chain of Arg69m.Together, these residues form a hydrophobic usher-binding surface (UBS).However, the most striking difference is observed in the positions of Pro103 and Pro104 at the beginning of the F1G1 loop.In contrast, in Caf1-bound Caf1M, Pro103m and Pro104m are rotated to move Pro104m out of the UBS. We will refer to this second conformation as an open UBS.In conclusion, our structural-biochemical study suggests an allosteric mechanism, in which Pro103m and Pro104m act in concert as a “proline lock” that prevents or allows usher binding, depending on whether the subunit is bound or not.In the Caf1M:Caf1 complex, Tyr12m and Ala133m from the A1 and G1 donor strands, respectively, form van der Waals interactions with Pro103m.
4B0M|||PM104A|||[vanDerWaals] [hydrophobic] [conformational]|||----<cite the paper filename, so we can find the quote again>|||Nine residues in these segments (Tyr2a, Thr3a, Phe4a, Thr7a, Met8a, Leu9a, Leu17a, Val19a, and Phe22a) establish van der Waals interactions with seven closely situated residues in Caf1M, including four hydrophobic residues exposed on the surface of the DCFG β sheet of domain 1 (Pro41m, Leu43m, Leu67m, and Ile102m), Pro103m and Pro104m at the beginning of the F1G1 loop, and the aliphatic part of the side chain of Arg69m.However, the most striking difference is observed in the positions of Pro103m and Pro104m at the beginning of the F1G1 loop (Figure 4B). In free Caf1M, Pro104m occupies a hydrophobic pocket between the side chains of Pro41m, Leu43m, and Ile102m and the aliphatic part of the side chain of Arg69m, which all belong to the UBS.In conclusion, our structural-biochemical study suggests an allosteric mechanism, in which Pro103m and Pro104m act in concert as a “proline lock” that prevents or allows usher binding, depending on whether the subunit is bound or not
4B0M|||PM104S|||[vanDerWaals] [hydrophobic] [conformational]|||----<cite the paper filename, so we can find the quote again>|||Nine residues in these segments (Tyr2a, Thr3a, Phe4a, Thr7a, Met8a, Leu9a, Leu17a, Val19a, and Phe22a) establish van der Waals interactions with seven closely situated residues in Caf1M, including four hydrophobic residues exposed on the surface of the DCFG β sheet of domain 1 (Pro41m, Leu43m, Leu67m, and Ile102m), Pro103m and Pro104m at the beginning of the F1G1 loop, and the aliphatic part of the side chain of Arg69m.However, the most striking difference is observed in the positions of Pro103m and Pro104m at the beginning of the F1G1 loop (Figure 4B). In free Caf1M, Pro104m occupies a hydrophobic pocket between the side chains of Pro41m, Leu43m, and Ile102m and the aliphatic part of the side chain of Arg69m, which all belong to the UBS.In conclusion, our structural-biochemical study suggests an allosteric mechanism, in which Pro103m and Pro104m act in concert as a “proline lock” that prevents or allows usher binding, depending on whether the subunit is bound or not
4BFI|||FB96A|||[Hydrophobic]|||----4bfi-j.str.2013.03.008.pdf|||In particular F96 (in the FG loop) of CD200 mediates numerous hydrophobic interactions where the phenyl ring sits in a hydrophobic pocket formed by residues in the CD200R CC′C″ beta sheet (L45, A61, Y62, K63, T68, N69, and E70).Mutation of other CD200 residues (L30, I31, L92, N94, and F96) at the CD200R binding interface also effectively destroyed ligand binding by disrupting either polar or hydrophobic interactions whereas mutations of residues outside the binding interface retained binding ability.
4BFI|||FB96D|||[Hydrophobic]|||----4bfi-j.str.2013.03.008.pdf|||In particular F96 (in the FG loop) of CD200 mediates numerous hydrophobic interactions where the phenyl ring sits in a hydrophobic pocket formed by residues in the CD200R CC′C″ beta sheet (L45, A61, Y62, K63, T68, N69, and E70).Mutation of other CD200 residues (L30, I31, L92, N94, and F96) at the CD200R binding interface also effectively destroyed ligand binding by disrupting either polar or hydrophobic interactions whereas mutations of residues outside the binding interface retained binding ability.
4BFI|||KB100E|||[hbond] [salt bridge]|||----4bfi-j.str.2013.03.008.pdf|||There are two salt bridges with K100 (FG loop) of CD200-forming salt bridges with E106 (beta strand F) and E115 (beta strand G) of CD200R.
4BFI|||LB30K|||[Hydrophobic]|||----4bfi-j.str.2013.03.008.pdf|||Mutation of other CD200 residues (L30, I31, L92, N94, and F96) at the CD200R binding interface also effectively destroyed ligand binding by disrupting either polar or hydrophobic interactions whereas mutations of residues outside the binding interface retained binding ability
4BFI|||LB92A|||[Hydrophobic]|||----4bfi-j.str.2013.03.008.pdf|||Mutation of other CD200 residues (L30, I31, L92, N94, and F96) at the CD200R binding interface also effectively destroyed ligand binding by disrupting either polar or hydrophobic interactions whereas mutations of residues outside the binding interface retained binding ability.
4BFI|||NB44A|||[hbond]|||----4bfi-j.str.2013.03.008.pdf|||N44 of CD200 is in beta strand C′, mediating hydrogen bonding with N113 of CD200R, and mutation of N44 to alanine destroys this interaction.
4BFI|||NB44D|||[not documented]|||----4bfi-j.str.2013.03.008.pdf|||
4BFI|||NB94K|||[Hydrophobic] [hbond]|||----4bfi-j.str.2013.03.008.pdf|||Mutation of other CD200 residues (L30, I31, L92, N94, and F96) at the CD200R binding interface also effectively destroyed ligand binding by disrupting either polar or hydrophobic interactions whereas mutations of residues outside the binding interface retained binding ability.Hydrogen bonds are formed between residues (including water-mediated hydrogen bonds) in the CD200R AGFCC′ beta strands (T17, E115, F114, N113, E106, T47, T59), FG loop (P110, E111, N113) and the CD200 FCC′ beta strands (T33, Q35, N44, T47, N94), and CC′ (S41, P42), C’’D (Q57) and the FG loops (T95, G97, S98, Q99, K100).Mutation of other CD200 residues (L30, I31, L92, N94, and F96) at the CD200R binding interface also effectively destroyed ligand binding by disrupting either polar or hydrophobic interactions whereas mutations of residues outside the binding interface retained binding ability.
4CVW|||LC41G|||[hydrophobic]|||----<cite the paper filename, so we can find the quote again>|||two hydrophobic residues, Leu41 and Val42 in LDI are in contact with LD Trp512, Phe514, and Phe553.In addition to these ionic/polar interactions, LDI residues Leu41 and Val42 establish a central hydrophobic cluster jointly with LD residues Trp512, Phe514, and Phe553.This is consistent with the LD-LDI structure, where LDI Arg38 binding to the catalytic site of LD is flanked by a hydrophobic patch containing Leu41 and Val42 shown to be crucial for affinity to LD.
4CVW|||LC41W|||[hydrophobic]|||----<cite the paper filename, so we can find the quote again>|||two hydrophobic residues, Leu41 and Val42 in LDI are in contact with LD Trp512, Phe514, and Phe553.In addition to these ionic/polar interactions, LDI residues Leu41 and Val42 establish a central hydrophobic cluster jointly with LD residues Trp512, Phe514, and Phe553.This is consistent with the LD-LDI structure, where LDI Arg38 binding to the catalytic site of LD is flanked by a hydrophobic patch containing Leu41 and Val42 shown to be crucial for affinity to LD.
4CVW|||RC34A|||[hbond] [salt bridge] [electrostatic]|||----<cite the paper filename, so we can find the quote again>|||LD D730 binds in a positively charged pocket on the surface of LDI via a hydrogen bond (2.7 Å) and a salt bridge (4.0 Å) to Arg34 and a hydrogen bond to Arg84 (3.2 Å).LD Asp730 was <4 Å from a positively charged patch at the periphery of LDI (Arg34) in LD-LDI.the electrostatic potential of the solvent-accessible surface of LDI in the area where LD Asp730 interacts with Arg34 and Arg84 from LDI.
4CVW|||RC38A|||[hbond] [hydrophobic]|||----<cite the paper filename, so we can find the quote again>|||LDI Arg38 interacts directly with the LD catalytic nucleophile Asp473 and general acid/base Glu510.This is consistent with the LD-LDI structure, where LDI Arg38 binding to the catalytic site of LD is flanked by a hydrophobic patch containing Leu41 and Val42 shown to be crucial for affinity to LD
4CVW|||RC38W|||[hbond] [hydrophobic]|||----<cite the paper filename, so we can find the quote again>|||LDI Arg38 interacts directly with the LD catalytic nucleophile Asp473 and general acid/base Glu510.This is consistent with the LD-LDI structure, where LDI Arg38 binding to the catalytic site of LD is flanked by a hydrophobic patch containing Leu41 and Val42 shown to be crucial for affinity to LD
4CVW|||VC42D|||[hydrophobic]|||----<cite the paper filename, so we can find the quote again>|||two hydrophobic residues, Leu41 and Val42 in LDI are in contact with LD Trp512, Phe514, and Phe553.In addition to these ionic/polar interactions, LDI residues Leu41 and Val42 establish a central hydrophobic cluster jointly with LD residues Trp512, Phe514, and Phe553.This is consistent with the LD-LDI structure, where LDI Arg38 binding to the catalytic site of LD is flanked by a hydrophobic patch containing Leu41 and Val42 shown to be crucial for affinity to LD.
4E6K|||KG40A|||[Hydrophobic] [hbond]|||----<cite the paper filename, so we can find the quote again>|||the side chain of K40 in Bfd interacts hydrophobically with the side chain of KA76 in BfrB and forms hydrogen bonds with carbonyl oxygen of BfrB QB72 and LA74.Analysis of the interface shows that the hydrophobic portion of the K40 side chain interacts with the hydrophobic portion of BfrB KA76; in addition, K40 forms hydrogen bonds with QB72 and LA74 in BfrB. Although it is possible that the A40 side chain in K40A Bfd partially substitutes for the hydrophobic stabilization provided by the K40 and BfrB KA76 packing interaction, the modest increase in Kd observed with the K40A mutant suggests that K40 is less important to the stabilization of the BfrB:Bfd complex than Y2 and L5.Note that iron ligands C4 and C6 are located in the same hairpin loop (cyan) that contains M1, Y2, and L5, whose side chains anchor Bfd at the BfrB surface.
4E6K|||LG5A|||[steric]|||----<cite the paper filename, so we can find the quote again>|||The Kd measured with L5A Bfd, on the other hand, is ≈30-fold higher than that obtained with wt Bfd, a finding that is also consistent with our analysis of the interface, which suggests that packing of the L5 side chain on the BfrB surface is important for the stabilization of the BfrB:Bfd complex.the side chain of L5 in Bfd fits in a pocket formed mostly by LB68, NB70, LB71, and LA77,
4E6K|||YG2F|||[hbond] [Hydrophobic]|||----<cite the paper filename, so we can find the quote again>|||The structure of the BfrB:Bfd complex shows that L68, E81, and E85 in BfrB interact with M1, Y2, and L5 in Bfd (see Figure​Figure22C), forming a contiguous set of interactions that is likely to contribute significantly to the stability of the complex.The side chain reorientations of E81 and E85 enable H-bonding interactions between the backbone carbonyl oxygen of Y2 in Bfd and the carboxylic group of E81, as well as the backbone N-H of M1 in Bfd and the carboxylic group in E81 and E85.This observation is consistent with our analysis of the interface, which shows that anchoring of the Y2 side chain engages mainly hydrophobic interactions with L68 and E81 in BfrBThe N′-terminus hairpin loop (cyan) contains residues Y2 and L5 and iron ligands C4 and C6; packing interactions involving Y2, G8, and T10 stabilize the hairpin and the [2Fe-2S] cluster. The hairpin loop containing iron ligands C38 and C41 is shown in green; O, N, S, and Fe atoms are shown in red, blue, yellow, and orange, respectively.
4FZA|||EB138A|||[low impact]|||----4fza-j.str.2013.01.007.pdf|||At C site, the αE helix from the C-lobe of MST4 kinase domain interacts with the H3 helix of the MO25 repeat R1. Specifically, residues E93 and K96 of MO25 interacted with Y134 and E138 of MST4. These interactions were mainly mediated by hydrogen bonding and salt bridges.Single mutation E138A (site C) of MST4 did not significantly affect their association.
4FZA|||FA178E|||[Hydrophobic]|||----4fza-j.str.2013.01.007.pdf|||For site B, residue F178 in the H3 helix of the MO25 repeat R3 extends to a hydrophobic region of MST4, involving residues L57 near the β3 sheet, L90 in the β4 sheet, L95 in the β5 sheet, and V224 in the H3 helix of the MO25 repeat R4.Single mutations F178E (site B), Y223A, R227A (site A), M260E (site D) and double mutation F178E/V224E (site B) of MO25 greatly impaired its interaction with MST4.
4FZA|||RA227A|||[hbond] [electrostatic]|||----4fza-j.str.2013.01.007.pdf|||This binding network involves residues Y223, R227, K231, S267, and N269 of MO25 and E58, E61, and E63 from the αC helix region of MST4, which form hydrogen bonding and electrostatic interactions, contributing a total of 222 Å2 buried surface area.Single mutations F178E (site B), Y223A, R227A (site A), M260E (site D) and double mutation F178E/V224E (site B) of MO25 greatly impaired its interaction with MST4.
4FZA|||YA223A|||[hbond] [electrostatic]|||----4fza-j.str.2013.01.007.pdf|||This binding network involves residues Y223, R227, K231, S267, and N269 of MO25 and E58, E61, and E63 from the αC helix region of MST4, which form hydrogen bonding and electrostatic interactions, contributing a total of 222 Å2 buried surface area.Single mutations F178E (site B), Y223A, R227A (site A), M260E (site D) and double mutation F178E/V224E (site B) of MO25 greatly impaired its interaction with MST4.
4G0N|||DA33A|||[hbond] [salt bridge]|||----4g0n-000.pdf|||As seen in the structure of the Raps/Raf complex, Lys84 can form salt-bridge-like contacts to Glu31 and Asp33, leading to similar energetic contributions of these two interactions.
4G0N|||EA31A|||[hbond] [salt bridge]|||----4g0n-000.pdf|||As seen in the structure of the Raps/Raf complex, Lys84 can form salt-bridge-like contacts to Glu31 and Asp33, leading to similar energetic contributions of these two interactions.
4G0N|||EA37A|||[hbond]|||----4g0n-000.pdf|||Other changes involved a rotamer change for RalGDS Ser29, as seen in the wild-type complex,16 resulting in a good H-bond made with the main-chain amide group of Ras Glu37.
4G0N|||HA27A|||[hbond]|||----4g0n-000.pdf|||Swapping of the NH2 and CO groups of the Gln25 side-chain of Ras leads to hydrogen bond formation with the His27 side-chain (Ras) and Gln23 main-chain CO group.
4G0N|||IA21A|||[vanDerWaals]|||----4g0n-j.str.2014.12.017.pdf|||Raf-RBD residue V88 at the C-terminal end of α1 makes good van der Waals interactions with Ras residues I21 and Y40, which come together from either end of switch I.
4G0N|||IA36A|||[not documented]||||||
4G0N|||KB65A|||[not documented]|||----4g0n-000.pdf|||Residues 64 and 65, which are missing in this structure (PDB code 4G0N)
4G0N|||KB65E|||[not documented]|||----4g0n-000.pdf|||Residues 64 and 65, which are missing in this structure (PDB code 4G0N)
4G0N|||KB65M|||[not documented]|||----4g0n-000.pdf|||Residues 64 and 65, which are missing in this structure (PDB code 4G0N)
4G0N|||KB84A|||[hbond]|||----4g0n-000.pdf|||Ras·GppNHp	Raf-RBD	TypeAsp33 		Lys84 		sc-sc H-bond
4G0N|||KB84E|||[hbond]|||----4g0n-000.pdf|||Ras·GppNHp	Raf-RBD	TypeAsp33 		Lys84 		sc-sc H-bond
4G0N|||NB64A|||[hbond]|||----4g0n-000.pdf|||Ras·GppNHp	Raf-RBD	TypeArg41 		Asn64 		sc-sc,sc-mc H-bond
4G0N|||NB64D|||[hbond]|||----4g0n-000.pdf|||Ras·GppNHp	Raf-RBD	TypeArg41 		Asn64 		sc-sc,sc-mc H-bond
4G0N|||NB71R|||[not documented]||||||
4G0N|||QB66A|||[hbond]|||----4g0n-000.pdf|||Ras·GppNHp	Raf-RBD	TypeArg41 		Gln66 		mc-sc H-bond
4G0N|||RA41A|||[hbond]|||----4g0n-000.pdf|||Important residues in the Ras protein are Asp38 (which is the classical mutant in the effector binding region of Ras) and Tyr40, whereas in Rap Ile36 and Arg41 play significant roles, additionally.Ras·GppNHp	Raf-RBD	TypeArg41		Asn64		sc-sc,sc-mc H-bond
4G0N|||RB59A|||[hbond]|||----4g0n-000.pdf|||We observe the following favorable interactions: Ras·I21/Raf·V88, Ras·E31/Raf·K84, Ras·D33/Raf·K84, Ras·E37/Raf·R59, Ras·E37/Raf·K84, Ras·D38/Raf·R59 and Ras·D38/Raf·T68.Ras·GppNHp	Raf-RBD	TypeGlu37		Arg59		sc-sc H-bond
4G0N|||RB67A|||[hbond]|||----4g0n-000.pdf|||Ras·GppNHp	Raf-RBD	TypeSer39 		Arg67 		sc-sc,sc-mc H-bond
4G0N|||SA39A|||[hbond]|||----4g0n-000.pdf|||Ras·GppNHp	Raf-RBD	TypeSer39	            Gln66	           mc-sc 		Arg67		sc-sc,sc-mc H-bondArg89		mc-sc H-bond
4G0N|||TB68A|||[hbond]|||----4g0n-000.pdf|||In all cases except one, we could reproduce the experimental data within the error. The single failure is for the interaction between Ras·Asp38 and Raf Thr68. Both residues make a side-chain H-bond and the interaction energy is estimated to be around 1.6 kcal/mol. The reason behind the prediction failure is that upon mutation of one of the two side-chains, a water bridge is created that contributes favorably to the complex.
4G0N|||VB69A|||[not documented]||||||
4G0N|||VB88A|||[vanDerWaals]|||----4g0n-j.str.2014.12.017.pd|||Raf-RBD residue V88 at the C-terminal end of α1 makes good van der Waals interactions with Ras residues I21 and Y40, which come together from either end of switch I.
4G0N|||VB88I|||[vanDerWaals]|||----4g0n-j.str.2014.12.017.pd|||Raf-RBD residue V88 at the C-terminal end of α1 makes good van der Waals interactions with Ras residues I21 and Y40, which come together from either end of switch I.
4G2V|||RA221E|||[hbond][salt bridges]|||-----4g2v-j.jmb.2013.01.003.pdf|||In the region (ii), the backbone carbonyl oxygen of Pro925Frmpd1 forms a hydrogen bond with the side chain of Tyr139LGN from α3B. The side chain of Glu924Frmpd1 forms salt bridges with Arg221LGN from α4Β and Arg236LGN from α5A of LGN, and the backbone amide and carbonyl oxygen of Glu924Frmpd1 forms two hydrogen bonds with Nδ and Oδ of Asn200LGN from α4A.
4HFK|||EB64A|||[hbond]|||----4hfk-jbc.m112.434357.pdf|||The amino group in the main chain of Lys-83 in the α5 from Tae4 directly interacts with hydroxy groups of Glu-64-Asn-67 of Tai4 subunit I. However, the E64A variant causes a ∼10-fold reduction in affinity
4HFK|||EB74A|||[hbond] [salt bridge]|||----4hfk-jbc.m112.434357.pdf|||The helix α3 of Tae4 is oriented toward subunit I and interacts with Arg-40 and Glu-74 through hydrogen and salt bonds. Substitutions R40A and E74A disrupted binding affinity compared with the wild-type Tai4 (WtTai4).
4HFK|||LB63A|||[hbond]|||----4hfk-jbc.m112.434357.pdf|||Notably, the residues from Leu-63 to Asn-67 located in α3 and the following loop of Tai4 subunit I form a number of hydrogen bonds with Tae4. The amino group in the main chain of Lys-83 in the α5 from Tae4 directly interacts with hydroxy groups of Glu-64-Asn-67 of Tai4 subunit I. The Kd value is affected significantly (∼140-fold reduction) by the alanine substitution for leucine at residue 63.
4HFK|||LB68A|||[low impact]|||----4hfk-jbc.m112.434357.pdf|||Substitutions S66A, N67A, and L68A exhibit affinity to Tae4 equal to that of the WtTai4 protein.
4HFK|||NB67A|||[low impact]|||----4hfk-jbc.m112.434357.pdf|||Substitutions S66A, N67A, and L68A exhibit affinity to Tae4 equal to that of the WtTai4 protein.
4HFK|||RB40A|||[hbond] [salt bridge]|||----4hfk-jbc.m112.434357.pdf|||The helix α3 of Tae4 is oriented toward subunit I and interacts with Arg-40 and Glu-74 through hydrogen and salt bonds. Substitutions R40A and E74A disrupted binding affinity compared with the wild-type Tai4 (WtTai4).
4HFK|||SB66A|||[low impact]|||----4hfk-jbc.m112.434357.pdf|||Substitutions S66A, N67A, and L68A exhibit affinity to Tae4 equal to that of the WtTai4 protein.
4HFK|||TD91A|||[hbond]|||----4hfk-jbc.m112.434357.pdf|||A protruding loop (loop 4) in the Tai4 subunit II also contributes to the hydrogen-bonding network, thereby stabilizing the heterotetramer. The residues Leu-123 and Asp-124 in loop 10, and Ser-151 in the winding loop from Tae4 make direct interactions with Gly-89, Thr-91, and Gly-90 of the protruding loop, respectively.
4HRN|||FD55A FD555A|||[vanDerWaals]|||----4hrn-000.pdf|||With the exception of a backbone hydrogen bond between Ala 535 of HER2 and Asn 123 of G3, all the interactions are of van der Waals in nature. The largest number of interactions across the interface are by the HER2 amino acid residues Phe 555 (with G3 amino acid residues Ile 79, Phe 81, Phe 112, and Ile 119), Val 552 (with G3 residues Phe 81, Leu 86, and Phe 89), Ser 551 (with G3 residues Asp 77, Ala 78, and Ile 79), Val 563 (with G3 residues Ile 79 and Phe 112), Gly 550 (with G3 residues Tyr 46 and Leu 48), and Leu 525 (with G3 residues Tyr 52 and Ala 56).
4HRN|||LD25A LD525A|||[vanDerWaals]|||----4hrn-000.pdf|||With the exception of a backbone hydrogen bond between Ala 535 of HER2 and Asn 123 of G3, all the interactions are of van der Waals in nature. The largest number of interactions across the interface are by the HER2 amino acid residues Phe 555 (with G3 amino acid residues Ile 79, Phe 81, Phe 112, and Ile 119), Val 552 (with G3 residues Phe 81, Leu 86, and Phe 89), Ser 551 (with G3 residues Asp 77, Ala 78, and Ile 79), Val 563 (with G3 residues Ile 79 and Phe 112), Gly 550 (with G3 residues Tyr 46 and Leu 48), and Leu 525 (with G3 residues Tyr 52 and Ala 56).
4HRN|||SD51A SD551A|||[vanDerWaals]|||----4hrn-000.pdf|||With the exception of a backbone hydrogen bond between Ala 535 of HER2 and Asn 123 of G3, all the interactions are of van der Waals in nature. The largest number of interactions across the interface are by the HER2 amino acid residues Phe 555 (with G3 amino acid residues Ile 79, Phe 81, Phe 112, and Ile 119), Val 552 (with G3 residues Phe 81, Leu 86, and Phe 89), Ser 551 (with G3 residues Asp 77, Ala 78, and Ile 79), Val 563 (with G3 residues Ile 79 and Phe 112), Gly 550 (with G3 residues Tyr 46 and Leu 48), and Leu 525 (with G3 residues Tyr 52 and Ala 56).
4HRN|||VD52A VD552A|||[vanDerWaals]|||----4hrn-000.pdf|||With the exception of a backbone hydrogen bond between Ala 535 of HER2 and Asn 123 of G3, all the interactions are of van der Waals in nature. The largest number of interactions across the interface are by the HER2 amino acid residues Phe 555 (with G3 amino acid residues Ile 79, Phe 81, Phe 112, and Ile 119), Val 552 (with G3 residues Phe 81, Leu 86, and Phe 89), Ser 551 (with G3 residues Asp 77, Ala 78, and Ile 79), Val 563 (with G3 residues Ile 79 and Phe 112), Gly 550 (with G3 residues Tyr 46 and Leu 48), and Leu 525 (with G3 residues Tyr 52 and Ala 56).
4HSA|||HA86S|||[not documented]||||||
4HSA|||YA85I|||[not documented]||||||
4J2L|||LA686E|||[Hydrophobic]|||----4j2l-000.pdf|||Highly conserved residues (W37, L40, and V41) of CIC21 form hydrophobic interactions with highly conserved residues (V591, S602, and L686) of the AXH domain. Among these mutants, combined mutations in the pocket (V591A_S602D, V591A_L686E, or S602D_L686E) abolish the interaction between the AXH domain and CIC21.
4J2L|||LC40S|||[Hydrophobic]|||----4j2l-000.pdf|||Among the conserved residues, mutating the conserved W37 to A (W37A), and L40 to S (L40S) of CIC21 severely impaired the binding abilities of CIC21 to the AXH domain, while mutating other conserved residues moderately affected the binding abilities.Highly conserved residues (W37, L40, and V41) of CIC21 form hydrophobic interactions with highly conserved residues (V591, S602, and L686) of the AXH domain (Fig. 1). To confirm that the interaction observed in the crystal structure is biologically relevant, we first mutagenized the conserved residues of CIC21 and examined the binding by maltose-binding protein (MBP) pull-down assay
4J2L|||SA602D|||[Hydrophobic]|||----4j2l-000.pdf|||Highly conserved residues (W37, L40, and V41) of CIC21 form hydrophobic interactions with highly conserved residues (V591, S602, and L686) of the AXH domain. Among these mutants, combined mutations in the pocket (V591A_S602D, V591A_L686E, or S602D_L686E) abolish the interaction between the AXH domain and CIC21.
4J2L|||VA591A|||[Hydrophobic]|||----4j2l-000.pdf|||Highly conserved residues (W37, L40, and V41) of CIC21 form hydrophobic interactions with highly conserved residues (V591, S602, and L686) of the AXH domain. Among these mutants, combined mutations in the pocket (V591A_S602D, V591A_L686E, or S602D_L686E) abolish the interaction between the AXH domain and CIC21.
4J2L|||WC37A|||[Hydrophobic]|||----4j2l-000.pdf|||Among the conserved residues, mutating the conserved W37 to A (W37A), and L40 to S (L40S) of CIC21 severely impaired the binding abilities of CIC21 to the AXH domain, while mutating other conserved residues moderately affected the binding abilities.Highly conserved residues (W37, L40, and V41) of CIC21 form hydrophobic interactions with highly conserved residues (V591, S602, and L686) of the AXH domain (Fig. 1). To confirm that the interaction observed in the crystal structure is biologically relevant, we first mutagenized the conserved residues of CIC21 and examined the binding by maltose-binding protein (MBP) pull-down assay
4JEU|||IB233A|||[not documented]|||----4jeu-001.pdf|||the mutation I233A, which is in the C-terminal section of the H3-domain of syntaxin 1a and directly contacts Munc18a, exhibits a strongly reduced affinity of 333 nM (Table I), corroborating the importance of this region for the strength of the Munc18a-syntaxin 1a interaction.
4JEU|||LB8A|||[not documented]|||----4jeu-001.pdf|||Syx1a (T5A) and Syx1a (T10A) blocked SNARE complex formation, whereas Syx1a (R4A) and Syx1a (L8A) allowed formation in the presence of Munc18a (Supplementary Figure 4), albeit with lower efficiency than in the absence of the N-peptide, that is, using Syx1a (25-262).
4JEU|||RA39C|||[electrostatic]|||----4jeu-pnas.1303753110.pdf|||Munc18a R39C bound full-length Syx1a with a sixfold weaker affinity, consistent with previous work (10), and partially removed the block to SNARE assembly.An electrostatic network that includes residues R171 and R39 runs through the domain 1-domain 2 interface and connects the N-peptide-binding and SNARE-binding sites of Munc18a.
4JEU|||RB4A|||[not documented]|||----4jeu-001.pdf|||Syx1a (T5A) and Syx1a (T10A) blocked SNARE complex formation, whereas Syx1a (R4A) and Syx1a (L8A) allowed formation in the presence of Munc18a (Supplementary Figure 4), albeit with lower efficiency than in the absence of the N-peptide, that is, using Syx1a
4K71|||HA464A|||[Hydrophobic]|||----4k71-j.str.2013.08.022.pdf|||Mutational studies have shown that changes at His-464 also reduce hFcRn affinity. However, His-464 contacts Trp-59 in the W59 pocket and is buried in a hydrophobic environment. We interpret the effect of His-464 mutations to be disruption of the W59 pocket.
4K71|||HA464F|||[not documented]||||||
4K71|||HB161A|||[low impact] [hbond]|||----4k71-j.str.2013.08.022.pdf|||His-161 could make a hydrogen bond to the backbone carbonyl of hFcRnαE82. However, mutation of His-161 to Ala has little effect on HSA binding.
4K71|||HB161F|||[not documented]||||||
4L0P|||EA53K|||[electrostatic]|||----4l0p-000.pdf|||In the ephrin-binding domain of EphA3, only the E53K mutation involves a residue located in the high-affinity ephrin binding interface (Figure 1). We found that this mutation reduces the apparent ephrin-A5 binding affinity by 100-fold, consistent with the drastic change from a negatively to a positively charged amino acid.The E53K mutation, however, does not appear to affect the overall conformation of the domain (based on the efficient binding of the IIIA4 antibody), in agreement with a previous report. (35) Other mutations in the ephrin-binding domain also impair ephrin-A5 binding, but through a distinct mechanism involving disruption of the native conformation of the domain.
4L0P|||TA102Q|||[Hydrophobic]|||----4l0p-pone.0127081.pdf|||The hydrophobic environment of the ephrin-binding pocket of EphA3 creates more direct contacts with the ephrin-A5 GH loop compared with other Eph receptors that have been crystallized in complex with less tilted ephrins, such as EphA2 and EphB2. Contacts are formed by EphA3 residues G57, V58, Q69, T102, R104, P110, L111, F152, L157, R160, I161, L162, K163, C189, V190, A191, V193 and ephrin-A5 residues F121 to E129
4L3E|||EA166A|||[HBond]|||----4l3e-002.pdf>|||The adjacent hydrogen bond between Asn52 of CDR2a and Glu166 of the HLA-A2 a2 helix was more favourable at  1.1 kcal mol  1, but this hydrogen bond is not conserved in the three Va 12-2 TCR-peptide/HLA-A2 interfaces24.
4L3E|||QA155A|||[no mechanism]||||||
4L3E|||YD50A|||[no mechanism] (state what mechanism affects the mutation)||||||
4N8V|||KG44A|||[Hydrophobic]|||----4n8v-pnas.1322052111.pdf|||An interesting feature to be tested is position 44 of KIR2DS2, which in inhibitory KIRs determines the dimorphic binding characteristic between the C1 and C2 epitopes of HLA-C (16, 20). From the NMR and structural data, Lys44 can be seen to have only a weak hydrophobic interaction with Ala83 (Fig. 3B′), and thus appears to have a diminished role in KIR2DS2 compared with the inhibitory KIRs.The mutants Lys44Ala, Tyr134Ala, and Tyr45Phe resulted in some loss of measurable binding, but this was insufficient to disrupt the overall stability of the KIR-HLA complex, which suggests that such disruption is compensated by the network of salt bridges and other hydrogen bonds that keep the binding intact.
4N8V|||YG134A|||[Hydrophobic]|||----4n8v-pnas.1322052111.pdf|||The KIR2DS2-HLA-A*11:01 structure has revealed binding interactions that differ from those seen in inhibitory KIRs; these are the salt bridges Asp72-Arg75 and Glu187-Lys146, hydrogen bond Tyr45-Thr80, and hydrophobic interactions Tyr134-A149.The mutants Lys44Ala, Tyr134Ala, and Tyr45Phe resulted in some loss of measurable binding, but this was insufficient to disrupt the overall stability of the KIR-HLA complex, which suggests that such disruption is compensated by the network of salt bridges and other hydrogen bonds that keep the binding intact.
4N8V|||YG45F|||[hbond] [mechanism] [state what mechanism affects the mutation]|||----4n8v-pnas.1322052111.pdf|||The solved structure at 2.5-Å resolution reveals that Tyr45, which is a residue specific to KIR2DS2, forms a hydrogen bond with the backbone of the HLA α1-helix at Thr80 and contributes to the binding specificity of KIR2DS2-A*11:01.However, a Tyr45Ala mutation abrogated binding, suggesting that Ala is a more drastic change at this position than Phe, which is of the same aromatic amino acid grouping as Tyr (Fig. 4 A, M, and N). Hence, position 45 appears to be important to maintain the stability of KIR2DS2-HLA-A*11:01 binding given that alanine mutation abrogated binding whereas a similar mutation at the adjacent position 44 did not.Hence, position 45 appears to be important to maintain the stability of KIR2DS2-HLA-A*11:01 binding given that alanine mutation abrogated binding whereas a similar mutation at the adjacent position 44 did not.
4NZW|||EB134A|||[low impact]|||----4nzw-j.jsb.2014.04.005.pdf|||At site C, residues Y134 and E138 of MST3 (Y129 and E134 of STK25) from the αE helix form two pairs of hydrogen bonding with residues E93 and K96 from MO25α repeat R1. On the other hand, MST3 mutants including E58A at site A and E138A at site C, or STK25 mutants including E59A at site A and E134A at site C showed similar MO25α-binding affinity with the wild-type proteins.
4NZW|||EB59A|||[low impact]|||----4nzw-j.jsb.2014.04.005.pdf|||In detail, the critical residue at site A, i.e., residue E58 of MST3 (E59 of STK25) located in the loop between the αC helix and β3 sheet forms hydrogen bonding with Y223, S267 and N269 from MO25α repeats R4 and R5.On the other hand, MST3 mutants including E58A at site A and E138A at site C, or STK25 mutants including E59A at site A and E134A at site C showed similar MO25α-binding affinity with the wild-type proteins.
4NZW|||KA96A|||[low impact]|||----4nzw-j.jsb.2014.04.005.pdf|||At site C, residues Y134 and E138 of MST3 (Y129 and E134 of STK25) from the αE helix form two pairs of hydrogen bonding with residues E93 and K96 from MO25α repeat R1.Slightly different from MST3, MO25α mutant Y223A (site A) disrupted the interaction between MO25α and STK25, whereas its mutant K96A (site C) had no significant effect on its ability for STK25-binding.
4O27|||EB138A|||[low impact]|||----4o27-j.jsb.2014.04.005.pdf|||On the other hand, MST3 mutants including E58A at site A and E138A at site C, or STK25 mutants including E59A at site A and E134A at site C showed similar MO25α-binding affinity with the wild-type proteins.Mutations K96A of MO25α and E138A of MST3 at site C, which didn’t significantly affect their interaction, enhanced the kinase activity of MST3 as wild-type proteins.
4O27|||EB58A|||[low impact]|||----4o27-j.jsb.2014.04.005.pdf|||In detail, the critical residue at site A, i.e., residue E58 of MST3 (E59 of STK25) located in the loop between the αC helix and β3 sheet forms hydrogen bonding with Y223, S267 and N269 from MO25α repeats R4 and R5.However, mutations Y223A of MO25α and E58A of MST3 at site A didn’t disrupt their association, but remarkably impaired MST3 activation by MO25α.On the other hand, MST3 mutants including E58A at site A and E138A at site C, or STK25 mutants including E59A at site A and E134A at site C showed similar MO25α-binding affinity with the wild-type proteins.
4O27|||KA96A|||[hbond]|||----4o27-j.jsb.2014.04.005.pdf|||At site C, residues Y134 and E138 of MST3 (Y129 and E134 of STK25) from the αE helix form two pairs of hydrogen bonding with residues E93 and K96 from MO25α repeat R1Besides, substitution of residue Y223 (site A) or K96 (site C) of MO25α with alanine resulted in a reduced binding affinity to MST3. Slightly different from MST3, MO25α mutant Y223A (site A) disrupted the interaction between MO25α and STK25, whereas its mutant K96A (site C) had no significant effect on its ability for STK25-binding.
4O27|||YA223A|||[hbond]|||----4o27-j.jsb.2014.04.005.pdf|||In detail, the critical residue at site A, i.e., residue E58 of MST3 (E59 of STK25) located in the loop between the αC helix and β3 sheet forms hydrogen bonding with Y223, S267 and N269 from MO25α repeats R4 and R5.Besides, substitution of residue Y223 (site A) or K96 (site C) of MO25α with alanine resulted in a reduced binding affinity to MST3. Slightly different from MST3, MO25α mutant Y223A (site A) disrupted the interaction between MO25α and STK25, whereas its mutant K96A (site C) had no significant effect on its ability for STK25-binding.
4PWX|||HC33A|||[no mechanism]||||||
4PWX|||KB69A|||[no mechanism]||||||
4PWX|||KB69D|||[no mechanism]||||||
4PWX|||KB72A|||[no mechanism]||||||
4PWX|||KB72D|||[no mechanism]||||||
4PWX|||QC34A|||[no mechanism]||||||
4PWX|||RB75A|||[no mechanism]||||||
4PWX|||YC30A|||[no mechanism]||||||
4RA0|||AC92V|||[steric]|||----<cite the paper filename, so we can find the quote again>|||The structural data support the conclusion from the biochemical experiments that the V92A mutation is critical for increased binding affinity (Fig. 2c). Specifically, the V92A mutation alleviates steric crowding and permits local structural reorganization, as exemplified by the reordering of Axl residues R48 and Q94.
4RS1|||DA112A|||[electrostatic]||||||In our three-dimensional model, R280 of GMR-α, located in the F′-G′ loop and close to the WSSWS motif, is in the vicinity of the ligand Asp112, suggesting the possibility of electrostatic interaction between these two residues. Finally, the most drastic effect was seen with the D112 mutants; there was a 12-800-fold shift in Kd depending on the mutation, and the rank order was D112N < D112A < D112K. This rank order indicates that the interaction between D112 and the receptor is mainly electrostatic.
4RS1|||DA112A|||[hbond] [salt bridge]|||----4rs1-1-s2.0-S0969212616301241-main.pdf|||A second prominent feature of site 1a centers around GM-CSF D112 in helix D, which is located within a network of salt bridges and hydrogen bonds involving E66, R170, D192, and K195 in GMRα.Mutations of GM-CSF D112 reduce both biological activity and binding affinity for GMRα and synergize with mutations of GM-CSF E45 and D48.
4RS1|||DA112K|||[electrostatic]|||----4rs1-001.pdf|||In our three-dimensional model, R280 of GMR-α, located in the F′-G′ loop and close to the WSSWS motif, is in the vicinity of the ligand Asp112, suggesting the possibility of electrostatic interaction between these two residues. Finally, the most drastic effect was seen with the D112 mutants; there was a 12-800-fold shift in Kd depending on the mutation, and the rank order was D112N < D112A < D112K. This rank order indicates that the interaction between D112 and the receptor is mainly electrostatic.
4RS1|||DA112K|||[hbond] [salt bridge]|||----4rs1-1-s2.0-S0969212616301241-main.pdf|||A second prominent feature of site 1a centers around GM-CSF D112 in helix D, which is located within a network of salt bridges and hydrogen bonds involving E66, R170, D192, and K195 in GMRα.Mutations of GM-CSF D112 reduce both biological activity and binding affinity for GMRα and synergize with mutations of GM-CSF E45 and D48.
4RS1|||DA112N|||[electrostatic]|||----4rs1-001.pdf|||In our three-dimensional model, R280 of GMR-α, located in the F′-G′ loop and close to the WSSWS motif, is in the vicinity of the ligand Asp112, suggesting the possibility of electrostatic interaction between these two residues. Finally, the most drastic effect was seen with the D112 mutants; there was a 12-800-fold shift in Kd depending on the mutation, and the rank order was D112N < D112A < D112K. This rank order indicates that the interaction between D112 and the receptor is mainly electrostatic.
4RS1|||DA112R|||[electrostatic]|||----4rs1-001.pdf|||In our three-dimensional model, R280 of GMR-α, located in the F′-G′ loop and close to the WSSWS motif, is in the vicinity of the ligand Asp112, suggesting the possibility of electrostatic interaction between these two residues. Finally, the most drastic effect was seen with the D112 mutants; there was a 12-800-fold shift in Kd depending on the mutation, and the rank order was D112N < D112A < D112K. This rank order indicates that the interaction between D112 and the receptor is mainly electrostatic.
4RS1|||DA48A|||[hbond]|||----4rs1-1-s2.0-S0969212616301241-main.pdf|||Mutation of residues within the EF loop of D2 demonstrated that R170 is required for GM-CSF binding (Table 2) and although mutation of S169 has no effect on GM-CSF binding (Table 2), S169 hydrogen bonds with D48 in GM-CSF and mutation of D48 reduces the biological activity of GM-CSF and its binding affinity for GMRα.
4RS1|||DA48K|||[hbond]|||----4rs1-1-s2.0-S0969212616301241-main.pdf|||Mutation of residues within the EF loop of D2 demonstrated that R170 is required for GM-CSF binding (Table 2) and although mutation of S169 has no effect on GM-CSF binding (Table 2), S169 hydrogen bonds with D48 in GM-CSF and mutation of D48 reduces the biological activity of GM-CSF and its binding affinity for GMRα.
4RS1|||EA45A|||[hbond] [salt bridge]|||----4rs1-1-s2.0-S0969212616301241-main.pdf|||GMRα R65 is adjacent to the NTD D strand and has the potential to form a salt bridge with E45 in GM-CSF (Figure 1C), and we observed that mutation of GM-CSF E45 reduces the binding affinity for GMRα and synergizes with mutations of GM-CSF D48 and D112.
4RS1|||EA45K|||[hbond] [salt bridge]|||----4rs1-1-s2.0-S0969212616301241-main.pdf|||GMRα R65 is adjacent to the NTD D strand and has the potential to form a salt bridge with E45 in GM-CSF (Figure 1C), and we observed that mutation of GM-CSF E45 reduces the binding affinity for GMRα and synergizes with mutations of GM-CSF D48 and D112.
4RS1|||FA119A|||[Hydrophobic]|||----4rs1-1-s2.0-S0969212616301241-main.pdf|||Residues V282 and R283 interact with helix D in GM-CSF with the R283 side chain protruding into a hydrophobic bulge of helix D, framed by residues L114, L115, I117, P118, and F119 in GM-CSF.
4RS1|||FA119A|||[stacking]|||----4rs1-1-s2.0-S0969212616301241-main.pdf|||Interactions with GM-CSF helix D residues, including charge-π interactions of the guanidine moiety with F119 and hydrogen bonds with the carbonyls of L114 and I117, also stabilize the R283 side chain.Mutations of GM-CSF L115 and F119 reduce binding affinity for GMRα and in combination substantially reduce biological activity.
4RS1|||IA19G|||[not documented]|||----4RS1-s2.0-S0006497120788464-main.pdf|||However, substitutions of the surface residue Glu21 or the buried residue Ile19 reduced the relative bioactivity of the analogues to as little as 0.45% and 0.3%
4RS1|||KA111A|||[low impact]|||----4rs1-001.pdf|||Our data indicate that charge removal (Lys→ Ala; Lys→ Gln) or charge reversal (Lys→ Glu) at residue K111 did not significantly affect GM-GMR-α recognition.
4RS1|||KA111E|||[low impact]|||----4rs1-001.pdf|||Our data indicate that charge removal (Lys→ Ala; Lys→ Gln) or charge reversal (Lys→ Glu) at residue K111 did not significantly affect GM-GMR-α recognition.
4RS1|||KA111Q|||[low impact]|||----4rs1-001.pdf|||Our data indicate that charge removal (Lys→ Ala; Lys→ Gln) or charge reversal (Lys→ Glu) at residue K111 did not significantly affect GM-GMR-α recognition.
4RS1|||KB195A|||[hbond] [salt bridge]|||----4rs1-1-s2.0-S0969212616301241-main.pdf|||A second prominent feature of site 1a centers around GM-CSF D112 in helix D, which is located within a network of salt bridges and hydrogen bonds involving E66, R170, D192, and K195 in GMRα.
4RS1|||KB226A|||[not documented]||||||
4RS1|||LA115A|||[Hydrophobic]|||----4rs1-1-s2.0-S0969212616301241-main.pdf|||Residues V282 and R283 interact with helix D in GM-CSF with the R283 side chain protruding into a hydrophobic bulge of helix D, framed by residues L114, L115, I117, P118, and F119 in GM-CSF.Mutations of GM-CSF L115 and F119 reduce binding affinity for GMRα and in combination substantially reduce biological activity.
4RS1|||LB227A|||[not documented]||||||
4RS1|||QA99A|||[not documented]||||||
4RS1|||QA99E|||[not documented]||||||
4RS1|||RA23D|||[not documented]||||||The residues Asn17, Gln20, Arg23, and Arg24 made only minor contributions as assessed by the GM-CSF-dependent proliferation of primary human CML cells.
4RS1|||SB228A|||[not documented]||||||
4WND_|||NA283R|||[no effect] (state what mechanism affects the mutation)|||----4wnd-000.pdf|||The R221E substitution in LGN almost completely abrogated the interaction with Frmpd1 or Frmpd4, whereas the N283R substitution did not affect the interaction
4X4M|||KE173E KE173A|||[hbond] [salt bridge]|||----4x4m-pnas.1418812112.pdf|||In particular, Lys-173 of the receptor forms a salt bridge with a conserved Asp-265 on the B-chain of Fc.K173E and R175E resulted in mild reductions (threefold to 10-fold) in IgG affinity.
4YEB|||FB160A|||[stacking]|||----4yeb-j.str.2015.06.022.pdf|||several hydrogen bonds and salt bridges are observed in the main interface added by hydrophobic and stacking contacts involving aromatic side chains, such as Phe160 from FLRT3-LRR observed in a π-stacking with Tyr245 from LPHN3-OLF.As the Phe160 side chain was found to establish a direct interaction with the LPHN3-OLF Tyr245 in the complex structure, an Ala mutant was also designed to obtain insight into the importance of this specific position for the affinity between the two partners. For the Phe160Ala mutant a KD of ∼1 μM was determined, suggesting that Phe160 is a key residue in the association and that the contact this residue establishes with LPHN3-OLF Tyr245 is likely to be of major importance
5CXB|||RB486A|||[hbond] [salt bridge]|||----5cxb-nar%2Fgkv1043.pdf|||Interestingly, disruption of the salt bridge by the R486A mutation was not sufficient to weaken the binding (KD∼7 nM) and only the electrostatic repulsion induced by the R486E change had an observable effect on the in vitro interaction between ChErb1 and ChYtm1
5CXB|||RB486E|||[electrostatic]|||----5cxb-nar%2Fgkv1043.pdf|||Indeed, when we quantified the decrease of affinity produced by the mutant, the KD measured by interferometry using ChYtm1 with full-length ChErb1[R486E] or ChErb1[R486E]432-801 resulted to be two orders of magnitude lower than that previously calculated for the ChErb1-ChYtm1 interaction. Interestingly, disruption of the salt bridge by the R486A mutation was not sufficient to weaken the binding (KD∼7 nM) and only the electrostatic repulsion induced by the R486E change had an observable effect on the in vitro interaction between ChErb1 and ChYtm1.
5CXB|||RB486E|||[hbond] [salt bridge]|||----5cxb-nar%2Fgkv1043.pdf|||A salt bridge is formed between R486 of ChErb1 and D112 from ChYtm1.
5CXB|||TB484Q TB484E|||[electrostatic]|||----5cxb-nar%2Fgkv1043.pdf|||The loop contains three well conserved residues, E481, T484 and R486, which establish a network of electrostatic interactions with also conserved amino acids from blades 1, 2, 3 and 7 of ChYtm1.Its importance has been confirmed by the fact that E481R mutant failed to express in a soluble form so any modification of ‘1c-2d’ loop (residues 481-486) of ChErb1 could yield unfolded and insoluble protein (as also observed for the T484E mutant).
5CXB|||VB488W|||[not documented]||||||
5CYK|||EB486A EB486R|||[hbond] [salt bridge] [electrostatic]|||----5cyk-nar%2Fgkv1043.pdf|||A salt bridge is formed between R486 of ChErb1 and D112 from ChYtm1. Two additional residues of ChYtm1, W113 and Y151, ensure the proper orientation of R486 side chain thus promoting electrostatic contacts.Indeed, when we quantified the decrease of affinity produced by the mutant, the KD measured by interferometry using ChYtm1 with full-length ChErb1[R486E] or ChErb1[R486E]432-801 resulted to be two orders of magnitude lower than that previously calculated for the ChErb1-ChYtm1 interaction. Interestingly, disruption of the salt bridge by the R486A mutation was not sufficient to weaken the binding (KD∼7 nM) and only the electrostatic repulsion induced by the R486E change had an observable effect on the in vitro interaction between ChErb1 and ChYtm1
5F4E|||EA71A|||[hbond] [salt bridge] [electrostatic]|||----5f4e-nature18595.pdf|||There are also two intermolecular salt bridges (K163JUNO-E71IZUMO1 and E45JUNO-R160IZUMO1) and eight hydrogen bond interactions at the interface. However, all of these interactions are more than 3.0 Å apart, suggesting that they are weak.Upon binding to JUNO20-228, the L2 region E71 (orange) forms an electrostatic interaction with JUNO20-228 K163 (purple).Alanine and charge-reversal mutations of the intermolecular E71IZUMO1-K163JUNO salt bridge reduced the Kd by approximately twofold, suggesting that this ion pair has a minor role in binding.
5F4E|||EA71K|||[no mechanism]|||----5f4e-nature18595.pdf|||<add the quote from the paper>
5F4E|||EB45A|||[hbond] [salt bridge] [electrostatic]|||----5f4e-nature18595.pdf|||There are also two intermolecular salt bridges (K163JUNO-E71IZUMO1 and E45JUNO-R160IZUMO1) and eight hydrogen bond interactions at the interface. Mutations to the R160IZUMO1-E45JUNO intermolecular salt bridge result in a roughly 50-fold reduction in binding affinities, suggesting that this second electrostatic interaction has a major role in IZUMO1-JUNO recognition.Mutations to the R160IZUMO1-E45JUNO intermolecular salt bridge result in a roughly 50-fold reduction in binding affinities, suggesting that this second electrostatic interaction has a major role in IZUMO1-JUNO recognition.
5F4E|||EB45K|||[no mechanism]|||----5f4e-nature18595.pdf|||
5F4E|||HA157A|||[vanDerWaals] [Hydrophobic] [aromatic] [electrostatic]|||----5f4e-nature18595.pdf|||Notable reductions in binding (more than 20-fold) were also observed to result from mutations of IZUMO1 and JUNO residues that are conserved in most mammals (W148IZUMO1, H157IZUMO1, W62JUNO and L81JUNO). In fact, a mutation of W148IZUMO1 to alanine completely abolished IZUMO1-JUNO binding. These results agree well with the cell-oocyte binding assay presented in an accompanying crystal structure of the same complex. Together, the results of our mutagenesis study suggest that the interface is probably stabilized through the combined effects of multiple van der Waals, hydrophobic, aromatic and electrostatic interactions.
5F4E|||KB163A|||[hbond] [salt bridge] [electrostatic]|||----5f4e-nature18595.pdf|||There are also two intermolecular salt bridges (K163JUNO-E71IZUMO1 and E45JUNO-R160IZUMO1) and eight hydrogen bond interactions at the interface. However, all of these interactions are more than 3.0 Å apart, suggesting that they are weak.Upon binding to JUNO20-228, the L2 region E71 (orange) forms an electrostatic interaction with JUNO20-228 K163 (purple).Upon binding to JUNO20-228, a D72-Q130 hydrogen bond between IZUMO1 L2 and the 4HB α4 helix is disrupted to form a new intermolecular salt bridge (E71IZUMO1-K163JUNO) at the interface.Alanine and charge-reversal mutations of the intermolecular E71IZUMO1-K163JUNO salt bridge reduced the Kd by approximately twofold, suggesting that this ion pair has a minor role in binding.
5F4E|||KB163E|||[no mechanism]|||----5f4e-nature18595.pdf|||
5F4E|||LB81A|||[vanDerWaals] [Hydrophobic] [aromatic] [electrostatic]|||----5f4e-nature18595.pdf|||Notable reductions in binding (more than 20-fold) were also observed to result from mutations of IZUMO1 and JUNO residues that are conserved in most mammals (W148IZUMO1, H157IZUMO1, W62JUNO and L81JUNO). In fact, a mutation of W148IZUMO1 to alanine completely abolished IZUMO1-JUNO binding. These results agree well with the cell-oocyte binding assay presented in an accompanying crystal structure of the same complex18. Together, the results of our mutagenesis study suggest that the interface is probably stabilized through the combined effects of multiple van der Waals, hydrophobic, aromatic and electrostatic interactions.
5F4E|||RA160A|||[hbond] [salt bridge] [electrostatic]|||----5f4e-nature18595.pdf|||There are also two intermolecular salt bridges (K163JUNO-E71IZUMO1 and E45JUNO-R160IZUMO1) and eight hydrogen bond interactions at the interface. However, all of these interactions are more than 3.0 Å apart, suggesting that they are weak.Mutations to the R160IZUMO1-E45JUNO intermolecular salt bridge result in a roughly 50-fold reduction in binding affinities, suggesting that this second electrostatic interaction has a major role in IZUMO1-JUNO recognition.
5F4E|||RA160E|||[no mechanism]|||----5f4e-nature18595.pdf|||
5F4E|||WB62A|||[vanDerWaals] [Hydrophobic] [aromatic] [electrostatic]|||----5f4e-nature18595.pdf|||Notable reductions in binding (more than 20-fold) were also observed to result from mutations of IZUMO1 and JUNO residues that are conserved in most mammals (W148IZUMO1, H157IZUMO1, W62JUNO and L81JUNO). In fact, a mutation of W148IZUMO1 to alanine completely abolished IZUMO1-JUNO binding. These results agree well with the cell-oocyte binding assay presented in an accompanying crystal structure of the same complex18. Together, the results of our mutagenesis study suggest that the interface is probably stabilized through the combined effects of multiple van der Waals, hydrophobic, aromatic and electrostatic interactions.
5K39|||FB148A|||[low impact]|||----5k39-srep38292.pdf|||The Phe124Ala and Leu147Ala CipB XDoc variants also displayed no affinity for ScaC2 Coh (Table 1, Figure S3), while Phe148Ala and Ile154Ala exhibited relatively weak affinity for this Coh (Ka ~ 105-106 M−1, which were >104 lower than the wild-type protein
5K39|||IB154A|||[low impact]|||----5k39-srep38292.pdf|||The Phe124Ala and Leu147Ala CipB XDoc variants also displayed no affinity for ScaC2 Coh (Table 1, Figure S3), while Phe148Ala and Ile154Ala exhibited relatively weak affinity for this Coh (Ka ~ 105-106 M−1, which were >104 lower than the wild-type protein
5K39|||MB114A|||[low impact]|||----5k39-srep38292.pdf|||In contrast, Met114Ala, Met118Ala and Ser121Ala substitutions in CipB XDoc had little influence on affinity for both ScaE6 and ScaC2 Cohs.
5K39|||MB118A|||[low impact]|||----5k39-srep38292.pdf|||In contrast, Met114Ala, Met118Ala and Ser121Ala substitutions in CipB XDoc had little influence on affinity for both ScaE6 and ScaC2 Cohs.
5K39|||SB121A|||[low impact]|||----5k39-srep38292.pdf|||In contrast, Met114Ala, Met118Ala and Ser121Ala substitutions in CipB XDoc had little influence on affinity for both ScaE6 and ScaC2 Cohs.
5M2O|||EA84A|||[Hydrophobic]|||----5m2o-s41598-017-00919-w.pdf|||A large network of polar (Table 1) and hydrophobic interactions (Table S2) were identified at the RfCohScaB3-Doc1a and RfCohScaA-Doc1b complex interfaces. The interactions between α-helix-1 of the Docs and the R. flavefaciens Cohs are dominated by Ile-39, Ser-40, Val-43, Met-46, Gln-47 and Lys-54 of RfDoc1a and RfDoc1b and His-121/His-121, Ala-38/Ala-39, Leu-79/Leu-80 and Glu-84/Glu-85 of RfCohScaB3/RfCohScaA Cohs
5M2O|||HA121A|||[hbond]|||----5m2o-s41598-017-00919-w.pdf|||The hydrogen bond network established by α-helix 1 is dominated by the interaction of Ser-40, Gln-47 and Lys-54 with His-121/His-121, Asn-124/Asn-124 and Glu-84/Glu-85 of RfCohScaB3/RfCohScaA, respectively.
5M2O|||IB39A|||[Hydrophobic]|||----5m2o-s41598-017-00919-w.pdf|||Overall the data suggest that the residues that mostly influence RfCohScaB3-Doc1a interaction are Ile-39 and Val-43 at helix-1 of RfDoc1a and Ala-38 and Leu-79 located at the flat surface of RfCohScaB3 8-3-6-5 β-sheet. Thus it seems that hydrophobic interactions play a major role in RfCohScaB3-Doc1a assembly.With some exceptions, strong conservation was observed in the most important residues involved in Coh recognition, namely Ile-39, Val-43, Gln-47 in helix-1 and Gln-83 and Leu-87 in helix-3 (RfDoc1a residue numbering
5M2O|||KA77A|||[hbond] [salt bridge]|||----5m2o-s41598-017-00919-w.pdf|||In α-helix-3 the contacts are dominated by the important salt bridges established between Nε2 and Oε1 of Gln-83/Gln-91 of RfDoc1a/RfDoc1b with Oδ1 of Asn-75/Asn-76 and Nζ of Lys-77/Lys-78 of RfCohScaB3/RfCohScaA Cohs.
5M2O|||KB54A|||[low impact]|||----5m2o-s41598-017-00919-w.pdf|||The alanine substitution of RfDoc1a residues that participate in the hydrogen bond network with the Coh (namely Ser-40, Gln-47, Lys-54 and Gln-83) had little impact on affinity
5M2O|||LA79A|||[Hydrophobic]|||----5m2o-s41598-017-00919-w.pdf|||A significant reduction in the affinity of RfCohScaB3 for RfDoc1a was observed following the substitution of Ala-38 with Gln and Leu-79 with Ala, the two Coh residues that create the hydrophobic environment at the RfCohScaB3 platform that binds to RfDoc1a.
5M2O|||LB87A|||[Hydrophobic]|||----5m2o-s41598-017-00919-w.pdf|||The side chains of Leu-87/Leu-95 of RfDoc1a/RfDoc1b occupy the hydrophobic pocket created by Gly-73/Gly-74, Ile-71/Ile-72 and the aliphatic portion of Met-66/Met-67 of RfCohScaB3/RfCohScaA Cohs.With some exceptions, strong conservation was observed in the most important residues involved in Coh recognition, namely Ile-39, Val-43, Gln-47 in helix-1 and Gln-83 and Leu-87 in helix-3 (RfDoc1a residue numbering).
5M2O|||NA124A|||[Hydrophobic]|||----5m2o-s41598-017-00919-w.pdf|||The hydrogen bond network established by α-helix 1 is dominated by the interaction of Ser-40, Gln-47 and Lys-54 with His-121/His-121, Asn-124/Asn-124 and Glu-84/Glu-85 of RfCohScaB3/RfCohScaA, respectively.
5M2O|||NA124A|||[hbond]|||----5m2o-s41598-017-00919-w.pdf|||The highly hydrophobic character of α-helix-1 interaction is reinforced by the contacts established by Leu-44/Ile-44, Met-46/Met-46 and Ala-50/Ser-50 of RfDoc1a/RfDoc1b with RfCohScaB3/RfCohScaA Leu-79/Leu-80 and the aliphatic region of Asn-124 side-chain.
5M2O|||NA68A|||[no mechanism]||||||
5M2O|||NA75A|||[hbond] [salt bridge]|||----5m2o-s41598-017-00919-w.pdf|||In α-helix-3 the contacts are dominated by the important salt bridges established between Nε2 and Oε1 of Gln-83/Gln-91 of RfDoc1a/RfDoc1b with Oδ1 of Asn-75/Asn-76 and Nζ of Lys-77/Lys-78 of RfCohScaB3/RfCohScaA Cohs.
5M2O|||QB47A|||[low impact]|||----5m2o-s41598-017-00919-w.pdf|||The alanine substitution of RfDoc1a residues that participate in the hydrogen bond network with the Coh (namely Ser-40, Gln-47, Lys-54 and Gln-83) had little impact on affinity
5M2O|||QB83A|||[low impact]|||----5m2o-s41598-017-00919-w.pdf|||The alanine substitution of RfDoc1a residues that participate in the hydrogen bond network with the Coh (namely Ser-40, Gln-47, Lys-54 and Gln-83) had little impact on affinity
5M2O|||SB40A|||[low impact]|||----5m2o-s41598-017-00919-w.pdf|||The alanine substitution of RfDoc1a residues that participate in the hydrogen bond network with the Coh (namely Ser-40, Gln-47, Lys-54 and Gln-83) had little impact on affinity
5M2O|||VB43A|||[Hydrophobic]|||----5m2o-s41598-017-00919-w.pdf|||A large network of polar (Table 1) and hydrophobic interactions were identified at the RfCohScaB3-Doc1a and RfCohScaA-Doc1b complex interfaces.The interactions between α-helix-1 of the Docs and the R. flavefaciens Cohs are dominated by Ile-39, Ser-40, Val-43, Met-46, Gln-47 and Lys-54 of RfDoc1a and RfDoc1b and His-121/His-121, Ala-38/Ala-39, Leu-79/Leu-80 and Glu-84/Glu-85 of RfCohScaB3/RfCohScaA Cohs, respectively.With some exceptions, strong conservation was observed in the most important residues involved in Coh recognition, namely Ile-39, Val-43, Gln-47 in helix-1 and Gln-83 and Leu-87 in helix-3 (RfDoc1a residue numbering)
5TAR|||EB88A|||[hbond] [state what mechanism affects the mutation]|||----5tar-pnas.1615316113.pdf|||Only the E88A mutation showed fivefold weaker binding to KRAS4b-FMe. Examination of the interactions mediated by E88 shows formation of multiple hydrogen bonds with side chain atoms of S181 and main chain atoms of T183, supporting the weaker binding for this point mutant.
5TAR|||QB116A|||[low impact]|||----5tar-pnas.1615316113.pdf|||To understand the role of various PDEδ residues in the interaction with the farnesyl and methyl groups of KRAS4b, we selected eight different PDEδ residues based on the KRAS4b-PDEδ complex structure (F15, M20, W32, E88, W90, Q116, I129, and F133) and mutated those individually to alanine. Surprisingly, most of these mutants could bind to KRAS4b-FMe with close to WT affinity, suggesting that single-amino acid substitutions of these amino acids into alanine do not substantially affect the interaction between KRAS4b and PDEδ (Fig. 4C and Fig. S4 B-H). Only the E88A mutation showed fivefold weaker binding to KRAS4b-FMe.
5TAR|||QB116A||||||--- add a brief description of the function of the complex.  Usually you can cut and paste from the abstract.  Example:|||
5TAR|||WB90A|||[low impact]|||----5tar-pnas.1615316113.pdf|||To understand the role of various PDEδ residues in the interaction with the farnesyl and methyl groups of KRAS4b, we selected eight different PDEδ residues based on the KRAS4b-PDEδ complex structure (F15, M20, W32, E88, W90, Q116, I129, and F133) and mutated those individually to alanine. Surprisingly, most of these mutants could bind to KRAS4b-FMe with close to WT affinity, suggesting that single-amino acid substitutions of these amino acids into alanine do not substantially affect the interaction between KRAS4b and PDEδ (Fig. 4C and Fig. S4 B-H). Only the E88A mutation showed fivefold weaker binding to KRAS4b-FMe.
5UFE|||QB27R|||[no mechanism] [state what mechanism affects the mutation]|||----5ufe-s41598-017-05889-7.pdf|||<add the quote from the paper>
5XCO|||LB7A|||[hbond]|||----5xco-000.pdf|||The main-chain nitrogen and oxygen of Leu7 form hydrogen bonds with the side-chain oxygen and nitrogen of Gln99 in the α3 helix, respectively.
5XCO|||PB6A|||[Hydrophobic]|||----5xco-000.pdf|||The side chain of Pro6 interacts hydrophobically with the side chain of Tyr96 in the α3 helix.
5XCO|||SB10A|||[hbond]|||----5xco-000.pdf|||The main-chain nitrogen and side-chain oxygen of Ser10 interact via hydrogen bonding with the side-chain oxygens of Asp69 in the α2 helix.
5XCO|||VB14A|||[vanDerWaals]|||----5xco-000.pdf|||The side chain of Val14 interacts via van der Waals stacking with the side chain of Arg102.
5XCO|||YB11A|||[hbond] [hbond-waterMediated]|||----5xco-000.pdf|||The side chain of Tyr11 forms a water-mediated hydrogen bond with the main-chain oxygen of Val103 in the α3 helix.
5XCO|||YB8A|||[hbond]|||----5xco-000.pdf|||The main-chain nitrogen and oxygen of Tyr8 form hydrogen bonds with the main-chain oxygen of Gln61 and the side-chain nitrogen of Arg68 in the α2 helix, respectively.
